23,0,0.555556,69,,0,0
23,0.555556,0.00810185833333332,69,,0,0
23,1.111112,0.00810185833333343,69,,0,0
-4,1.666668,1.666668,-1,0,1,0
-1,1.666668,1.656668,-1,5,1,0
40,1.666668,0.563657858333334,69,,1,0
47,2.222224,0.550926366666666,57,,1,0
52,2.222224,0.550926366666666,61,,1,0
52,2.77778,0.546296733333333,49,,1,0
56,2.77778,0.546296733333333,63,,1,0
-4,3.333336,1.666668,-1,0,2,0
-1,3.333336,1.656668,-1,5,2,0
40,3.333336,0.567130083333333,69,,2,0
47,3.888892,0.550926366666666,57,,2,0
52,3.888892,0.550926366666666,61,,2,0
52,4.444448,0.546296733333334,49,,2,0
56,4.444448,0.546296733333334,63,,2,0
-4,5.000004,1.666668,-1,0,3,0
-1,5.000004,1.656668,-1,5,3,0
40,5.000004,0.567130083333334,69,,3,0
47,5.55556,0.550926366666666,57,,3,0
52,5.55556,0.550926366666666,61,,3,0
52,6.111116,0.546296733333334,49,,3,0
56,6.111116,0.546296733333334,63,,3,0
-4,6.666672,1.666668,-1,0,4,0
-1,6.666672,1.656668,-1,5,4,0
40,6.666672,0.567130083333334,69,,4,0
47,7.222228,0.550926366666667,57,,4,0
52,7.222228,0.550926366666667,61,,4,0
52,7.777784,0.546296733333332,49,,4,0
56,7.777784,0.546296733333332,63,,4,0
64,7.777784,0.255787241666667,67,,4,0
66,8.055562,0.256944649999999,64,,4,0
-4,8.33334,1.666668,-1,0,5,0
-1,8.33334,1.656668,-1,5,5,0
40,8.33334,0.567130083333332,69,,5,0
68,8.33334,0.276620591666667,69,,5,0
64,8.611118,0.258102058333334,64,,5,0
47,8.888896,0.550926366666666,57,,5,0
52,8.888896,0.550926366666666,65,,5,0
71,8.888896,0.822917324999999,65,,5,0
52,9.444452,0.546296733333332,53,,5,0
56,9.444452,0.546296733333332,67,,5,0
68,9.72223,0.256944649999999,64,,5,0
-4,10.000008,1.666668,-1,0,6,0
-1,10.000008,1.656668,-1,5,6,0
39,10.000008,0.567130083333332,69,,6,0
66,10.000008,0.567130083333332,69,,6,0
51,10.555564,0.550926366666666,51,,6,0
54,10.555564,0.550926366666666,65,,6,0
71,10.555564,0.550926366666666,65,,6,0
54,11.11112,0.546296733333334,53,,6,0
59,11.11112,0.546296733333334,73,,6,0
66,11.11112,0.546296733333334,67,,6,0
-4,11.666676,1.666668,-1,0,7,0
-1,11.666676,1.656668,-1,5,7,0
37,11.666676,0.567130083333332,69,,7,0
64,11.666676,0.276620591666667,69,,7,0
61,11.944454,0.258102058333334,64,,7,0
44,12.222232,0.550926366666666,57,,7,0
52,12.222232,0.550926366666666,65,,7,0
68,12.222232,0.822917324999999,65,,7,0
52,12.777788,0.546296733333332,53,,7,0
56,12.777788,0.546296733333332,67,,7,0
64,13.055566,0.256944649999999,64,,7,0
-4,13.333344,1.666668,-1,0,8,0
-1,13.333344,1.656668,-1,5,8,0
44,13.333344,0.567130083333332,69,,8,0
63,13.333344,1.111112,64,,8,0
51,13.8889,0.550926366666666,51,,8,0
56,13.8889,0.550926366666666,65,,8,0
56,14.444456,0.546296733333334,61,,8,0
63,14.444456,0.00694445000000066,67,,8,0
-4,15.000012,1.666668,-1,0,9,0
-1,15.000012,1.656668,-1,5,9,0
45,15.000012,0.567130083333332,69,,9,0
61,15.000012,0.567130083333332,69,,9,0
52,15.555568,0.550926366666667,51,,9,0
57,15.555568,0.550926366666667,65,,9,0
63,15.555568,0.550926366666667,65,,9,0
57,16.111124,0.546296733333335,61,,9,0
64,16.111124,0.255787241666667,67,,9,0
66,16.388902,0.256944650000001,64,,9,0
-4,16.66668,1.666668,-1,0,10,0
-1,16.66668,1.656668,-1,5,10,0
44,16.66668,0.567130083333332,69,,10,0
59,16.66668,0.567130083333332,69,,10,0
52,17.222236,0.550926366666666,51,,10,0
56,17.222236,0.550926366666666,65,,10,0
64,17.222236,0.550926366666666,65,,10,0
56,17.777792,0.546296733333335,61,,10,0
66,17.777792,0.255787241666667,67,,10,0
68,18.05557,0.256944650000001,64,,10,0
-4,18.333348,1.666668,-1,0,11,0
-1,18.333348,1.656668,-1,5,11,0
42,18.333348,0.567130083333332,69,,11,0
69,18.333348,0.555555999999999,69,,11,0
54,18.888904,0.550926366666666,51,,11,0
57,18.888904,0.550926366666666,65,,11,0
69,18.888904,0.0115740833333327,65,,11,0
68,19.166682,0.258102058333332,64,,11,0
57,19.44446,0.546296733333335,61,,11,0
66,19.44446,0.255787241666667,67,,11,0
64,19.722238,0.256944650000001,64,,11,0
-4,20.000016,1.666668,-1,0,12,0
-1,20.000016,1.656668,-1,5,12,0
47,20.000016,0.567130083333332,69,,12,0
66,20.000016,1.11805645,64,,12,0
51,20.555572,0.550926366666666,51,,12,0
54,20.555572,0.550926366666666,65,,12,0
54,21.111128,0.546296733333335,46,,12,0
59,21.111128,0.546296733333335,66,,12,0
64,21.111128,0.255787241666667,67,,12,0
66,21.388906,0.256944650000001,64,,12,0
-4,21.666684,1.666668,-1,0,13,0
-1,21.666684,1.656668,-1,5,13,0
40,21.666684,0.567130083333332,69,,13,0
68,21.666684,0.276620591666667,69,,13,0
64,21.944462,0.258102058333332,64,,13,0
47,22.22224,0.550926366666666,57,,13,0
52,22.22224,0.550926366666666,58,,13,0
71,22.22224,0.822917324999999,65,,13,0
52,22.777796,0.546296733333332,46,,13,0
56,22.777796,0.546296733333332,60,,13,0
68,23.055574,0.256944650000001,64,,13,0
-4,23.333352,1.666668,-1,0,14,0
-1,23.333352,1.656668,-1,5,14,0
47,23.333352,0.567130083333332,69,,14,0
66,23.333352,0.567130083333332,69,,14,0
51,23.888908,0.550926366666666,51,,14,0
54,23.888908,0.550926366666666,58,,14,0
71,23.888908,0.550926366666666,65,,14,0
54,24.444464,0.546296733333332,46,,14,0
59,24.444464,0.546296733333332,66,,14,0
66,24.444464,0.546296733333332,67,,14,0
-4,25.00002,1.666668,-1,0,15,0
-1,25.00002,1.656668,-1,5,15,0
49,25.00002,0.567130083333332,63,,15,0
64,25.00002,0.276620591666667,69,,15,0
61,25.277798,0.274305774999998,64,,15,0
52,25.555576,0.550926366666666,50,,15,0
56,25.555576,0.550926366666666,64,,15,0
61,25.555576,0.550926366666666,65,,15,0
56,26.111132,0.546296733333335,60,,15,0
63,26.111132,0.255787241666667,67,,15,0
64,26.38891,0.256944650000001,64,,15,0
-4,26.666688,1.666668,-1,0,16,0
-1,26.666688,1.656668,-1,5,16,0
44,26.666688,0.567130083333332,69,,16,0
59,26.666688,1.11805645,57,,16,0
47,27.222244,0.550926366666666,57,,16,0
51,27.222244,0.550926366666666,66,,16,0
51,27.7778,0.546296733333332,59,,16,0
56,27.7778,0.546296733333332,66,,16,0
59,28.055578,0.256944650000001,57,,16,0
-4,28.333356,1.666668,-1,0,17,0
-1,28.333356,1.656668,-1,5,17,0
45,28.333356,0.567130083333332,69,,17,0
61,28.333356,0.567130083333332,69,,17,0
52,28.888912,1.0972231,49,,17,0
57,28.888912,1.0972231,63,,17,0
63,28.888912,0.550926366666666,65,,17,0
64,29.444468,0.255787241666667,67,,17,0
66,29.722246,0.256944650000001,64,,17,0
-4,30.000024,1.666668,-1,0,18,0
-1,30.000024,1.656668,-1,5,18,0
44,30.000024,0.567130083333332,69,,18,0
59,30.000024,0.567130083333332,62,,18,0
52,30.55558,1.0972231,49,,18,0
56,30.55558,1.0972231,63,,18,0
64,30.55558,0.550926366666666,65,,18,0
66,31.111136,0.255787241666667,67,,18,0
68,31.388914,0.256944650000001,64,,18,0
-4,31.666692,1.666668,-1,0,19,0
-1,31.666692,1.656668,-1,5,19,0
42,31.666692,0.567130083333335,69,,19,0
69,31.666692,0.555555999999999,69,,19,0
49,32.222248,0.550926366666673,57,,19,0
54,32.222248,0.550926366666673,64,,19,0
69,32.222248,0.0115740833333362,65,,19,0
68,32.500026,0.258102058333336,64,,19,0
35,32.777804,0.546296733333328,67,,19,0
66,32.777804,0.255787241666667,67,,19,0
64,33.055582,0.274305774999995,64,,19,0
-4,33.33336,1.66666800000001,-1,0,20,0
-1,33.33336,1.65666800000001,-1,5,20,0
40,33.33336,0.567130083333339,69,,20,0
64,33.33336,1.11805645,64,,20,0
47,33.888916,0.550926366666673,57,,20,0
52,33.888916,0.550926366666673,64,,20,0
52,34.444472,0.546296733333335,52,,20,0
56,34.444472,0.546296733333335,66,,20,0
-4,35.000028,1.66666800000001,-1,0,21,0
-1,35.000028,1.65666800000001,-1,5,21,0
40,35.000028,0.567130083333339,69,,21,0
47,35.555584,0.550926366666673,57,,21,0
52,35.555584,0.550926366666673,64,,21,0
52,36.11114,0.546296733333335,52,,21,0
56,36.11114,0.546296733333335,66,,21,0
68,36.11114,0.255787241666667,67,,21,0
69,36.388918,0.256944650000001,64,,21,0
-4,36.666696,1.66666800000001,-1,0,22,0
-1,36.666696,1.65666800000001,-1,5,22,0
40,36.666696,0.567130083333339,69,,22,0
68,36.666696,0.567130083333339,69,,22,0
71,36.666696,0.555556000000003,69,,22,0
47,37.222252,0.550926366666673,57,,22,0
52,37.222252,0.550926366666673,64,,22,0
71,37.222252,0.0115740833333362,65,,22,0
83,37.222252,0.25925946666667,65,,22,0
81,37.50003,0.258102058333336,64,,22,0
52,37.777808,0.546296733333335,52,,22,0
56,37.777808,0.546296733333335,66,,22,0
71,37.777808,0.546296733333335,67,,22,0
80,37.777808,0.255787241666667,67,,22,0
81,38.055586,0.256944650000001,64,,22,0
-4,38.333364,1.66666800000001,-1,0,23,0
-1,38.333364,1.65666800000001,-1,5,23,0
39,38.333364,0.567130083333339,69,,23,0
71,38.333364,0.555556000000003,69,,23,0
83,38.333364,1.66435318333334,64,,23,0
51,38.88892,0.550926366666673,57,,23,0
54,38.88892,0.550926366666673,56,,23,0
71,38.88892,0.0115740833333362,65,,23,0
73,39.166698,0.258102058333336,64,,23,0
54,39.444476,0.546296733333335,51,,23,0
59,39.444476,0.546296733333335,65,,23,0
71,39.444476,0.255787241666667,67,,23,0
69,39.722254,0.256944650000001,64,,23,0
-4,40.000032,1.66666800000001,-1,0,24,0
-1,40.000032,1.65666800000001,-1,5,24,0
37,40.000032,0.567130083333339,69,,24,0
68,40.000032,0.555556000000003,69,,24,0
68,40.000032,0,69,,24,0
56,40.555588,0.550926366666673,60,,24,0
64,40.555588,0.550926366666673,63,,24,0
68,40.555588,0.0115740833333362,65,,24,0
76,40.555588,0.25925946666667,65,,24,0
75,40.833366,0.258102058333336,64,,24,0
61,41.111144,0.546296733333335,62,,24,0
64,41.111144,0.546296733333335,65,,24,0
68,41.111144,0.546296733333335,67,,24,0
76,41.111144,0.255787241666667,67,,24,0
78,41.388922,0.256944650000001,64,,24,0
-4,41.6667,1.66666800000001,-1,0,25,0
-1,41.6667,1.65666800000001,-1,5,25,0
44,41.6667,0.567130083333339,69,,25,0
68,41.6667,0.555556000000003,69,,25,0
80,41.6667,1.66435318333334,64,,25,0
51,42.222256,0.550926366666673,57,,25,0
56,42.222256,0.550926366666673,63,,25,0
68,42.222256,0.0115740833333362,65,,25,0
69,42.500034,0.258102058333336,64,,25,0
56,42.777812,0.546296733333335,51,,25,0
59,42.777812,0.546296733333335,65,,25,0
68,42.777812,0.255787241666667,67,,25,0
66,43.05559,0.256944650000001,64,,25,0
-4,43.3333680000001,1.66666800000001,-1,0,26,0
-1,43.3333680000001,1.65666800000001,-1,5,26,0
45,43.3333680000001,0.567130083333339,69,,26,0
64,43.3333680000001,0.555556000000003,69,,26,0
52,43.8889240000001,0.550926366666673,49,,26,0
57,43.8889240000001,0.550926366666673,63,,26,0
64,43.8889240000001,0.0115740833333362,65,,26,0
57,44.4444800000001,0.546296733333335,59,,26,0
64,44.4444800000001,0.255787241666667,67,,26,0
63,44.7222580000001,0.256944650000001,64,,26,0
-4,45.0000360000001,1.66666800000001,-1,0,27,0
-1,45.0000360000001,1.65666800000001,-1,5,27,0
44,45.0000360000001,0.567130083333339,69,,27,0
61,45.0000360000001,0.567130083333339,61,,27,0
51,45.5555920000001,0.550926366666673,57,,27,0
56,45.5555920000001,0.550926366666673,63,,27,0
63,45.5555920000001,0.550926366666673,65,,27,0
56,46.1111480000001,0.546296733333335,59,,27,0
63,46.1111480000001,0.255787241666667,67,,27,0
64,46.3889260000001,0.256944650000001,64,,27,0
-4,46.6667040000001,1.66666800000001,-1,0,28,0
-1,46.6667040000001,1.65666800000001,-1,5,28,0
42,46.6667040000001,0.567130083333339,69,,28,0
66,46.6667040000001,0.555556000000003,69,,28,0
54,47.2222600000001,0.550926366666673,49,,28,0
57,47.2222600000001,0.550926366666673,63,,28,0
66,47.2222600000001,0.0115740833333362,65,,28,0
68,47.5000380000001,0.258102058333336,64,,28,0
57,47.7778160000001,0.546296733333335,59,,28,0
66,47.7778160000001,0.255787241666667,67,,28,0
68,48.0555940000001,0.256944650000001,64,,28,0
-4,48.3333720000001,1.66666800000001,-1,0,29,0
-1,48.3333720000001,1.65666800000001,-1,5,29,0
47,48.3333720000001,0.567130083333339,69,,29,0
66,48.3333720000001,1.11805645,64,,29,0
51,48.8889280000001,0.550926366666673,57,,29,0
54,48.8889280000001,0.550926366666673,63,,29,0
54,49.4444840000001,0.546296733333335,51,,29,0
59,49.4444840000001,0.546296733333335,65,,29,0
68,49.4444840000001,0.255787241666667,67,,29,0
69,49.7222620000001,0.256944650000001,64,,29,0
-4,50.0000400000001,1.66666800000001,-1,0,30,0
-1,50.0000400000001,1.65666800000001,-1,5,30,0
40,50.0000400000001,0.567130083333339,69,,30,0
68,50.0000400000001,0.567130083333339,69,,30,0
71,50.0000400000001,0.555556000000003,69,,30,0
47,50.5555960000001,0.550926366666673,57,,30,0
52,50.5555960000001,0.550926366666673,63,,30,0
71,50.5555960000001,0.0115740833333362,65,,30,0
83,50.5555960000001,0.25925946666667,65,,30,0
81,50.8333740000001,0.258102058333336,64,,30,0
52,51.1111520000001,0.546296733333335,46,,30,0
56,51.1111520000001,0.546296733333335,60,,30,0
71,51.1111520000001,0.546296733333335,67,,30,0
80,51.1111520000001,0.255787241666667,67,,30,0
81,51.3889300000001,0.256944650000001,64,,30,0
-4,51.6667080000001,1.66666800000001,-1,0,31,0
-1,51.6667080000001,1.65666800000001,-1,5,31,0
39,51.6667080000001,0.567130083333339,69,,31,0
71,51.6667080000001,0.555556000000003,69,,31,0
83,51.6667080000001,1.66435318333334,64,,31,0
51,52.2222640000001,0.550926366666673,52,,31,0
54,52.2222640000001,0.550926366666673,66,,31,0
71,52.2222640000001,0.0115740833333362,65,,31,0
73,52.5000420000001,0.258102058333336,64,,31,0
54,52.7778200000001,0.546296733333335,54,,31,0
59,52.7778200000001,0.546296733333335,73,,31,0
71,52.7778200000001,0.255787241666667,67,,31,0
69,53.0555980000001,0.256944650000001,64,,31,0
-4,53.3333760000001,1.66666800000001,-1,0,32,0
-1,53.3333760000001,1.65666800000001,-1,5,32,0
37,53.3333760000001,0.567130083333339,69,,32,0
68,53.3333760000001,0.555556000000003,69,,32,0
68,53.3333760000001,0,69,,32,0
56,53.8889320000001,0.550926366666673,63,,32,0
64,53.8889320000001,0.550926366666673,63,,32,0
68,53.8889320000001,0.0115740833333362,65,,32,0
76,53.8889320000001,0.25925946666667,65,,32,0
75,54.1667100000001,0.258102058333336,64,,32,0
61,54.4444880000001,0.546296733333335,70,,32,0
64,54.4444880000001,0.546296733333335,65,,32,0
68,54.4444880000001,0.546296733333335,67,,32,0
76,54.4444880000001,0.255787241666667,67,,32,0
78,54.7222660000001,0.256944650000001,64,,32,0
-4,55.0000440000001,1.66666800000001,-1,0,33,0
-1,55.0000440000001,1.65666800000001,-1,5,33,0
44,55.0000440000001,0.567130083333339,69,,33,0
68,55.0000440000001,0.276620591666664,69,,33,0
80,55.0000440000001,1.66435318333334,64,,33,0
69,55.2778220000001,0.258102058333336,64,,33,0
51,55.5556000000001,0.550926366666673,52,,33,0
56,55.5556000000001,0.550926366666673,66,,33,0
68,55.5556000000001,0.25925946666667,65,,33,0
66,55.8333780000001,0.258102058333336,64,,33,0
56,56.1111560000001,0.546296733333335,54,,33,0
59,56.1111560000001,0.546296733333335,73,,33,0
64,56.1111560000001,0.255787241666667,67,,33,0
63,56.3889340000001,0.256944650000001,64,,33,0
-4,56.6667120000001,1.66666800000001,-1,0,34,0
-1,56.6667120000001,1.65666800000001,-1,5,34,0
45,56.6667120000001,0.567130083333339,69,,34,0
61,56.6667120000001,0.555556000000003,69,,34,0
52,57.2222680000001,0.550926366666673,52,,34,0
57,57.2222680000001,0.550926366666673,66,,34,0
61,57.2222680000001,0.0115740833333362,65,,34,0
63,57.5000460000001,0.258102058333336,64,,34,0
57,57.7778240000001,0.546296733333335,62,,34,0
64,57.7778240000001,0.255787241666667,67,,34,0
66,58.0556020000001,0.256944650000001,64,,34,0
-4,58.3333800000001,1.66666800000001,-1,0,35,0
-1,58.3333800000001,1.65666800000001,-1,5,35,0
44,58.3333800000001,0.567130083333339,69,,35,0
59,58.3333800000001,0.567130083333339,69,,35,0
52,58.8889360000001,0.550926366666673,52,,35,0
56,58.8889360000001,0.550926366666673,66,,35,0
64,58.8889360000001,0.550926366666673,65,,35,0
56,59.4444920000001,0.546296733333335,62,,35,0
66,59.4444920000001,0.255787241666667,67,,35,0
68,59.7222700000001,0.256944650000001,64,,35,0
-4,60.0000480000001,1.66666800000001,-1,0,36,0
-1,60.0000480000001,1.65666800000001,-1,5,36,0
42,60.0000480000001,0.567130083333339,69,,36,0
66,60.0000480000001,0.833334000000008,69,,36,0
49,60.5556040000001,0.550926366666673,57,,36,0
54,60.5556040000001,0.550926366666673,66,,36,0
66,60.8333820000001,0.0104166750000019,64,,36,0
54,61.1111600000001,0.546296733333328,62,,36,0
66,61.1111600000001,0.255787241666667,67,,36,0
64,61.3889380000001,0.274305774999995,64,,36,0
-4,61.6667160000001,1.66666800000001,-1,0,37,0
-1,61.6667160000001,1.65666800000001,-1,5,37,0
40,61.6667160000001,0.567130083333339,69,,37,0
64,61.6667160000001,1.11805645,64,,37,0
47,62.2222720000001,0.550926366666673,57,,37,0
52,62.2222720000001,0.550926366666673,66,,37,0
52,62.7778280000001,0.546296733333335,54,,37,0
56,62.7778280000001,0.546296733333335,68,,37,0
-4,63.3333840000002,1.666668,-1,0,38,0
-1,63.3333840000002,1.656668,-1,5,38,0
40,63.3333840000002,0.567130083333339,69,,38,0
47,63.8889400000002,0.550926366666666,57,,38,0
52,63.8889400000002,0.550926366666666,66,,38,0
52,64.4444960000002,0.546296733333335,54,,38,0
56,64.4444960000002,0.546296733333335,68,,38,0
-4,65.0000520000002,1.66666799999997,-1,0,39,0
-1,65.0000520000002,1.65666799999997,-1,5,39,0
40,65.0000520000002,0.567130083333325,69,,39,0
47,65.5556080000001,0.550926366666658,57,,39,0
52,65.5556080000001,0.550926366666658,66,,39,0
52,66.1111640000001,0.546296733333321,54,,39,0
56,66.1111640000001,0.546296733333321,68,,39,0
64,66.1111640000001,0.255787241666667,67,,39,0
66,66.3889420000001,0.256944649999994,64,,39,0
-4,66.6667200000001,1.66666799999999,-1,0,40,0
-1,66.6667200000001,1.65666799999999,-1,5,40,0
28,66.6667200000001,0.694445000000002,60,,40,0
68,66.6667200000001,0.276620591666671,69,,40,0
64,66.9444980000001,0.258102058333336,64,,40,0
47,67.2222760000001,0.550926366666673,57,,40,0
52,67.2222760000001,0.550926366666673,71,,40,0
71,67.2222760000001,0.822917325000006,65,,40,0
52,67.7778320000001,0.546296733333321,59,,40,0
56,67.7778320000001,0.546296733333321,73,,40,0
68,68.0556100000001,0.256944649999994,64,,40,0
-4,68.3333880000001,1.66666799999999,-1,0,41,0
-1,68.3333880000001,1.65666799999999,-1,5,41,0
27,68.3333880000001,0.694444999999988,60,,41,0
66,68.3333880000001,0.567130083333325,69,,41,0
51,68.8889440000001,0.550926366666658,57,,41,0
54,68.8889440000001,0.550926366666658,64,,41,0
71,68.8889440000001,0.550926366666658,65,,41,0
54,69.4445000000001,0.546296733333335,52,,41,0
59,69.4445000000001,0.546296733333335,66,,41,0
66,69.4445000000001,0.546296733333335,67,,41,0
-4,70.0000560000001,1.66666799999999,-1,0,42,0
-1,70.0000560000001,1.65666799999999,-1,5,42,0
25,70.0000560000001,0.694445000000002,60,,42,0
64,70.0000560000001,0.276620591666671,69,,42,0
61,70.2778340000001,0.258102058333336,64,,42,0
44,70.5556120000001,0.550926366666673,57,,42,0
52,70.5556120000001,0.550926366666673,64,,42,0
68,70.5556120000001,0.822917325000006,65,,42,0
52,71.1111680000001,0.546296733333321,52,,42,0
56,71.1111680000001,0.546296733333321,66,,42,0
64,71.3889460000001,0.256944649999994,64,,42,0
-4,71.6667240000001,1.66666799999999,-1,0,43,0
-1,71.6667240000001,1.65666799999999,-1,5,43,0
32,71.6667240000001,0.694445000000002,61,,43,0
63,71.6667240000001,1.11805645000001,64,,43,0
51,72.2222800000001,0.550926366666673,57,,43,0
56,72.2222800000001,0.550926366666673,64,,43,0
56,72.7778360000001,0.546296733333321,60,,43,0
64,72.7778360000001,0.255787241666667,67,,43,0
63,73.0556140000001,0.256944649999994,64,,43,0
-4,73.3333920000001,1.66666799999997,-1,0,44,0
-1,73.3333920000001,1.65666799999997,-1,5,44,0
33,73.3333920000001,0.694444999999988,61,,44,0
61,73.3333920000001,0.567130083333325,69,,44,0
52,73.8889480000001,0.550926366666658,50,,44,0
57,73.8889480000001,0.550926366666658,64,,44,0
63,73.8889480000001,0.550926366666658,65,,44,0
57,74.4445040000001,0.546296733333321,60,,44,0
64,74.4445040000001,0.255787241666667,67,,44,0
66,74.7222820000001,0.256944649999994,64,,44,0
-4,75.00006,1.66666799999997,-1,0,45,0
-1,75.00006,1.65666799999997,-1,5,45,0
32,75.00006,0.694444999999988,61,,45,0
59,75.00006,0.567130083333325,62,,45,0
52,75.555616,0.550926366666658,50,,45,0
56,75.555616,0.550926366666658,64,,45,0
64,75.555616,0.550926366666658,65,,45,0
56,76.111172,0.546296733333321,60,,45,0
66,76.111172,0.255787241666667,67,,45,0
68,76.38895,0.256944649999994,64,,45,0
-4,76.666728,1.66666799999999,-1,0,46,0
-1,76.666728,1.65666799999999,-1,5,46,0
30,76.666728,0.694444999999988,61,,46,0
69,76.666728,0.555555999999996,69,,46,0
54,77.222284,0.550926366666673,50,,46,0
57,77.222284,0.550926366666673,64,,46,0
69,77.222284,0.0115740833333291,65,,46,0
68,77.500062,0.258102058333336,64,,46,0
57,77.77784,0.546296733333321,60,,46,0
66,77.77784,0.255787241666667,67,,46,0
64,78.055618,0.256944649999994,64,,46,0
-4,78.333396,1.66666799999999,-1,0,47,0
-1,78.333396,1.65666799999999,-1,5,47,0
35,78.333396,0.694445000000002,61,,47,0
66,78.333396,1.11805645000001,64,,47,0
51,78.888952,0.550926366666673,57,,47,0
54,78.888952,0.550926366666673,64,,47,0
54,79.444508,0.546296733333321,52,,47,0
59,79.444508,0.546296733333321,66,,47,0
64,79.444508,0.255787241666667,67,,47,0
66,79.722286,0.256944649999994,64,,47,0
-4,80.000064,1.66666799999997,-1,0,48,0
-1,80.000064,1.65666799999997,-1,5,48,0
28,80.000064,0.567130083333325,61,,48,0
68,80.000064,0.276620591666671,69,,48,0
64,80.277842,0.258102058333336,64,,48,0
47,80.55562,0.550926366666658,57,,48,0
52,80.55562,0.550926366666658,64,,48,0
71,80.55562,0.822917324999992,65,,48,0
52,81.111176,0.546296733333321,52,,48,0
56,81.111176,0.546296733333321,66,,48,0
68,81.388954,0.256944649999994,64,,48,0
-4,81.666732,1.66666799999999,-1,0,49,0
-1,81.666732,1.65666799999999,-1,5,49,0
35,81.666732,0.567130083333325,62,,49,0
66,81.666732,0.567130083333325,69,,49,0
51,82.222288,0.550926366666658,57,,49,0
54,82.222288,0.550926366666658,64,,49,0
71,82.222288,0.550926366666658,65,,49,0
54,82.777844,0.546296733333335,59,,49,0
59,82.777844,0.546296733333335,73,,49,0
66,82.777844,0.546296733333335,67,,49,0
-4,83.3334,1.66666799999997,-1,0,50,0
-1,83.3334,1.65666799999997,-1,5,50,0
37,83.3334,0.567130083333325,62,,50,0
64,83.3334,0.276620591666671,69,,50,0
61,83.611178,0.274305775000002,64,,50,0
52,83.888956,0.550926366666658,57,,50,0
56,83.888956,0.550926366666658,71,,50,0
61,83.888956,0.550926366666658,65,,50,0
56,84.4445119999999,0.546296733333321,67,,50,0
63,84.4445119999999,0.255787241666667,67,,50,0
64,84.7222899999999,0.256944649999994,64,,50,0
-4,85.0000679999999,1.66666799999999,-1,0,51,0
-1,85.0000679999999,1.65666799999999,-1,5,51,0
32,85.0000679999999,0.567130083333325,62,,51,0
59,85.0000679999999,1.11111199999999,64,,51,0
47,85.5556239999999,0.550926366666658,57,,51,0
51,85.5556239999999,0.550926366666658,64,,51,0
51,86.1111799999999,0.546296733333335,52,,51,0
56,86.1111799999999,0.546296733333335,66,,51,0
59,86.1111799999999,0.00694445000000599,67,,51,0
-4,86.6667359999999,1.66666799999999,-1,0,52,0
-1,86.6667359999999,1.65666799999999,-1,5,52,0
33,86.6667359999999,0.567130083333325,62,,52,0
61,86.6667359999999,0.567130083333325,69,,52,0
49,87.2222919999999,1.09722309999999,56,,52,0
52,87.2222919999999,1.09722309999999,63,,52,0
63,87.2222919999999,0.550926366666658,65,,52,0
64,87.7778479999999,0.255787241666667,67,,52,0
66,88.0556259999999,0.256944649999994,64,,52,0
-4,88.3334039999999,1.66666799999999,-1,0,53,0
-1,88.3334039999999,1.65666799999999,-1,5,53,0
32,88.3334039999999,0.567130083333325,64,,53,0
59,88.3334039999999,0.567130083333325,69,,53,0
47,88.8889599999999,1.09722309999999,51,,53,0
52,88.8889599999999,1.09722309999999,63,,53,0
64,88.8889599999999,0.550926366666658,65,,53,0
66,89.4445159999999,0.255787241666667,67,,53,0
68,89.7222939999999,0.256944649999994,64,,53,0
-4,90.0000719999999,1.666668,-1,0,54,0
-1,90.0000719999999,1.656668,-1,5,54,0
30,90.0000719999999,0.567130083333325,60,,54,0
69,90.0000719999999,0.555555999999996,69,,54,0
49,90.5556279999999,0.550926366666673,57,,54,0
54,90.5556279999999,0.550926366666673,64,,54,0
69,90.5556279999999,0.0115740833333291,65,,54,0
68,90.8334059999999,0.258102058333336,64,,54,0
35,91.1111839999999,0.546296733333335,62,,54,0
66,91.1111839999999,0.255787241666667,67,,54,0
64,91.3889619999999,0.274305775000002,64,,54,0
-4,91.6667399999999,1.66666799999999,-1,0,55,0
-1,91.6667399999999,1.65666799999999,-1,5,55,0
40,91.6667399999999,0.567130083333325,64,,55,0
64,91.6667399999999,1.11805645,64,,55,0
47,92.2222959999999,0.550926366666658,57,,55,0
52,92.2222959999999,0.550926366666658,64,,55,0
52,92.7778519999999,0.546296733333335,52,,55,0
56,92.7778519999999,0.546296733333335,66,,55,0
-4,93.3334079999999,1.66666799999997,-1,0,56,0
-1,93.3334079999999,1.65666799999997,-1,5,56,0
40,93.3334079999999,0.567130083333325,64,,56,0
47,93.8889639999999,0.550926366666658,57,,56,0
52,93.8889639999999,0.550926366666658,64,,56,0
52,94.4445199999999,0.546296733333321,52,,56,0
56,94.4445199999999,0.546296733333321,66,,56,0
68,94.4445199999999,0.255787241666667,67,,56,0
69,94.7222979999999,0.256944649999994,64,,56,0
-4,95.0000759999999,1.66666799999999,-1,0,57,0
-1,95.0000759999999,1.65666799999999,-1,5,57,0
40,95.0000759999999,0.567130083333325,64,,57,0
68,95.0000759999999,0.567130083333325,69,,57,0
71,95.0000759999999,0.555555999999996,69,,57,0
47,95.5556319999998,0.550926366666673,57,,57,0
52,95.5556319999998,0.550926366666673,64,,57,0
71,95.5556319999998,0.0115740833333291,65,,57,0
83,95.5556319999998,0.259259466666663,65,,57,0
81,95.8334099999998,0.258102058333336,64,,57,0
52,96.1111879999999,0.546296733333321,52,,57,0
56,96.1111879999999,0.546296733333321,66,,57,0
71,96.1111879999999,0.546296733333321,67,,57,0
80,96.1111879999999,0.255787241666667,67,,57,0
81,96.3889659999999,0.256944649999994,64,,57,0
-4,96.6667439999998,1.666668,-1,0,58,0
-1,96.6667439999998,1.656668,-1,5,58,0
39,96.6667439999998,0.567130083333325,64,,58,0
71,96.6667439999998,0.555555999999996,69,,58,0
83,96.6667439999998,1.66435318333333,64,,58,0
51,97.2222999999998,0.550926366666673,50,,58,0
54,97.2222999999998,0.550926366666673,64,,58,0
71,97.2222999999998,0.0115740833333291,65,,58,0
73,97.5000779999998,0.258102058333336,64,,58,0
54,97.7778559999998,0.546296733333321,52,,58,0
59,97.7778559999998,0.546296733333321,73,,58,0
71,97.7778559999998,0.255787241666667,67,,58,0
69,98.0556339999998,0.256944649999994,64,,58,0
-4,98.3334119999998,1.66666799999999,-1,0,59,0
-1,98.3334119999998,1.65666799999999,-1,5,59,0
37,98.3334119999998,0.567130083333325,69,,59,0
68,98.3334119999998,0.555555999999996,69,,59,0
68,98.3334119999998,0,69,,59,0
56,98.8889679999998,0.550926366666673,61,,59,0
64,98.8889679999998,0.550926366666673,63,,59,0
68,98.8889679999998,0.0115740833333291,65,,59,0
76,98.8889679999998,0.259259466666663,65,,59,0
75,99.1667459999998,0.258102058333336,64,,59,0
61,99.4445239999998,0.546296733333321,70,,59,0
64,99.4445239999998,0.546296733333321,65,,59,0
68,99.4445239999998,0.546296733333321,67,,59,0
76,99.4445239999998,0.255787241666667,67,,59,0
78,99.7223019999998,0.256944649999994,64,,59,0
-4,100.00008,1.666668,-1,0,60,0
-1,100.00008,1.656668,-1,5,60,0
44,100.00008,0.567130083333325,69,,60,0
68,100.00008,0.555555999999996,69,,60,0
80,100.00008,1.66435318333333,64,,60,0
51,100.555636,0.550926366666673,57,,60,0
56,100.555636,0.550926366666673,71,,60,0
68,100.555636,0.0115740833333291,65,,60,0
69,100.833414,0.258102058333336,64,,60,0
56,101.111192,0.546296733333321,59,,60,0
59,101.111192,0.546296733333321,73,,60,0
68,101.111192,0.255787241666667,67,,60,0
66,101.38897,0.256944649999994,64,,60,0
-4,101.666748,1.66666799999997,-1,0,61,0
-1,101.666748,1.65666799999997,-1,5,61,0
45,101.666748,0.567130083333325,69,,61,0
64,101.666748,0.555555999999996,69,,61,0
52,102.222304,0.550926366666658,57,,61,0
57,102.222304,0.550926366666658,66,,61,0
64,102.222304,0.0115740833333291,65,,61,0
57,102.77786,0.546296733333321,62,,61,0
64,102.77786,0.255787241666667,67,,61,0
63,103.055638,0.256944649999994,64,,61,0
-4,103.333416,1.66666799999997,-1,0,62,0
-1,103.333416,1.65666799999997,-1,5,62,0
44,103.333416,0.567130083333325,69,,62,0
61,103.333416,0.567130083333325,69,,62,0
51,103.888972,0.550926366666658,57,,62,0
56,103.888972,0.550926366666658,66,,62,0
63,103.888972,0.550926366666658,65,,62,0
56,104.444528,0.546296733333321,62,,62,0
63,104.444528,0.255787241666667,67,,62,0
64,104.722306,0.256944649999994,64,,62,0
-4,105.000084,1.66666799999999,-1,0,63,0
-1,105.000084,1.65666799999999,-1,5,63,0
42,105.000084,0.567130083333325,69,,63,0
66,105.000084,0.555555999999996,69,,63,0
54,105.55564,0.550926366666673,57,,63,0
57,105.55564,0.550926366666673,66,,63,0
66,105.55564,0.0115740833333291,65,,63,0
68,105.833418,0.258102058333336,64,,63,0
57,106.111196,0.546296733333321,62,,63,0
66,106.111196,0.255787241666667,67,,63,0
68,106.388974,0.256944649999994,64,,63,0
-4,106.666752,1.66666799999997,-1,0,64,0
-1,106.666752,1.65666799999997,-1,5,64,0
47,106.666752,0.567130083333325,69,,64,0
66,106.666752,1.11805645,64,,64,0
51,107.222308,0.550926366666658,57,,64,0
54,107.222308,0.550926366666658,71,,64,0
54,107.777864,0.546296733333321,59,,64,0
59,107.777864,0.546296733333321,68,,64,0
64,107.777864,0.255787241666667,59,,64,0
68,107.777864,0.271990958333333,73,,64,0
66,108.055642,0.256944649999994,56,,64,0
69,108.055642,0.274305774999988,70,,64,0
-4,108.33342,1.66666799999999,-1,0,65,0
-1,108.33342,1.65666799999999,-1,5,65,0
40,108.33342,0.567130083333325,69,,65,0
68,108.33342,0.567130083333325,69,,65,0
71,108.33342,0.555555999999996,69,,65,0
47,108.888976,0.550926366666673,57,,65,0
52,108.888976,0.550926366666673,71,,65,0
71,108.888976,0.0115740833333291,65,,65,0
83,108.888976,0.259259466666663,65,,65,0
81,109.166754,0.258102058333336,64,,65,0
52,109.444532,0.546296733333321,59,,65,0
56,109.444532,0.546296733333321,68,,65,0
71,109.444532,0.546296733333321,67,,65,0
80,109.444532,0.255787241666667,67,,65,0
81,109.72231,0.256944649999994,64,,65,0
-4,110.000088,1.666668,-1,0,66,0
-1,110.000088,1.656668,-1,5,66,0
39,110.000088,0.567130083333325,69,,66,0
71,110.000088,0.555555999999996,69,,66,0
83,110.000088,1.66435318333333,64,,66,0
51,110.555644,0.550926366666673,57,,66,0
54,110.555644,0.550926366666673,71,,66,0
71,110.555644,0.0115740833333291,65,,66,0
73,110.833422,0.258102058333336,64,,66,0
54,111.1112,0.546296733333321,59,,66,0
59,111.1112,0.546296733333321,68,,66,0
71,111.1112,0.255787241666667,67,,66,0
69,111.388978,0.256944649999994,64,,66,0
-4,111.666756,1.66666799999999,-1,0,67,0
-1,111.666756,1.65666799999999,-1,5,67,0
37,111.666756,0.567130083333325,65,,67,0
68,111.666756,0.555555999999996,69,,67,0
68,111.666756,0,69,,67,0
56,112.222312,0.550926366666673,63,,67,0
64,112.222312,0.550926366666673,63,,67,0
68,112.222312,0.0115740833333291,65,,67,0
76,112.222312,0.259259466666663,65,,67,0
75,112.50009,0.258102058333336,64,,67,0
61,112.777868,0.546296733333321,70,,67,0
64,112.777868,0.546296733333321,65,,67,0
68,112.777868,0.546296733333321,67,,67,0
76,112.777868,0.255787241666667,67,,67,0
78,113.055646,0.256944649999994,64,,67,0
-4,113.333424,1.666668,-1,0,68,0
-1,113.333424,1.656668,-1,5,68,0
44,113.333424,0.567130083333325,69,,68,0
68,113.333424,0.276620591666671,69,,68,0
80,113.333424,1.66435318333333,64,,68,0
69,113.611202,0.258102058333336,64,,68,0
51,113.88898,0.550926366666673,57,,68,0
56,113.88898,0.550926366666673,66,,68,0
68,113.88898,0.259259466666663,65,,68,0
66,114.166758,0.258102058333336,64,,68,0
56,114.444536,0.546296733333321,54,,68,0
59,114.444536,0.546296733333321,68,,68,0
64,114.444536,0.255787241666667,67,,68,0
63,114.722314,0.256944649999994,64,,68,0
-4,115.000092,1.66666799999999,-1,0,69,0
-1,115.000092,1.65666799999999,-1,5,69,0
45,115.000092,0.567130083333325,69,,69,0
61,115.000092,0.555555999999996,69,,69,0
52,115.555648,0.550926366666673,57,,69,0
57,115.555648,0.550926366666673,66,,69,0
61,115.555648,0.0115740833333291,65,,69,0
63,115.833426,0.258102058333336,64,,69,0
57,116.111204,0.546296733333321,62,,69,0
64,116.111204,0.255787241666667,67,,69,0
66,116.388982,0.256944649999994,64,,69,0
-4,116.66676,1.66666799999997,-1,0,70,0
-1,116.66676,1.65666799999997,-1,5,70,0
44,116.66676,0.567130083333325,69,,70,0
59,116.66676,0.567130083333325,64,,70,0
52,117.222316,0.550926366666658,57,,70,0
56,117.222316,0.550926366666658,66,,70,0
64,117.222316,0.550926366666658,65,,70,0
56,117.777872,0.546296733333321,62,,70,0
66,117.777872,0.255787241666667,67,,70,0
68,118.05565,0.256944649999994,64,,70,0
-4,118.333428,1.66666799999999,-1,0,71,0
-1,118.333428,1.65666799999999,-1,5,71,0
42,118.333428,0.567130083333325,69,,71,0
66,118.333428,0.833333999999994,69,,71,0
49,118.888984,0.550926366666673,57,,71,0
54,118.888984,0.550926366666673,71,,71,0
66,119.166762,0.0104166750000019,64,,71,0
54,119.44454,0.546296733333335,67,,71,0
66,119.44454,0.255787241666667,67,,71,0
64,119.722318,0.274305775000002,64,,71,0
-4,120.000096,1.66666799999999,-1,0,72,0
-1,120.000096,1.65666799999999,-1,5,72,0
40,120.000096,0.567130083333325,69,,72,0
64,120.000096,1.11805645,64,,72,0
47,120.555652,0.550926366666658,57,,72,0
52,120.555652,0.550926366666658,71,,72,0
52,121.111208,0.546296733333335,53,,72,0
56,121.111208,0.546296733333335,67,,72,0
-4,121.666764,1.66666799999997,-1,0,73,0
-1,121.666764,1.65666799999997,-1,5,73,0
40,121.666764,0.567130083333325,69,,73,0
47,122.22232,0.550926366666658,57,,73,0
52,122.22232,0.550926366666658,65,,73,0
52,122.777876,0.546296733333321,53,,73,0
56,122.777876,0.546296733333321,67,,73,0
64,122.777876,0.255787241666667,67,,73,0
66,123.055654,0.256944649999994,64,,73,0
-4,123.333432,1.66666799999997,-1,0,74,0
-1,123.333432,1.65666799999997,-1,5,74,0
40,123.333432,0.567130083333325,69,,74,0
68,123.333432,0.276620591666671,69,,74,0
64,123.61121,0.258102058333336,64,,74,0
47,123.888988,0.550926366666658,57,,74,0
52,123.888988,0.550926366666658,65,,74,0
71,123.888988,0.822917324999992,65,,74,0
52,124.444544,0.546296733333321,53,,74,0
56,124.444544,0.546296733333321,67,,74,0
68,124.722322,0.256944649999994,64,,74,0
-4,125.0001,1.66666799999997,-1,0,75,0
-1,125.0001,1.65666799999997,-1,5,75,0
39,125.0001,0.567130083333325,69,,75,0
66,125.0001,0.567130083333325,69,,75,0
51,125.555656,0.550926366666658,51,,75,0
54,125.555656,0.550926366666658,65,,75,0
78,125.555656,0.822917324999992,65,,75,0
54,126.111212,0.546296733333321,48,,75,0
59,126.111212,0.546296733333321,62,,75,0
75,126.38899,0.256944649999994,64,,75,0
-4,126.666768,1.66666800000002,-1,0,76,0
-1,126.666768,1.65666800000002,-1,5,76,0
37,126.666768,0.567130083333325,69,,76,0
76,126.666768,0.276620591666671,69,,76,0
75,126.944546,0.258102058333336,64,,76,0
44,127.222324,0.550926366666673,57,,76,0
52,127.222324,0.550926366666673,60,,76,0
76,127.222324,0.259259466666663,65,,76,0
71,127.500102,0.258102058333336,64,,76,0
52,127.77788,0.546296733333335,48,,76,0
56,127.77788,0.546296733333335,62,,76,0
68,127.77788,0.255787241666653,67,,76,0
69,128.055658,0.256944650000008,64,,76,0
-4,128.333436,1.66666799999999,-1,0,77,0
-1,128.333436,1.65666799999999,-1,5,77,0
44,128.333436,0.567130083333325,69,,77,0
71,128.333436,1.11805644999998,64,,77,0
51,128.888992,0.550926366666658,46,,77,0
56,128.888992,0.550926366666658,60,,77,0
56,129.444548,0.546296733333321,56,,77,0
63,129.444548,0.546296733333321,62,,77,0
-4,130.000104,1.66666799999999,-1,0,78,0
-1,130.000104,1.65666799999999,-1,5,78,0
45,130.000104,0.567130083333325,69,,78,0
61,130.000104,0.567130083333325,64,,78,0
52,130.55566,0.55092636666663,46,,78,0
57,130.55566,0.55092636666663,60,,78,0
73,130.55566,0.259259466666663,65,,78,0
71,130.833438,0.258102058333321,64,,78,0
57,131.111216,0.546296733333349,56,,78,0
69,131.111216,0.255787241666667,67,,78,0
61,131.388994,0.256944650000008,59,,78,0
-4,131.666772,1.66666799999999,-1,0,79,0
-1,131.666772,1.65666799999999,-1,5,79,0
44,131.666772,0.567130083333325,69,,79,0
71,131.666772,0.276620591666671,69,,79,0
69,131.94455,0.258102058333321,64,,79,0
52,132.222328,0.550926366666658,46,,79,0
56,132.222328,0.550926366666658,60,,79,0
68,132.222328,0.550926366666658,65,,79,0
56,132.777884,0.546296733333321,56,,79,0
59,132.777884,0.546296733333321,56,,79,0
-4,133.33344,1.66666799999999,-1,0,80,0
-1,133.33344,1.65666799999999,-1,5,80,0
42,133.33344,0.567130083333325,69,,80,0
57,133.33344,0.276620591666671,58,,80,0
56,133.611218,0.258102058333321,53,,80,0
49,133.888996,0.55092636666663,46,,80,0
57,133.888996,0.259259466666663,54,,80,0
59,134.166774,0.258102058333321,53,,80,0
54,134.444552,0.546296733333349,56,,80,0
61,134.444552,0.255787241666667,62,,80,0
68,134.72233,0.256944650000008,64,,80,0
-4,135.000108,1.66666799999999,-1,0,81,0
-1,135.000108,1.65666799999999,-1,5,81,0
47,135.000108,0.567130083333325,69,,81,0
66,135.000108,1.11805644999998,64,,81,0
51,135.555664,0.550926366666658,46,,81,0
54,135.555664,0.550926366666658,60,,81,0
54,136.11122,0.546296733333321,48,,81,0
59,136.11122,0.546296733333321,62,,81,0
-4,136.666776,1.66666799999996,-1,0,82,0
-1,136.666776,1.65666799999996,-1,5,82,0
40,136.666776,0.567130083333325,69,,82,0
83,136.851961333333,0.167824208333343,64,,82,0
81,137.037146666666,0.173611249999993,64,,82,0
47,137.222332,0.55092636666663,57,,82,0
52,137.222332,0.55092636666663,66,,82,0
80,137.222332,0.174768658333335,65,,82,0
78,137.407517333333,0.170139024999997,64,,82,0
76,137.592702666666,0.173611249999993,64,,82,0
52,137.777887999999,0.546296733333321,54,,82,0
56,137.777887999999,0.546296733333321,68,,82,0
75,137.777887999999,0.17245384166668,67,,82,0
73,137.963073333333,0.166666800000002,64,,82,0
71,138.148258666666,0.173611249999993,64,,82,0
-4,138.333443999999,1.66666799999993,-1,0,83,0
-1,138.333443999999,1.65666799999993,-1,5,83,0
39,138.333443999999,0.567130083333296,69,,83,0
69,138.333443999999,0.192129783333314,69,,83,0
68,138.518629333333,0.167824208333315,64,,83,0
66,138.703814666666,0.173611249999993,64,,83,0
47,138.888999999999,0.55092636666663,57,,83,0
51,138.888999999999,0.55092636666663,66,,83,0
64,138.888999999999,0.174768658333335,65,,83,0
63,139.074185333333,0.170139024999997,59,,83,0
61,139.259370666666,0.173611249999993,59,,83,0
51,139.444555999999,0.546296733333321,54,,83,0
54,139.444555999999,0.546296733333321,58,,83,0
59,139.444555999999,0.17245384166668,62,,83,0
57,139.629741333333,0.166666800000002,59,,83,0
56,139.814926666666,0.173611249999993,59,,83,0
-4,140.000111999999,1.66666799999993,-1,0,84,0
-1,140.000111999999,1.65666799999993,-1,5,84,0
37,140.000111999999,0.567130083333296,64,,84,0
54,140.000111999999,0.192129783333314,63,,84,0
52,140.185297333333,0.167824208333315,59,,84,0
51,140.370482666666,0.173611249999993,59,,84,0
44,140.555667999999,0.55092636666663,57,,84,0
49,140.555667999999,0.55092636666663,63,,84,0
52,140.555667999999,0.174768658333335,60,,84,0
54,140.740853333333,0.170139024999997,59,,84,0
56,140.926038666666,0.173611249999993,59,,84,0
49,141.111223999999,0.546296733333321,59,,84,0
52,141.111223999999,0.546296733333321,53,,84,0
57,141.111223999999,0.17245384166668,62,,84,0
59,141.296409333333,0.166666800000002,59,,84,0
61,141.481594666666,0.173611249999993,59,,84,0
-4,141.666779999999,1.66666799999993,-1,0,85,0
-1,141.666779999999,1.65666799999993,-1,5,85,0
44,141.666779999999,0.567130083333296,69,,85,0
63,141.666779999999,0.192129783333314,69,,85,0
64,141.851965333333,0.167824208333315,64,,85,0
66,142.037150666666,0.173611249999993,64,,85,0
47,142.222335999999,0.55092636666663,57,,85,0
51,142.222335999999,0.55092636666663,71,,85,0
68,142.222335999999,0.174768658333335,65,,85,0
69,142.407521333333,0.170139024999997,64,,85,0
71,142.592706666666,0.173611249999993,64,,85,0
51,142.777891999999,0.546296733333321,59,,85,0
56,142.777891999999,0.546296733333321,67,,85,0
73,142.777891999999,0.17245384166668,67,,85,0
75,142.963077333333,0.166666800000002,64,,85,0
76,143.148262666666,0.173611249999993,64,,85,0
-4,143.333447999999,1.66666799999999,-1,0,86,0
-1,143.333447999999,1.65666799999999,-1,5,86,0
45,143.333447999999,0.567130083333325,69,,86,0
61,143.333447999999,1.11805644999998,64,,86,0
52,143.889003999999,0.550926366666658,57,,86,0
57,143.889003999999,0.550926366666658,71,,86,0
57,144.444559999999,0.546296733333321,67,,86,0
69,144.444559999999,0.546296733333321,51,,86,0
73,144.444559999999,0.546296733333321,65,,86,0
-4,145.000115999999,1.66666799999999,-1,0,87,0
-1,145.000115999999,1.65666799999999,-1,5,87,0
44,145.000115999999,0.567130083333325,69,,87,0
68,145.000115999999,1.11111199999999,56,,87,0
71,145.000115999999,1.11805644999998,62,,87,0
52,145.555671999999,0.550926366666658,57,,87,0
56,145.555671999999,0.550926366666658,71,,87,0
56,146.111227999999,0.546296733333321,67,,87,0
68,146.111227999999,0.00694444999999178,67,,87,0
-4,146.666783999999,1.66666799999999,-1,0,88,0
-1,146.666783999999,1.65666799999999,-1,5,88,0
42,146.666783999999,0.567130083333325,69,,88,0
66,146.666783999999,0.843750674999967,61,,88,0
69,146.666783999999,0.843750674999967,67,,88,0
54,147.222339999999,0.55092636666663,57,,88,0
57,147.222339999999,0.55092636666663,71,,88,0
68,147.500117999999,0.258102058333321,64,,88,0
57,147.777895999999,0.546296733333349,67,,88,0
66,147.777895999999,0.255787241666667,67,,88,0
64,148.055673999999,0.256944650000008,64,,88,0
-4,148.333451999999,1.66666799999996,-1,0,89,0
-1,148.333451999999,1.65666799999996,-1,5,89,0
47,148.333451999999,0.567130083333325,69,,89,0
66,148.333451999999,1.6643531833333,64,,89,0
51,148.889007999999,0.550926366666658,57,,89,0
54,148.889007999999,0.550926366666658,64,,89,0
54,149.444563999999,0.546296733333321,59,,89,0
59,149.444563999999,0.546296733333321,73,,89,0
-4,150.000119999999,1.66666799999999,-1,0,90,0
-1,150.000119999999,1.65666799999999,-1,5,90,0
40,150.000119999999,0.567130083333325,69,,90,0
68,150.000119999999,0.555555999999996,61,,90,0
76,150.000119999999,0.555555999999996,71,,90,0
47,150.555675999999,0.550926366666658,57,,90,0
52,150.555675999999,0.550926366666658,64,,90,0
68,150.555675999999,0.0115740833333291,57,,90,0
76,150.555675999999,0.0115740833333291,67,,90,0
52,151.111231999999,0.546296733333321,52,,90,0
56,151.111231999999,0.546296733333321,66,,90,0
68,151.111231999999,0.546296733333321,59,,90,0
76,151.111231999999,0.546296733333321,69,,90,0
-4,151.666787999999,1.66666799999999,-1,0,91,0
-1,151.666787999999,1.65666799999999,-1,5,91,0
39,151.666787999999,0.567130083333325,69,,91,0
68,151.666787999999,0.555555999999996,61,,91,0
76,151.666787999999,0.555555999999996,71,,91,0
47,152.222343999999,0.55092636666663,57,,91,0
51,152.222343999999,0.55092636666663,64,,91,0
68,152.222343999999,0.0115740833333291,57,,91,0
76,152.222343999999,0.0115740833333291,71,,91,0
69,152.500121999999,0.258102058333321,56,,91,0
78,152.500121999999,0.274305774999988,70,,91,0
51,152.777899999999,0.546296733333349,52,,91,0
54,152.777899999999,0.546296733333349,66,,91,0
68,152.777899999999,0.255787241666667,59,,91,0
76,152.777899999999,0.271990958333333,73,,91,0
66,153.055677999999,0.256944650000008,56,,91,0
75,153.055677999999,0.274305775000016,70,,91,0
-4,153.333455999999,1.66666799999999,-1,0,92,0
-1,153.333455999999,1.65666799999999,-1,5,92,0
37,153.333455999999,0.567130083333325,69,,92,0
68,153.333455999999,0.276620591666671,61,,92,0
76,153.333455999999,0.292824308333337,75,,92,0
66,153.611233999999,0.258102058333321,64,,92,0
44,153.889011999999,0.55092636666663,57,,92,0
49,153.889011999999,0.55092636666663,71,,92,0
68,153.889011999999,0.259259466666663,65,,92,0
69,154.166789999999,0.258102058333321,64,,92,0
49,154.444567999999,0.546296733333349,59,,92,0
52,154.444567999999,0.546296733333349,66,,92,0
71,154.444567999999,0.255787241666667,67,,92,0
73,154.722345999999,0.256944650000008,64,,92,0
-4,155.000123999999,1.66666799999999,-1,0,93,0
-1,155.000123999999,1.65666799999999,-1,5,93,0
44,155.000123999999,0.567130083333325,69,,93,0
71,155.000123999999,0.276620591666671,69,,93,0
83,155.277901999999,0.258102058333321,64,,93,0
47,155.555679999999,0.55092636666663,57,,93,0
51,155.555679999999,0.55092636666663,64,,93,0
81,155.555679999999,0.259259466666663,65,,93,0
80,155.833457999999,0.258102058333321,64,,93,0
51,156.111235999999,0.546296733333349,52,,93,0
56,156.111235999999,0.546296733333349,66,,93,0
78,156.111235999999,0.255787241666667,67,,93,0
76,156.389013999999,0.256944650000008,64,,93,0
-4,156.666791999999,1.66666799999999,-1,0,94,0
-1,156.666791999999,1.65666799999999,-1,5,94,0
45,156.666791999999,0.567130083333325,69,,94,0
73,156.666791999999,0.276620591666671,69,,94,0
71,156.944569999999,0.258102058333321,64,,94,0
52,157.222347999999,0.55092636666663,50,,94,0
57,157.222347999999,0.55092636666663,64,,94,0
69,157.222347999999,0.259259466666663,65,,94,0
71,157.500125999999,0.258102058333321,64,,94,0
57,157.777903999999,0.546296733333349,60,,94,0
73,157.777903999999,0.255787241666667,67,,94,0
75,158.055681999999,0.256944650000008,64,,94,0
-4,158.333459999999,1.66666799999999,-1,0,95,0
-1,158.333459999999,1.65666799999999,-1,5,95,0
44,158.333459999999,0.567130083333325,69,,95,0
76,158.333459999999,0.276620591666671,69,,95,0
75,158.611237999999,0.258102058333321,64,,95,0
52,158.889015999999,0.55092636666663,50,,95,0
56,158.889015999999,0.55092636666663,64,,95,0
76,158.889015999999,0.259259466666663,65,,95,0
71,159.166793999999,0.258102058333321,64,,95,0
56,159.444571999999,0.546296733333349,60,,95,0
69,159.444571999999,0.255787241666667,67,,95,0
68,159.722349999999,0.256944650000008,64,,95,0
-4,160.000127999999,1.66666799999999,-1,0,96,0
-1,160.000127999999,1.65666799999999,-1,5,96,0
42,160.000127999999,0.567130083333325,69,,96,0
66,160.000127999999,0.567130083333325,69,,96,0
54,160.555683999999,0.55092636666663,50,,96,0
57,160.555683999999,0.55092636666663,64,,96,0
61,160.555683999999,0.259259466666663,65,,96,0
63,160.833461999999,0.258102058333321,64,,96,0
57,161.111239999999,0.546296733333349,60,,96,0
64,161.111239999999,0.255787241666667,67,,96,0
66,161.389017999999,0.256944650000008,64,,96,0
-4,161.666795999999,1.66666799999999,-1,0,97,0
-1,161.666795999999,1.65666799999999,-1,5,97,0
47,161.666795999999,0.567130083333325,69,,97,0
59,161.666795999999,0.567130083333325,61,,97,0
63,161.666795999999,0.567130083333325,75,,97,0
51,162.222351999999,0.550926366666658,50,,97,0
54,162.222351999999,0.550926366666658,64,,97,0
61,162.222351999999,0.550926366666658,57,,97,0
64,162.222351999999,0.550926366666658,71,,97,0
54,162.777907999999,0.546296733333321,60,,97,0
63,162.777907999999,0.546296733333321,59,,97,0
66,162.777907999999,0.546296733333321,73,,97,0
-4,163.333463999999,1.66666799999999,-1,0,98,0
-1,163.333463999999,1.65666799999999,-1,5,98,0
40,163.333463999999,0.567130083333325,69,,98,0
71,163.333463999999,0.555555999999996,61,,98,0
80,163.333463999999,0.555555999999996,62,,98,0
47,163.889019999999,0.550926366666658,65,,98,0
71,163.889019999999,0.0115740833333291,57,,98,0
80,163.889019999999,0.0115740833333291,54,,98,0
52,164.444575999999,0.546296733333321,67,,98,0
71,164.444575999999,0.546296733333321,59,,98,0
80,164.444575999999,0.546296733333321,56,,98,0
-4,165.000131999999,1.66666799999999,-1,0,99,0
-1,165.000131999999,1.65666799999999,-1,5,99,0
39,165.000131999999,0.567130083333325,69,,99,0
71,165.000131999999,0.555555999999996,61,,99,0
80,165.000131999999,0.555555999999996,58,,99,0
47,165.555687999999,0.55092636666663,65,,99,0
71,165.555687999999,0.0115740833333291,57,,99,0
80,165.555687999999,0.0115740833333291,58,,99,0
73,165.833465999999,0.258102058333321,56,,99,0
81,165.833465999999,0.274305774999988,57,,99,0
51,166.111243999999,0.546296733333349,67,,99,0
71,166.111243999999,0.255787241666667,59,,99,0
80,166.111243999999,0.271990958333333,60,,99,0
69,166.389021999999,0.256944650000008,56,,99,0
78,166.389021999999,0.274305775000016,57,,99,0
-4,166.666799999999,1.66666799999999,-1,0,100,0
-1,166.666799999999,1.65666799999999,-1,5,100,0
37,166.666799999999,0.567130083333325,69,,100,0
68,166.666799999999,0.567130083333325,61,,100,0
76,166.666799999999,0.555555999999996,62,,100,0
44,167.222355999999,0.55092636666663,65,,100,0
76,167.222355999999,0.0115740833333291,52,,100,0
75,167.500133999999,0.258102058333321,51,,100,0
49,167.777911999999,0.546296733333349,67,,100,0
76,167.777911999999,0.255787241666667,54,,100,0
71,168.055689999999,0.256944650000008,64,,100,0
-4,168.333467999999,1.66666799999999,-1,0,101,0
-1,168.333467999999,1.65666799999999,-1,5,101,0
44,168.333467999999,0.567130083333325,69,,101,0
68,168.333467999999,0.276620591666671,69,,101,0
69,168.611245999999,0.258102058333321,64,,101,0
47,168.889023999999,0.55092636666663,65,,101,0
71,168.889023999999,0.259259466666663,65,,101,0
73,169.166801999999,0.258102058333321,64,,101,0
51,169.444579999999,0.546296733333349,67,,101,0
71,169.444579999999,0.255787241666667,67,,101,0
68,169.722357999999,0.256944650000008,64,,101,0
-4,170.000135999999,1.66666799999999,-1,0,102,0
-1,170.000135999999,1.65666799999999,-1,5,102,0
45,170.000135999999,0.567130083333325,69,,102,0
64,170.000135999999,0.567130083333325,69,,102,0
49,170.555691999999,0.55092636666663,65,,102,0
71,170.555691999999,0.259259466666663,65,,102,0
69,170.833469999999,0.258102058333321,64,,102,0
52,171.111247999999,0.546296733333349,67,,102,0
68,171.111247999999,0.255787241666667,67,,102,0
66,171.389025999999,0.256944650000008,64,,102,0
-4,171.666803999999,1.66666799999999,-1,0,103,0
-1,171.666803999999,1.65666799999999,-1,5,103,0
44,171.666803999999,0.567130083333325,69,,103,0
64,171.666803999999,0.276620591666671,69,,103,0
63,171.944581999999,0.258102058333321,64,,103,0
47,172.222359999999,0.55092636666663,65,,103,0
64,172.222359999999,0.259259466666663,65,,103,0
59,172.500137999999,0.258102058333321,64,,103,0
52,172.777915999999,0.546296733333349,67,,103,0
57,172.777915999999,0.255787241666667,67,,103,0
56,173.055693999999,0.256944650000008,64,,103,0
-4,173.333471999999,1.66666800000002,-1,0,104,0
-1,173.333471999999,1.65666800000002,-1,5,104,0
42,173.333471999999,0.567130083333325,69,,104,0
57,173.333471999999,0.276620591666671,69,,104,0
56,173.611249999999,0.258102058333321,64,,104,0
45,173.889027999999,1.09722310000001,56,,104,0
49,173.889027999999,0.277777999999984,70,,104,0
54,173.889027999999,0.259259466666663,65,,104,0
49,174.166805999999,0.256944650000008,64,,104,0
51,174.444583999999,0.255787241666667,67,,104,0
52,174.722361999999,0.256944650000008,64,,104,0
-4,175.000139999999,1.66666800000002,-1,0,105,0
-1,175.000139999999,1.65666800000002,-1,5,105,0
47,175.000139999999,0.567130083333325,69,,105,0
54,175.000139999999,1.11805644999998,64,,105,0
51,175.555695999999,1.09722310000001,64,,105,0
61,176.111251999999,0.255787241666667,67,,105,0
63,176.389029999999,0.256944650000008,64,,105,0
-4,176.666807999999,1.66666799999999,-1,0,106,0
-1,176.666807999999,1.65666799999999,-1,5,106,0
45,176.666807999999,0.567130083333325,62,,106,0
64,176.666807999999,0.276620591666671,69,,106,0
61,176.944585999999,0.258102058333321,64,,106,0
52,177.222363999999,1.09722309999998,56,,106,0
56,177.222363999999,1.09722309999998,61,,106,0
68,177.222363999999,0.822917324999992,65,,106,0
64,178.055697999999,0.256944650000008,64,,106,0
-4,178.333475999999,1.66666800000002,-1,0,107,0
-1,178.333475999999,1.65666800000002,-1,5,107,0
44,178.333475999999,0.567130083333325,62,,107,0
63,178.333475999999,0.567130083333325,69,,107,0
51,178.889031999999,1.09722310000001,56,,107,0
56,178.889031999999,1.09722310000001,61,,107,0
71,178.889031999999,0.550926366666658,65,,107,0
63,179.444587999999,0.546296733333349,67,,107,0
-4,180.000143999999,1.66666800000002,-1,0,108,0
-1,180.000143999999,1.65666800000002,-1,5,108,0
42,180.000143999999,0.567130083333325,62,,108,0
64,180.000143999999,0.276620591666671,69,,108,0
63,180.277921999999,0.258102058333321,64,,108,0
52,180.555699999999,1.09722310000001,56,,108,0
57,180.555699999999,1.09722310000001,61,,108,0
61,180.555699999999,0.550926366666658,65,,108,0
63,181.111255999999,0.255787241666667,67,,108,0
64,181.389033999999,0.256944650000008,64,,108,0
-4,181.666811999999,1.66666800000002,-1,0,109,0
-1,181.666811999999,1.65666800000002,-1,5,109,0
44,181.666811999999,0.567130083333325,62,,109,0
59,181.666811999999,1.11805644999998,64,,109,0
52,182.222367999999,1.09722310000001,56,,109,0
56,182.222367999999,1.09722310000001,61,,109,0
61,182.777923999999,0.255787241666667,67,,109,0
63,183.055701999999,0.256944650000008,64,,109,0
-4,183.333479999999,1.66666799999999,-1,0,110,0
-1,183.333479999999,1.65666799999999,-1,5,110,0
45,183.333479999999,0.567130083333325,62,,110,0
64,183.333479999999,0.276620591666671,69,,110,0
61,183.611257999999,0.258102058333321,64,,110,0
52,183.889035999999,1.09722309999998,56,,110,0
56,183.889035999999,1.09722309999998,61,,110,0
68,183.889035999999,0.822917324999992,65,,110,0
64,184.722369999999,0.256944650000008,64,,110,0
-4,185.000147999999,1.66666800000002,-1,0,111,0
-1,185.000147999999,1.65666800000002,-1,5,111,0
44,185.000147999999,0.567130083333325,62,,111,0
63,185.000147999999,0.567130083333325,69,,111,0
51,185.555703999999,1.09722310000001,56,,111,0
56,185.555703999999,1.09722310000001,61,,111,0
71,185.555703999999,0.550926366666658,65,,111,0
63,186.111259999999,0.546296733333349,67,,111,0
-4,186.666815999999,1.66666800000002,-1,0,112,0
-1,186.666815999999,1.65666800000002,-1,5,112,0
42,186.666815999999,0.567130083333325,59,,112,0
64,186.666815999999,0.276620591666671,69,,112,0
63,186.944593999999,0.258102058333321,64,,112,0
52,187.222371999999,1.09722310000001,56,,112,0
57,187.222371999999,1.09722310000001,61,,112,0
61,187.222371999999,0.550926366666658,65,,112,0
63,187.777927999999,0.255787241666667,67,,112,0
64,188.055705999999,0.256944650000008,64,,112,0
-4,188.333483999999,1.66666800000002,-1,0,113,0
-1,188.333483999999,1.65666800000002,-1,5,113,0
44,188.333483999999,0.567130083333325,62,,113,0
66,188.333483999999,1.11805644999998,64,,113,0
52,188.889039999999,1.09722310000001,56,,113,0
56,188.889039999999,1.09722310000001,61,,113,0
64,189.444595999999,0.255787241666667,67,,113,0
66,189.722373999999,0.256944650000008,64,,113,0
-4,190.000151999999,1.66666799999996,-1,0,114,0
-1,190.000151999999,1.65666799999996,-1,5,114,0
45,190.000151999999,0.567130083333325,61,,114,0
68,190.000151999999,0.276620591666671,69,,114,0
64,190.277929999999,0.258102058333321,64,,114,0
52,190.555707999999,1.09722309999998,56,,114,0
56,190.555707999999,1.09722309999998,61,,114,0
71,190.555707999999,0.822917324999992,52,,114,0
80,190.555707999999,0.822917324999992,66,,114,0
73,191.389041999999,0.256944650000008,51,,114,0
76,191.389041999999,0.274305774999988,65,,114,0
-4,191.666819999999,1.66666800000002,-1,0,115,0
-1,191.666819999999,1.65666800000002,-1,5,115,0
44,191.666819999999,0.567130083333325,61,,115,0
71,191.666819999999,0.567130083333325,56,,115,0
75,191.666819999999,0.555555999999996,70,,115,0
51,192.222375999999,1.09722310000001,56,,115,0
56,192.222375999999,1.09722310000001,61,,115,0
75,192.222375999999,0.0115740833333291,52,,115,0
80,192.222375999999,0.550926366666658,66,,115,0
71,192.777931999999,0.546296733333349,54,,115,0
75,192.777931999999,0.546296733333349,65,,115,0
-4,193.333487999999,1.66666799999999,-1,0,116,0
-1,193.333487999999,1.65666799999999,-1,5,116,0
42,193.333487999999,0.567130083333325,61,,116,0
69,193.333487999999,0.555555999999996,61,,116,0
73,193.333487999999,0.567130083333325,67,,116,0
49,193.889043999999,1.09722310000001,56,,116,0
54,193.889043999999,1.09722310000001,66,,116,0
66,193.889043999999,0.550926366666658,57,,116,0
69,193.889043999999,0.0115740833333291,71,,116,0
68,194.444599999999,0.255787241666667,59,,116,0
71,194.444599999999,0.271990958333333,68,,116,0
69,194.722377999999,0.256944650000008,56,,116,0
73,194.722377999999,0.274305774999988,65,,116,0
-4,195.000155999999,1.66666799999999,-1,0,117,0
-1,195.000155999999,1.65666799999999,-1,5,117,0
44,195.000155999999,0.567130083333325,61,,117,0
71,195.000155999999,1.66435318333333,51,,117,0
75,195.000155999999,1.66435318333333,65,,117,0
52,195.555711999999,1.09722310000001,56,,117,0
56,195.555711999999,1.09722310000001,61,,117,0
-4,196.666823999999,1.66666799999999,-1,0,118,0
-1,196.666823999999,1.65666799999999,-1,5,118,0
45,196.666823999999,0.567130083333325,61,,118,0
61,196.944601999999,0.258102058333321,64,,118,0
52,197.222379999999,0.55092636666663,57,,118,0
57,197.222379999999,0.55092636666663,66,,118,0
73,197.222379999999,0.259259466666663,60,,118,0
71,197.500157999999,0.258102058333321,59,,118,0
57,197.777935999999,0.546296733333349,62,,118,0
61,197.777935999999,0.255787241666667,59,,118,0
69,197.777935999999,0.271990958333333,73,,118,0
68,198.055713999999,0.256944650000008,64,,118,0
-4,198.333491999999,1.66666799999999,-1,0,119,0
-1,198.333491999999,1.65666799999999,-1,5,119,0
44,198.333491999999,0.567130083333325,61,,119,0
71,198.333491999999,0.567130083333325,69,,119,0
56,198.889047999999,1.09722309999998,64,,119,0
59,198.889047999999,0.822917324999992,65,,119,0
59,199.722381999999,0.256944650000008,64,,119,0
-4,200.000159999999,1.66666799999996,-1,0,120,0
-1,200.000159999999,1.65666799999996,-1,5,120,0
49,200.000159999999,1.6643531833333,56,,120,0
52,200.000159999999,1.6643531833333,56,,120,0
57,200.000159999999,1.6643531833333,62,,120,0
61,200.000159999999,0.276620591666671,69,,120,0
63,200.277937999999,0.258102058333321,64,,120,0
64,200.555715999999,0.259259466666663,65,,120,0
66,200.833493999999,0.258102058333321,64,,120,0
68,201.111271999999,0.255787241666667,67,,120,0
69,201.389049999999,0.256944650000008,64,,120,0
-4,201.666827999999,1.66666799999999,-1,0,121,0
-1,201.666827999999,1.65666799999999,-1,5,121,0
47,201.666827999999,1.66435318333333,56,,121,0
51,201.666827999999,1.66435318333333,61,,121,0
71,201.666827999999,1.66435318333333,64,,121,0
-4,203.333495999999,1.66666799999999,-1,0,122,0
-1,203.333495999999,1.65666799999999,-1,5,122,0
40,203.333495999999,0.567130083333325,69,,122,0
47,203.889051999999,0.550926366666658,57,,122,0
52,203.889051999999,0.550926366666658,59,,122,0
52,204.444607999999,0.546296733333321,59,,122,0
56,204.444607999999,0.546296733333321,68,,122,0
-4,205.000163999999,1.66666799999999,-1,0,123,0
-1,205.000163999999,1.65666799999999,-1,5,123,0
40,205.000163999999,0.567130083333325,69,,123,0
47,205.555719999999,0.550926366666658,57,,123,0
52,205.555719999999,0.550926366666658,71,,123,0
52,206.111275999999,0.546296733333321,59,,123,0
56,206.111275999999,0.546296733333321,73,,123,0
-4,206.666831999999,1.66666799999999,-1,0,124,0
-1,206.666831999999,1.65666799999999,-1,5,124,0
40,206.666831999999,0.567130083333325,69,,124,0
47,207.222387999999,0.550926366666658,57,,124,0
52,207.222387999999,0.550926366666658,71,,124,0
52,207.777943999999,0.546296733333321,59,,124,0
56,207.777943999999,0.546296733333321,73,,124,0
-4,208.333499999999,1.66666800000002,-1,0,125,0
-1,208.333499999999,1.65666800000002,-1,5,125,0
40,208.333499999999,0.567130083333325,69,,125,0
47,208.889055999999,0.550926366666658,57,,125,0
52,208.889055999999,0.550926366666658,71,,125,0
52,209.444611999999,0.546296733333349,59,,125,0
56,209.444611999999,0.546296733333349,73,,125,0
64,209.444611999999,0.255787241666667,67,,125,0
66,209.722389999999,0.256944650000008,64,,125,0
-4,210.000167999999,1.66666799999999,-1,0,126,0
-1,210.000167999999,1.65666799999999,-1,5,126,0
28,210.000167999999,0.567130083333325,54,,126,0
68,210.000167999999,0.276620591666671,69,,126,0
64,210.277945999999,0.258102058333321,64,,126,0
47,210.555723999999,0.550926366666658,57,,126,0
52,210.555723999999,0.550926366666658,71,,126,0
71,210.555723999999,0.822917324999992,65,,126,0
52,211.111279999999,0.546296733333321,59,,126,0
56,211.111279999999,0.546296733333321,73,,126,0
68,211.389057999999,0.256944650000008,64,,126,0
-4,211.666835999999,1.66666799999999,-1,0,127,0
-1,211.666835999999,1.65666799999999,-1,5,127,0
27,211.666835999999,0.567130083333325,54,,127,0
66,211.666835999999,0.567130083333325,69,,127,0
51,212.222391999999,0.550926366666658,57,,127,0
54,212.222391999999,0.550926366666658,71,,127,0
71,212.222391999999,0.550926366666658,65,,127,0
54,212.777947999999,0.546296733333321,59,,127,0
59,212.777947999999,0.546296733333321,73,,127,0
66,212.777947999999,0.546296733333321,67,,127,0
-4,213.333503999999,1.66666799999999,-1,0,128,0
-1,213.333503999999,1.65666799999999,-1,5,128,0
25,213.333503999999,0.567130083333325,54,,128,0
64,213.333503999999,0.276620591666671,69,,128,0
61,213.611281999999,0.258102058333321,64,,128,0
44,213.889059999999,0.550926366666658,57,,128,0
52,213.889059999999,0.550926366666658,71,,128,0
68,213.889059999999,0.822917324999992,65,,128,0
52,214.444615999999,0.546296733333321,59,,128,0
56,214.444615999999,0.546296733333321,73,,128,0
64,214.722393999999,0.256944650000008,64,,128,0
-4,215.000171999999,1.66666800000002,-1,0,129,0
-1,215.000171999999,1.65666800000002,-1,5,129,0
32,215.000171999999,0.567130083333325,55,,129,0
63,215.000171999999,1.11805644999998,64,,129,0
51,215.555727999999,0.550926366666658,57,,129,0
56,215.555727999999,0.550926366666658,71,,129,0
56,216.111283999999,0.546296733333349,67,,129,0
64,216.111283999999,0.255787241666667,67,,129,0
63,216.389061999999,0.256944650000008,64,,129,0
-4,216.666839999999,1.66666800000002,-1,0,130,0
-1,216.666839999999,1.65666800000002,-1,5,130,0
33,216.666839999999,0.567130083333325,55,,130,0
61,216.666839999999,0.567130083333325,69,,130,0
52,217.222395999999,0.550926366666658,57,,130,0
57,217.222395999999,0.550926366666658,71,,130,0
63,217.222395999999,0.550926366666658,65,,130,0
57,217.777951999999,0.546296733333349,67,,130,0
64,217.777951999999,0.255787241666667,67,,130,0
66,218.055729999999,0.256944650000008,64,,130,0
-4,218.333507999999,1.66666800000002,-1,0,131,0
-1,218.333507999999,1.65666800000002,-1,5,131,0
32,218.333507999999,0.567130083333325,55,,131,0
59,218.333507999999,0.567130083333325,69,,131,0
52,218.889063999999,0.550926366666658,57,,131,0
56,218.889063999999,0.550926366666658,71,,131,0
64,218.889063999999,0.550926366666658,65,,131,0
56,219.444619999999,0.546296733333349,67,,131,0
66,219.444619999999,0.255787241666667,67,,131,0
68,219.722397999999,0.256944650000008,64,,131,0
-4,220.000175999999,1.66666799999999,-1,0,132,0
-1,220.000175999999,1.65666799999999,-1,5,132,0
30,220.000175999999,0.567130083333325,55,,132,0
69,220.000175999999,0.555555999999996,69,,132,0
54,220.555731999999,0.55092636666663,57,,132,0
57,220.555731999999,0.55092636666663,71,,132,0
69,220.555731999999,0.0115740833333291,65,,132,0
68,220.833509999999,0.258102058333321,64,,132,0
57,221.111287999999,0.546296733333349,67,,132,0
66,221.111287999999,0.255787241666667,67,,132,0
64,221.389065999999,0.256944650000008,64,,132,0
-4,221.666843999999,1.66666800000002,-1,0,133,0
-1,221.666843999999,1.65666800000002,-1,5,133,0
35,221.666843999999,0.567130083333325,55,,133,0
66,221.666843999999,1.11805644999998,64,,133,0
51,222.222399999999,0.550926366666658,57,,133,0
54,222.222399999999,0.550926366666658,71,,133,0
54,222.777955999999,0.546296733333349,59,,133,0
59,222.777955999999,0.546296733333349,73,,133,0
64,222.777955999999,0.255787241666667,67,,133,0
66,223.055733999999,0.256944650000008,64,,133,0
-4,223.333511999999,1.66666799999999,-1,0,134,0
-1,223.333511999999,1.65666799999999,-1,5,134,0
28,223.333511999999,0.567130083333325,57,,134,0
68,223.333511999999,0.276620591666671,69,,134,0
64,223.611289999999,0.258102058333321,64,,134,0
47,223.889067999999,0.550926366666658,57,,134,0
52,223.889067999999,0.550926366666658,71,,134,0
71,223.889067999999,0.822917324999992,65,,134,0
52,224.444623999999,0.546296733333321,59,,134,0
56,224.444623999999,0.546296733333321,73,,134,0
68,224.722401999999,0.256944650000008,64,,134,0
-4,225.000179999999,1.66666799999999,-1,0,135,0
-1,225.000179999999,1.65666799999999,-1,5,135,0
27,225.000179999999,0.567130083333325,57,,135,0
66,225.000179999999,0.567130083333325,69,,135,0
51,225.555735999999,0.550926366666658,57,,135,0
54,225.555735999999,0.550926366666658,71,,135,0
71,225.555735999999,0.550926366666658,65,,135,0
54,226.111291999999,0.546296733333321,59,,135,0
59,226.111291999999,0.546296733333321,73,,135,0
66,226.111291999999,0.546296733333321,67,,135,0
-4,226.666847999999,1.66666800000002,-1,0,136,0
-1,226.666847999999,1.65666800000002,-1,5,136,0
25,226.666847999999,0.567130083333325,57,,136,0
64,226.666847999999,0.276620591666671,69,,136,0
61,226.944625999999,0.274305774999988,64,,136,0
49,227.222403999999,1.09722310000001,56,,136,0
56,227.222403999999,1.09722310000001,60,,136,0
61,227.222403999999,0.550926366666658,65,,136,0
63,227.777959999999,0.255787241666667,67,,136,0
64,228.055737999999,0.256944650000008,64,,136,0
-4,228.333515999999,1.66666799999999,-1,0,137,0
-1,228.333515999999,1.65666799999999,-1,5,137,0
32,228.333515999999,0.567130083333325,58,,137,0
59,228.333515999999,1.11111199999999,64,,137,0
47,228.889071999999,1.09722309999998,56,,137,0
56,228.889071999999,1.09722309999998,63,,137,0
59,229.444627999999,0.00694444999999178,67,,137,0
-4,230.000183999999,1.66666800000002,-1,0,138,0
-1,230.000183999999,1.65666800000002,-1,5,138,0
33,230.000183999999,0.567130083333325,58,,138,0
61,230.000183999999,0.567130083333325,69,,138,0
49,230.555739999999,1.09722310000001,56,,138,0
52,230.555739999999,1.09722310000001,70,,138,0
63,230.555739999999,0.550926366666658,65,,138,0
64,231.111295999999,0.255787241666667,67,,138,0
66,231.389073999999,0.256944650000008,64,,138,0
-4,231.666851999999,1.66666800000002,-1,0,139,0
-1,231.666851999999,1.65666800000002,-1,5,139,0
32,231.666851999999,0.567130083333325,58,,139,0
59,231.666851999999,0.567130083333325,69,,139,0
47,232.222407999999,1.09722310000001,56,,139,0
52,232.222407999999,1.09722310000001,70,,139,0
64,232.222407999999,0.550926366666658,65,,139,0
66,232.777963999999,0.255787241666667,67,,139,0
68,233.055741999999,0.256944650000008,64,,139,0
-4,233.333519999999,1.66666799999999,-1,0,140,0
-1,233.333519999999,1.65666799999999,-1,5,140,0
30,233.333519999999,0.567130083333325,58,,140,0
69,233.333519999999,0.555555999999996,69,,140,0
49,233.889075999999,0.55092636666663,57,,140,0
54,233.889075999999,0.55092636666663,64,,140,0
69,233.889075999999,0.0115740833333291,65,,140,0
68,234.166853999999,0.258102058333321,64,,140,0
35,234.444631999999,0.546296733333349,56,,140,0
66,234.444631999999,0.255787241666667,67,,140,0
64,234.722409999999,0.274305775000016,64,,140,0
-4,235.000187999999,1.66666799999999,-1,0,141,0
-1,235.000187999999,1.65666799999999,-1,5,141,0
40,235.000187999999,0.567130083333325,60,,141,0
64,235.000187999999,1.11805644999998,64,,141,0
47,235.555743999999,0.550926366666658,57,,141,0
52,235.555743999999,0.550926366666658,71,,141,0
52,236.111299999999,0.546296733333321,59,,141,0
56,236.111299999999,0.546296733333321,66,,141,0
-4,236.666855999999,1.66666800000002,-1,0,142,0
-1,236.666855999999,1.65666800000002,-1,5,142,0
40,236.666855999999,0.567130083333325,69,,142,0
47,237.222411999999,0.550926366666658,57,,142,0
52,237.222411999999,0.550926366666658,71,,142,0
52,237.777967999999,0.546296733333349,59,,142,0
56,237.777967999999,0.546296733333349,66,,142,0
68,237.777967999999,0.255787241666667,67,,142,0
69,238.055745999999,0.256944650000008,64,,142,0
-4,238.333523999999,1.66666799999999,-1,0,143,0
-1,238.333523999999,1.65666799999999,-1,5,143,0
40,238.333523999999,0.567130083333325,69,,143,0
68,238.333523999999,0.567130083333325,69,,143,0
71,238.333523999999,0.555555999999996,69,,143,0
47,238.889079999999,0.55092636666663,57,,143,0
52,238.889079999999,0.55092636666663,71,,143,0
71,238.889079999999,0.0115740833333291,65,,143,0
83,238.889079999999,0.259259466666663,65,,143,0
81,239.166857999999,0.258102058333321,64,,143,0
52,239.444635999999,0.546296733333349,59,,143,0
56,239.444635999999,0.546296733333349,73,,143,0
71,239.444635999999,0.546296733333349,67,,143,0
80,239.444635999999,0.255787241666667,67,,143,0
81,239.722413999999,0.256944650000008,64,,143,0
-4,240.000191999999,1.66666799999996,-1,0,144,0
-1,240.000191999999,1.65666799999996,-1,5,144,0
39,240.000191999999,0.567130083333325,69,,144,0
71,240.000191999999,0.555555999999996,69,,144,0
51,240.555747999999,0.55092636666663,57,,144,0
83,240.000191999999,1.6643531833333,64,,144,0
54,240.555747999999,0.55092636666663,71,,144,0
71,240.555747999999,0.0115740833333291,65,,144,0
73,240.833525999999,0.258102058333321,64,,144,0
54,241.111303999999,0.546296733333349,59,,144,0
59,241.111303999999,0.546296733333349,73,,144,0
71,241.111303999999,0.255787241666667,67,,144,0
69,241.389081999999,0.256944650000008,64,,144,0
-4,241.666859999999,1.66666799999999,-1,0,145,0
-1,241.666859999999,1.65666799999999,-1,5,145,0
37,241.666859999999,0.567130083333325,69,,145,0
68,241.666859999999,0,69,,145,0
68,241.666859999999,0.555555999999996,69,,145,0
56,242.222415999999,0.55092636666663,68,,145,0
64,242.222415999999,0.55092636666663,63,,145,0
68,242.222415999999,0.0115740833333291,65,,145,0
76,242.222415999999,0.259259466666663,65,,145,0
75,242.500193999999,0.258102058333321,64,,145,0
61,242.777971999999,0.546296733333349,70,,145,0
64,242.777971999999,0.546296733333349,65,,145,0
68,242.777971999999,0.546296733333349,67,,145,0
76,242.777971999999,0.255787241666667,67,,145,0
78,243.055749999999,0.256944650000008,64,,145,0
-4,243.333527999999,1.66666799999996,-1,0,146,0
-1,243.333527999999,1.65666799999996,-1,5,146,0
44,243.333527999999,0.567130083333325,69,,146,0
68,243.333527999999,0.555555999999996,69,,146,0
80,243.333527999999,1.6643531833333,64,,146,0
51,243.889083999999,0.55092636666663,57,,146,0
56,243.889083999999,0.55092636666663,71,,146,0
68,243.889083999999,0.0115740833333291,65,,146,0
69,244.166861999999,0.258102058333321,64,,146,0
56,244.444639999999,0.546296733333349,59,,146,0
59,244.444639999999,0.546296733333349,73,,146,0
68,244.444639999999,0.255787241666667,67,,146,0
66,244.722417999999,0.256944650000008,64,,146,0
-4,245.000195999999,1.66666800000002,-1,0,147,0
-1,245.000195999999,1.65666800000002,-1,5,147,0
45,245.000195999999,0.567130083333325,69,,147,0
64,245.000195999999,0.555555999999996,69,,147,0
52,245.555751999999,0.550926366666658,57,,147,0
57,245.555751999999,0.550926366666658,71,,147,0
64,245.555751999999,0.0115740833333291,65,,147,0
57,246.111307999999,0.546296733333349,67,,147,0
64,246.111307999999,0.255787241666667,67,,147,0
63,246.389085999999,0.256944650000008,64,,147,0
-4,246.666863999999,1.66666800000002,-1,0,148,0
-1,246.666863999999,1.65666800000002,-1,5,148,0
44,246.666863999999,0.567130083333325,69,,148,0
61,246.666863999999,0.567130083333325,69,,148,0
51,247.222419999999,0.550926366666658,57,,148,0
56,247.222419999999,0.550926366666658,71,,148,0
63,247.222419999999,0.550926366666658,65,,148,0
56,247.777975999999,0.546296733333349,67,,148,0
63,247.777975999999,0.255787241666667,67,,148,0
64,248.055753999999,0.256944650000008,64,,148,0
-4,248.333531999999,1.66666799999999,-1,0,149,0
-1,248.333531999999,1.65666799999999,-1,5,149,0
42,248.333531999999,0.567130083333325,69,,149,0
66,248.333531999999,0.555555999999996,69,,149,0
54,248.889087999999,0.55092636666663,57,,149,0
57,248.889087999999,0.55092636666663,71,,149,0
66,248.889087999999,0.0115740833333291,65,,149,0
68,249.166865999999,0.258102058333321,64,,149,0
57,249.444643999999,0.546296733333349,67,,149,0
66,249.444643999999,0.255787241666667,67,,149,0
68,249.722421999999,0.256944650000008,64,,149,0
-4,250.000199999999,1.66666800000002,-1,0,150,0
-1,250.000199999999,1.65666800000002,-1,5,150,0
47,250.000199999999,0.567130083333325,69,,150,0
66,250.000199999999,1.11805644999998,64,,150,0
51,250.555755999999,0.550926366666658,57,,150,0
54,250.555755999999,0.550926366666658,71,,150,0
54,251.111311999999,0.546296733333349,59,,150,0
59,251.111311999999,0.546296733333349,73,,150,0
68,251.111311999999,0.255787241666667,67,,150,0
69,251.389089999999,0.256944650000008,64,,150,0
-4,251.666867999999,1.66666799999999,-1,0,151,0
-1,251.666867999999,1.65666799999999,-1,5,151,0
40,251.666867999999,0.567130083333325,69,,151,0
68,251.666867999999,0.567130083333325,69,,151,0
71,251.666867999999,0.555555999999996,69,,151,0
47,252.222423999999,0.55092636666663,57,,151,0
52,252.222423999999,0.55092636666663,71,,151,0
71,252.222423999999,0.0115740833333291,65,,151,0
83,252.222423999999,0.259259466666663,65,,151,0
81,252.500201999999,0.258102058333321,64,,151,0
52,252.777979999999,0.546296733333349,59,,151,0
56,252.777979999999,0.546296733333349,73,,151,0
71,252.777979999999,0.546296733333349,67,,151,0
80,252.777979999999,0.255787241666667,67,,151,0
81,253.055757999999,0.256944650000008,64,,151,0
-4,253.333535999999,1.66666799999996,-1,0,152,0
-1,253.333535999999,1.65666799999996,-1,5,152,0
39,253.333535999999,0.567130083333325,69,,152,0
71,253.333535999999,0.555555999999996,69,,152,0
83,253.333535999999,1.6643531833333,64,,152,0
51,253.889091999999,0.55092636666663,57,,152,0
54,253.889091999999,0.55092636666663,71,,152,0
71,253.889091999999,0.0115740833333291,65,,152,0
73,254.166869999999,0.258102058333321,64,,152,0
54,254.444647999999,0.546296733333349,59,,152,0
59,254.444647999999,0.546296733333349,73,,152,0
71,254.444647999999,0.255787241666667,67,,152,0
69,254.722425999999,0.256944650000008,64,,152,0
-4,255.000203999999,1.66666799999999,-1,0,153,0
-1,255.000203999999,1.65666799999999,-1,5,153,0
37,255.000203999999,0.567130083333325,61,,153,0
68,255.000203999999,0.555555999999996,69,,153,0
68,255.000203999999,0,69,,153,0
56,255.555759999999,0.550926366666658,68,,153,0
64,255.555759999999,0.550926366666658,63,,153,0
68,255.555759999999,0.0115740833333291,65,,153,0
76,255.555759999999,0.259259466666663,65,,153,0
75,255.833537999999,0.258102058333321,64,,153,0
61,256.111315999999,0.546296733333349,70,,153,0
64,256.111315999999,0.546296733333349,65,,153,0
68,256.111315999999,0.546296733333349,67,,153,0
76,256.111315999999,0.255787241666667,67,,153,0
78,256.389093999999,0.25694464999998,64,,153,0
-4,256.666871999999,1.66666800000002,-1,0,154,0
-1,256.666871999999,1.65666800000002,-1,5,154,0
44,256.666871999999,0.567130083333325,61,,154,0
68,256.666871999999,0.276620591666642,69,,154,0
80,256.666871999999,1.66435318333333,64,,154,0
69,256.944649999999,0.25810205833335,64,,154,0
51,257.222427999999,0.550926366666715,57,,154,0
56,257.222427999999,0.550926366666715,71,,154,0
68,257.222427999999,0.259259466666663,65,,154,0
66,257.500205999999,0.25810205833335,64,,154,0
56,257.777983999999,0.546296733333349,59,,154,0
59,257.777983999999,0.546296733333349,73,,154,0
64,257.777983999999,0.255787241666667,67,,154,0
63,258.055761999999,0.25694464999998,64,,154,0
-4,258.333539999999,1.66666800000002,-1,0,155,0
-1,258.333539999999,1.65666800000002,-1,5,155,0
45,258.333539999999,0.567130083333382,61,,155,0
61,258.333539999999,0.567130083333382,69,,155,0
52,258.889095999999,1.09722310000001,56,,155,0
57,258.889095999999,1.09722310000001,61,,155,0
63,258.889095999999,0.550926366666715,65,,155,0
64,259.444651999999,0.255787241666667,67,,155,0
66,259.722429999999,0.25694464999998,64,,155,0
-4,260.000207999999,1.66666800000002,-1,0,156,0
-1,260.000207999999,1.65666800000002,-1,5,156,0
44,260.000207999999,0.567130083333382,61,,156,0
59,260.000207999999,0.567130083333382,60,,156,0
52,260.555763999999,1.09722310000001,56,,156,0
56,260.555763999999,1.09722310000001,61,,156,0
64,260.555763999999,0.822917325000049,65,,156,0
63,261.389097999999,0.25694464999998,64,,156,0
-4,261.666875999999,1.66666800000002,-1,0,157,0
-1,261.666875999999,1.65666800000002,-1,5,157,0
45,261.666875999999,0.567130083333382,61,,157,0
61,261.666875999999,0.567130083333382,69,,157,0
52,262.222431999999,1.09722310000001,56,,157,0
57,262.222431999999,1.09722310000001,61,,157,0
63,262.222431999999,0.550926366666715,65,,157,0
64,262.777987999999,0.255787241666667,67,,157,0
66,263.055765999999,0.25694464999998,64,,157,0
-4,263.333543999999,1.66666800000002,-1,0,158,0
-1,263.333543999999,1.65666800000002,-1,5,158,0
44,263.333543999999,0.567130083333382,61,,158,0
59,263.333543999999,1.11805645000004,55,,158,0
52,263.889099999999,1.09722310000001,56,,158,0
56,263.889099999999,1.09722310000001,61,,158,0
64,264.444655999999,0.255787241666667,59,,158,0
76,264.444655999999,0.271990958333333,73,,158,0
63,264.722433999999,0.25694464999998,56,,158,0
75,264.722433999999,0.274305774999959,70,,158,0
-4,265.000211999999,1.66666800000002,-1,0,159,0
-1,265.000211999999,1.65666800000002,-1,5,159,0
45,265.000211999999,0.567130083333382,61,,159,0
61,265.000211999999,0.567130083333382,61,,159,0
73,265.000211999999,0.567130083333382,75,,159,0
52,265.555767999999,1.09722310000001,56,,159,0
57,265.555767999999,1.09722310000001,61,,159,0
63,265.555767999999,0.550926366666715,57,,159,0
75,265.555767999999,0.550926366666715,71,,159,0
64,266.111323999999,0.255787241666667,59,,159,0
76,266.111323999999,0.271990958333333,73,,159,0
66,266.389101999999,0.25694464999998,56,,159,0
78,266.389101999999,0.274305774999959,70,,159,0
-4,266.666879999999,1.66666800000002,-1,0,160,0
-1,266.666879999999,1.65666800000002,-1,5,160,0
44,266.666879999999,0.567130083333382,61,,160,0
59,266.666879999999,0.567130083333382,52,,160,0
71,266.666879999999,0.567130083333382,75,,160,0
52,267.222435999999,1.09722310000001,56,,160,0
56,267.222435999999,1.09722310000001,61,,160,0
64,267.222435999999,0.550926366666715,57,,160,0
76,267.222435999999,0.550926366666715,71,,160,0
66,267.777991999999,0.255787241666667,59,,160,0
78,267.777991999999,0.271990958333333,73,,160,0
68,268.055769999999,0.25694464999998,56,,160,0
80,268.055769999999,0.274305774999959,70,,160,0
-4,268.333547999999,1.66666800000007,-1,0,161,0
-1,268.333547999999,1.65666800000007,-1,5,161,0
42,268.333547999999,0.567130083333382,61,,161,0
69,268.333547999999,0.555556000000024,61,,161,0
81,268.333547999999,0.555556000000024,75,,161,0
54,268.889103999999,0.550926366666715,65,,161,0
69,268.889103999999,0.0115740833333575,57,,161,0
81,268.889103999999,0.0115740833333575,71,,161,0
68,269.166881999999,0.25810205833335,56,,161,0
80,269.166881999999,0.274305775000016,70,,161,0
47,269.444659999999,0.546296733333349,67,,161,0
66,269.444659999999,0.255787241666667,59,,161,0
78,269.444659999999,0.271990958333333,73,,161,0
64,269.722437999999,0.274305775000016,56,,161,0
76,269.722437999999,0.274305775000016,70,,161,0
-4,270.000215999999,1.66666800000007,-1,0,162,0
-1,270.000215999999,1.65666800000007,-1,5,162,0
40,270.000215999999,0.567130083333382,64,,162,0
64,270.000215999999,1.11805645000004,56,,162,0
76,270.000215999999,1.11805645000004,66,,162,0
47,270.555771999999,0.550926366666715,57,,162,0
52,270.555771999999,0.550926366666715,65,,162,0
52,271.111327999999,0.546296733333349,53,,162,0
56,271.111327999999,0.546296733333349,67,,162,0
-4,271.666883999999,1.66666800000007,-1,0,163,0
-1,271.666883999999,1.65666800000007,-1,5,163,0
40,271.666883999999,0.567130083333382,64,,163,0
47,272.222439999999,0.550926366666715,57,,163,0
52,272.222439999999,0.550926366666715,65,,163,0
52,272.777995999999,0.546296733333349,53,,163,0
56,272.777995999999,0.546296733333349,67,,163,0
-4,273.333551999999,1.66666800000007,-1,0,164,0
-1,273.333551999999,1.65666800000007,-1,5,164,0
40,273.333551999999,0.567130083333382,64,,164,0
47,273.889107999999,0.550926366666715,57,,164,0
52,273.889107999999,0.550926366666715,65,,164,0
52,274.444663999999,0.546296733333349,53,,164,0
56,274.444663999999,0.546296733333349,67,,164,0
-4,275.000219999999,1.66666800000002,-1,0,165,0
-1,275.000219999999,1.65666800000002,-1,5,165,0
56,275.000219999999,1.11805645000004,56,,165,0
59,275.000219999999,0.555556000000024,63,,165,0
59,275.555775999999,0.550926366666715,50,,165,0
64,275.555775999999,0.550926366666715,61,,165,0
64,276.111331999999,0.255787241666667,56,,165,0
68,276.111331999999,0.271990958333333,70,,165,0
69,276.389109999999,0.25694464999998,61,,165,0
-4,276.666887999999,1.66666800000007,-1,0,166,0
-1,276.666887999999,1.65666800000007,-1,5,166,0
52,276.666887999999,1.66435318333339,56,,166,0
56,276.666887999999,1.66435318333339,56,,166,0
59,276.666887999999,0.555556000000024,61,,166,0
71,276.666887999999,0.555556000000024,71,,166,0
59,277.222443999999,0.0115740833333575,57,,166,0
71,277.222443999999,0.0115740833333575,67,,166,0
59,277.777999999999,0.546296733333349,59,,166,0
71,277.777999999999,0.546296733333349,69,,166,0
-4,278.333555999999,1.66666800000002,-1,0,167,0
-1,278.333555999999,1.65666800000002,-1,5,167,0
51,278.333555999999,1.66435318333333,56,,167,0
54,278.333555999999,1.66435318333333,56,,167,0
59,278.333555999999,0.555556000000024,61,,167,0
71,278.333555999999,0.555556000000024,71,,167,0
59,278.889111999999,0.0115740833333575,57,,167,0
71,278.889111999999,0.0115740833333575,71,,167,0
61,279.166889999999,0.25810205833335,56,,167,0
73,279.166889999999,0.274305775000016,70,,167,0
59,279.444667999999,0.255787241666667,59,,167,0
71,279.444667999999,0.271990958333333,73,,167,0
57,279.722445999999,0.25694464999998,56,,167,0
69,279.722445999999,0.274305774999959,70,,167,0
-4,280.000223999999,1.66666800000007,-1,0,168,0
-1,280.000223999999,1.65666800000007,-1,5,168,0
49,280.000223999999,1.66435318333339,56,,168,0
52,280.000223999999,1.66435318333339,64,,168,0
56,280.000223999999,0.555556000000024,61,,168,0
68,280.000223999999,0.555556000000024,75,,168,0
56,280.555779999999,0.0115740833333575,57,,168,0
68,280.555779999999,0.0115740833333575,67,,168,0
56,281.111335999999,0.546296733333349,59,,168,0
68,281.111335999999,0.546296733333349,69,,168,0
-4,281.666891999999,1.66666800000002,-1,0,169,0
-1,281.666891999999,1.65666800000002,-1,5,169,0
47,281.666891999999,1.66435318333333,56,,169,0
51,281.666891999999,1.66435318333333,64,,169,0
56,281.666891999999,0.555556000000024,61,,169,0
68,281.666891999999,0.555556000000024,71,,169,0
56,282.222447999999,0.0115740833333575,57,,169,0
68,282.222447999999,0.0115740833333575,71,,169,0
57,282.500225999999,0.25810205833335,56,,169,0
69,282.500225999999,0.274305775000016,70,,169,0
56,282.778003999999,0.255787241666667,59,,169,0
68,282.778003999999,0.271990958333333,73,,169,0
54,283.055781999999,0.25694464999998,56,,169,0
66,283.055781999999,0.274305774999959,70,,169,0
-4,283.333559999999,1.66666800000002,-1,0,170,0
-1,283.333559999999,1.65666800000002,-1,5,170,0
45,283.333559999999,1.66435318333333,56,,170,0
49,283.333559999999,1.66435318333333,70,,170,0
52,283.333559999999,1.66435318333333,56,,170,0
64,283.333559999999,1.66435318333333,64,,170,0
-4,285.000227999999,1.66666800000007,-1,0,171,0
-1,285.000227999999,1.65666800000007,-1,5,171,0
45,285.000227999999,1.66435318333339,56,,171,0
52,285.000227999999,1.11111200000005,66,,171,0
57,285.000227999999,0.276620591666642,72,,171,0
64,285.000227999999,0.292824308333309,61,,171,0
59,285.278005999999,0.25810205833335,64,,171,0
57,285.555783999999,0.25925946666672,65,,171,0
56,285.833561999999,0.25810205833335,64,,171,0
52,286.111339999999,0.262731691666659,63,,171,0
47,286.389117999999,0.25694464999998,64,,171,0
-4,286.666896,1.66666800000002,-1,0,172,0
-1,286.666896,1.65666800000002,-1,5,172,0
45,286.666896,0.276620591666642,69,,172,0
40,286.944673999999,0.25810205833335,64,,172,0
35,287.222451999999,0.25925946666672,65,,172,0
33,287.50023,0.820602508333309,64,,172,0
-4,288.333564,1.66666800000002,-1,0,173,0
-1,288.333564,1.65666800000002,-1,5,173,0
35,288.333564,1.66435318333333,56,,173,0
39,288.333564,1.66435318333333,67,,173,0
42,288.333564,1.66435318333333,56,,173,0
51,288.333564,1.66435318333333,66,,173,0
-4,290.000232,1.66666800000007,-1,0,174,0
-1,290.000232,1.65666800000007,-1,5,174,0
28,290.000232,2.78472445000011,55,,174,0
35,290.000232,2.78472445000011,56,,174,0
40,290.000232,2.78472445000011,64,,174,0
44,290.000232,3.33102118333341,56,,174,0
52,290.000232,0.555556000000024,66,,174,0
52,290.555788,0.562500450000016,57,,174,0
56,290.555788,0.550926366666715,71,,174,0
56,291.111344,0.546296733333349,59,,174,0
59,291.111344,0.546296733333349,73,,174,0
-4,291.6669,1.66666800000002,-1,0,175,0
-1,291.6669,1.65666800000002,-1,5,175,0
59,291.6669,0.567130083333382,61,,175,0
64,291.6669,0.555556000000024,75,,175,0
64,292.222456,0.0115740833333575,57,,175,0
68,292.222456,0.550926366666715,71,,175,0
68,292.778012,0.546296733333293,59,,175,0
71,292.778012,0.546296733333293,73,,175,0
-4,293.333568,-292.333568,-1,0,176,0
-1,293.333568,-292.333568,-1,5,176,0
59,293.333568,1.66435318333333,56,,176,0
64,293.333568,1.66435318333333,60,,176,0
68,293.333568,1.66435318333333,56,,176,0
76,293.333568,1.66435318333333,67,,176,0
