23,0,0.625,62,,0,0
23,0.625,0,62,,0,0
23,1.25,0,62,,0,0
23,1.875,0,62,,0,0
-4,2.5,2.5,-1,0,1,0
-1,2.5,2.49,-1,5,1,0
24,2.5,2.49348958333333,62,,1,0
43,2.5,2.49348958333333,67,,1,0
46,2.5,2.49348958333333,56,,1,0
51,2.5,2.49348958333333,62,,1,0
-4,5,2.5,-1,0,2,0
-1,5,2.49,-1,5,2,0
32,5,2.49739583333333,64,,2,0
46,5,2.49739583333333,56,,2,0
48,5,2.49739583333333,56,,2,0
51,5,2.49739583333333,70,,2,0
-4,7.5,2.5,-1,0,3,0
-1,7.5,2.49,-1,5,3,0
27,7.5,2.49739583333333,63,,3,0
46,7.5,2.49739583333333,56,,3,0
53,7.5,2.49739583333333,56,,3,0
55,7.5,2.49739583333333,70,,3,0
-4,10,2.5,-1,0,4,0
-1,10,2.49,-1,5,4,0
34,10,2.49739583333333,64,,4,0
46,10,2.49739583333333,56,,4,0
50,10,2.49739583333333,56,,4,0
53,10,2.49739583333333,70,,4,0
-4,12.5,2.5,-1,0,5,0
-1,12.5,2.49,-1,5,5,0
24,12.5,2.49739583333333,62,,5,0
43,12.5,2.49739583333333,56,,5,0
46,12.5,2.49739583333333,56,,5,0
51,12.5,2.49739583333333,70,,5,0
-4,15,2.5,-1,0,6,0
-1,15,2.49,-1,5,6,0
32,15,2.49739583333334,64,,6,0
46,15,1.26041666666667,61,,6,0
51,15,1.26041666666667,71,,6,0
58,16.25,1.23697916666667,67,,6,0
-4,17.5,2.5,-1,0,7,0
-1,17.5,2.49,-1,5,7,0
27,17.5,2.49739583333333,63,,7,0
43,17.5,0.217447916666664,61,,7,0
46,17.5,0.217447916666664,61,,7,0
51,17.5,0.229166666666664,75,,7,0
53,17.7083333333333,0.190104166666664,64,,7,0
55,17.9166666666667,2.06510416666666,64,,7,0
-4,20,2.5,-1,0,8,0
-1,20,2.49,-1,5,8,0
34,20,2.49739583333333,64,,8,0
46,20,2.49739583333333,56,,8,0
50,20,2.49739583333333,56,,8,0
53,20,2.49739583333333,70,,8,0
-4,22.5,2.5,-1,0,9,0
-1,22.5,2.49,-1,5,9,0
24,22.5,2.49739583333333,54,,9,0
31,22.5,2.49739583333333,56,,9,0
36,22.5,2.49739583333333,70,,9,0
43,22.5,0.640625,61,,9,0
46,22.5,0.640625,61,,9,0
51,22.5,0.625,75,,9,0
51,23.125,0.015625,65,,9,0
51,23.4375,0.311197916666668,64,,9,0
51,23.75,0.311197916666668,67,,9,0
51,24.0625,0.290364583333332,64,,9,0
53,24.375,0.2890625,65,,9,0
51,24.6875,0.151041666666668,64,,9,0
51,24.84375,1.09375,64,,9,0
-4,25,2.5,-1,0,10,0
-1,25,2.49,-1,5,10,0
32,25,2.49739583333333,56,,10,0
39,25,2.49739583333333,56,,10,0
44,25,2.49739583333333,70,,10,0
51,25.9375,0.015625,64,,10,0
51,26.25,0.311197916666668,67,,10,0
51,26.5625,0.30859375,64,,10,0
51,26.875,0.2890625,65,,10,0
53,27.1875,0.141927083333332,64,,10,0
55,27.34375,1.26041666666667,64,,10,0
-4,27.5,2.5,-1,0,11,0
-1,27.5,2.49,-1,5,11,0
27,27.5,2.49739583333334,55,,11,0
34,27.5,2.49739583333334,56,,11,0
39,27.5,2.49739583333334,70,,11,0
46,28.59375,0.149739583333336,64,,11,0
55,28.75,0.311197916666668,67,,11,0
55,29.0625,0.290364583333332,64,,11,0
56,29.375,0.2890625,65,,11,0
55,29.6875,0.290364583333332,64,,11,0
-4,30,2.5,-1,0,12,0
-1,30,2.49,-1,5,12,0
34,30,0.9375,69,,12,0
46,30,0.9375,61,,12,0
51,30,0.94921875,61,,12,0
53,30,0.94921875,75,,12,0
34,30.9375,0.01171875,64,,12,0
46,30.9375,0.01171875,56,,12,0
50,30.9375,0.930989583333332,70,,12,0
50,31.875,0.617187499999996,65,,12,0
-4,32.5,2.5,-1,0,13,0
-1,32.5,2.49,-1,5,13,0
24,32.5,2.49739583333334,54,,13,0
31,32.5,2.49739583333334,56,,13,0
36,32.5,2.49739583333334,70,,13,0
43,32.5,0.640625,61,,13,0
46,32.5,0.640625,61,,13,0
51,32.5,0.625,75,,13,0
51,33.125,0.015625,65,,13,0
51,33.4375,0.311197916666664,64,,13,0
51,33.75,0.311197916666664,67,,13,0
51,34.0625,0.290364583333336,64,,13,0
53,34.375,0.2890625,65,,13,0
51,34.6875,0.151041666666664,64,,13,0
51,34.84375,1.109375,64,,13,0
-4,35,2.5,-1,0,14,0
-1,35,2.49,-1,5,14,0
32,35,0.94921875,69,,14,0
39,35.9375,1.54817708333334,64,,14,0
46,35.9375,0.29296875,64,,14,0
51,36.25,0.311197916666664,67,,14,0
51,36.5625,0.30859375,64,,14,0
51,36.875,0.2890625,65,,14,0
53,37.1875,0.141927083333336,64,,14,0
55,37.34375,1.26041666666666,64,,14,0
-4,37.5,2.5,-1,0,15,0
-1,37.5,2.49,-1,5,15,0
27,37.5,0.94921875,68,,15,0
39,38.4375,0.29296875,64,,15,0
46,38.59375,0.149739583333336,64,,15,0
41,38.75,0.29296875,67,,15,0
58,38.75,0.311197916666664,67,,15,0
43,39.0625,0.290364583333336,64,,15,0
58,39.0625,0.30859375,64,,15,0
46,39.375,0.6171875,65,,15,0
58,39.375,0.2890625,65,,15,0
51,39.6875,0.309895833333336,64,,15,0
-4,40,2.5,-1,0,16,0
-1,40,2.49,-1,5,16,0
34,40,2.49739583333334,56,,16,0
41,40,2.49739583333334,56,,16,0
46,40,2.5,61,,16,0
51,40,0.94921875,61,,16,0
53,40,0.94921875,75,,16,0
50,40.9375,0.930989583333336,64,,16,0
55,41.875,0.2890625,65,,16,0
53,42.1875,0.290364583333336,64,,16,0
-4,42.5,2.5,-1,0,17,0
-1,42.5,2.49,-1,5,17,0
24,42.5,0.94921875,67,,17,0
48,42.5,0.640625,61,,17,0
51,42.5,0.640625,75,,17,0
58,43.125,0.2890625,65,,17,0
31,43.4375,1.54817708333334,56,,17,0
36,43.4375,1.54817708333334,66,,17,0
51,43.4375,0.141927083333336,64,,17,0
58,43.59375,0.451822916666664,64,,17,0
51,44.0625,0.290364583333336,64,,17,0
55,44.375,0.2890625,65,,17,0
58,44.6875,0.309895833333336,64,,17,0
-4,45,2.5,-1,0,18,0
-1,45,2.49,-1,5,18,0
32,45,0.94921875,69,,18,0
51,45,1.88020833333334,56,,18,0
58,45,1.88020833333334,56,,18,0
60,45,1.875,70,,18,0
39,45.9375,1.54817708333334,56,,18,0
44,45.9375,1.54817708333334,66,,18,0
60,46.875,0.0052083333333357,65,,18,0
58,47.1875,0.309895833333336,64,,18,0
-4,47.5,2.5,-1,0,19,0
-1,47.5,2.49,-1,5,19,0
27,47.5,0.94921875,68,,19,0
46,47.5,0.640625,61,,19,0
51,47.5,0.640625,61,,19,0
56,47.5,0.640625,61,,19,0
58,47.5,0.625,75,,19,0
58,48.125,0.015625,65,,19,0
34,48.4375,1.54817708333334,56,,19,0
39,48.4375,1.54817708333334,66,,19,0
58,48.4375,0.930989583333336,64,,19,0
55,49.375,0.6171875,65,,19,0
-4,50,2.5,-1,0,20,0
-1,50,2.49,-1,5,20,0
34,50,0.94921875,69,,20,0
50,50,1.88020833333334,56,,20,0
53,50,1.88020833333334,70,,20,0
41,50.9375,0.930989583333336,56,,20,0
46,50.9375,0.930989583333336,66,,20,0
41,51.875,0.6171875,57,,20,0
46,51.875,0.6171875,67,,20,0
55,51.875,0.2890625,65,,20,0
53,52.1875,0.290364583333336,64,,20,0
-4,52.5,2.5,-1,0,21,0
-1,52.5,2.49,-1,5,21,0
24,52.5,0.94921875,67,,21,0
48,52.5,1.55338541666666,61,,21,0
51,52.5,1.5625,71,,21,0
43,53.4375,1.54817708333334,56,,21,0
46,53.4375,1.54817708333334,66,,21,0
51,54.0625,0.0091145833333357,64,,21,0
55,54.375,0.2890625,65,,21,0
58,54.6875,0.290364583333336,64,,21,0
-4,55,2.5,-1,0,22,0
-1,55,2.49,-1,5,22,0
32,55,0.94921875,69,,22,0
51,55,1.88020833333334,56,,22,0
56,55,1.88020833333334,56,,22,0
60,55,1.88020833333334,70,,22,0
39,55.9375,1.54817708333334,56,,22,0
44,55.9375,1.54817708333334,66,,22,0
63,56.875,0.2890625,65,,22,0
60,57.1875,0.290364583333336,64,,22,0
-4,57.5,2.5,-1,0,23,0
-1,57.5,2.49,-1,5,23,0
27,57.5,0.94921875,60,,23,0
39,57.5,0.94921875,75,,23,0
46,57.5,0.9375,72,,23,0
51,57.5,0.9375,61,,23,0
55,57.5,0.94921875,72,,23,0
58,57.5,0.9375,67,,23,0
43,58.4375,0.622395833333336,56,,23,0
46,58.4375,0.01171875,70,,23,0
51,58.4375,0.01171875,56,,23,0
58,58.4375,0.01171875,66,,23,0
43,59.0625,0.92578125,64,,23,0
51,59.375,0.2890625,57,,23,0
63,59.375,0.307291666666664,71,,23,0
53,59.6875,0.290364583333336,56,,23,0
65,59.6875,0.309895833333336,70,,23,0
-4,60,2.49999999999999,-1,0,24,0
-1,60,2.48999999999999,-1,5,24,0
34,60,0.3125,61,,24,0
41,60,0.3125,71,,24,0
46,60,0.3125,61,,24,0
50,60,0.3125,75,,24,0
34,60.3125,0.0182291666666643,56,,24,0
41,60.3125,0.0182291666666643,66,,24,0
46,60.3125,0.0182291666666643,56,,24,0
50,60.3125,0.0182291666666643,66,,24,0
34,60.625,0.2890625,57,,24,0
41,60.625,0.2890625,71,,24,0
46,60.625,0.2890625,57,,24,0
50,60.625,0.307291666666664,67,,24,0
51,60.9375,0.311197916666664,64,,24,0
51,61.25,0.29296875,59,,24,0
55,61.25,0.29296875,59,,24,0
63,61.25,0.311197916666664,73,,24,0
50,61.5625,0.290364583333336,56,,24,0
53,61.5625,0.290364583333336,56,,24,0
62,61.5625,0.30859375,70,,24,0
48,61.875,0.2890625,57,,24,0
51,61.875,0.2890625,57,,24,0
60,61.875,0.307291666666664,71,,24,0
50,62.1875,0.290364583333336,56,,24,0
53,62.1875,0.290364583333336,56,,24,0
62,62.1875,0.309895833333336,70,,24,0
-4,62.5,2.49999999999999,-1,0,25,0
-1,62.5,2.48999999999999,-1,5,25,0
24,62.5,0.3125,59,,25,0
36,62.5,0.3125,75,,25,0
51,62.5,0.640625,61,,25,0
55,62.5,0.625,61,,25,0
60,62.5,0.640625,61,,25,0
63,62.5,0.625,75,,25,0
36,62.8125,0.0182291666666643,64,,25,0
39,63.125,0.2890625,57,,25,0
43,63.125,0.307291666666664,71,,25,0
55,63.125,0.015625,57,,25,0
63,63.125,0.015625,67,,25,0
36,63.4375,0.141927083333336,64,,25,0
55,63.4375,0.311197916666664,56,,25,0
63,63.4375,0.311197916666664,66,,25,0
39,63.59375,0.3125,56,,25,0
43,63.59375,0.3125,66,,25,0
55,63.75,0.292968750000007,59,,25,0
63,63.75,0.311197916666664,73,,25,0
39,63.90625,0.0078125,56,,25,0
43,63.90625,0.0078125,66,,25,0
36,64.0625,0.290364583333329,64,,25,0
53,64.0625,0.290364583333329,56,,25,0
60,64.0625,0.30859375,70,,25,0
39,64.375,0.2890625,57,,25,0
43,64.375,0.307291666666671,71,,25,0
55,64.375,0.307291666666671,57,,25,0
62,64.375,0.307291666666671,71,,25,0
36,64.6875,0.290364583333329,64,,25,0
55,64.6875,0.290364583333329,56,,25,0
62,64.6875,0.309895833333329,70,,25,0
-4,65,2.49999999999999,-1,0,26,0
-1,65,2.48999999999999,-1,5,26,0
32,65,0.3125,69,,26,0
51,65,0.640625,61,,26,0
56,65,0.625,61,,26,0
60,65,0.625,75,,26,0
32,65.3125,0.0182291666666714,64,,26,0
36,65.625,0.2890625,57,,26,0
39,65.625,0.307291666666671,71,,26,0
56,65.625,0.015625,57,,26,0
60,65.625,0.015625,67,,26,0
32,65.9375,0.141927083333329,64,,26,0
56,65.9375,0.311197916666671,56,,26,0
60,65.9375,0.311197916666671,66,,26,0
36,66.09375,0.3125,56,,26,0
39,66.09375,0.3125,66,,26,0
56,66.25,0.29296875,59,,26,0
60,66.25,0.311197916666657,73,,26,0
36,66.40625,0.0078125,56,,26,0
39,66.40625,0.0078125,66,,26,0
32,66.5625,0.290364583333329,64,,26,0
55,66.5625,0.290364583333329,56,,26,0
58,66.5625,0.30859375,70,,26,0
36,66.875,0.2890625,57,,26,0
39,66.875,0.307291666666671,71,,26,0
50,66.875,0.2890625,57,,26,0
53,66.875,0.307291666666671,71,,26,0
32,67.1875,0.290364583333329,64,,26,0
48,67.1875,0.290364583333329,56,,26,0
51,67.1875,0.309895833333329,70,,26,0
-4,67.5,2.49999999999997,-1,0,27,0
-1,67.5,2.48999999999997,-1,5,27,0
27,67.5,0.3125,68,,27,0
46,67.5,0.3125,61,,27,0
51,67.5,0.3125,61,,27,0
55,67.5,0.3125,75,,27,0
27,67.8125,0.0182291666666714,63,,27,0
55,67.8125,0.0182291666666714,56,,27,0
58,67.8125,0.618489583333329,70,,27,0
34,68.125,0.2890625,57,,27,0
39,68.125,0.307291666666657,71,,27,0
27,68.4375,0.141927083333329,63,,27,0
55,68.4375,0.311197916666671,56,,27,0
58,68.4375,0.311197916666671,66,,27,0
34,68.59375,0.3125,56,,27,0
39,68.59375,0.3125,66,,27,0
55,68.75,0.29296875,59,,27,0
58,68.75,0.311197916666657,69,,27,0
34,68.90625,0.0078125,56,,27,0
39,68.90625,0.0078125,66,,27,0
27,69.0624999999999,0.290364583333329,63,,27,0
53,69.0624999999999,0.141927083333329,64,,27,0
55,69.2187499999999,0.463541666666671,64,,27,0
34,69.3749999999999,0.2890625,57,,27,0
39,69.3749999999999,0.307291666666671,71,,27,0
27,69.6874999999999,0.290364583333329,63,,27,0
55,69.6874999999999,0.290364583333329,64,,27,0
-4,69.9999999999999,2.49999999999999,-1,0,28,0
-1,69.9999999999999,2.48999999999999,-1,5,28,0
34,69.9999999999999,0.3125,69,,28,0
50,69.9999999999999,0.94921875,61,,28,0
53,69.9999999999999,0.94921875,75,,28,0
34,70.3124999999999,0.0182291666666714,64,,28,0
38,70.6249999999999,0.2890625,57,,28,0
41,70.6249999999999,0.307291666666671,71,,28,0
34,70.9374999999999,0.141927083333329,64,,28,0
51,70.9374999999999,0.311197916666671,64,,28,0
38,71.0937499999999,0.3125,56,,28,0
41,71.0937499999999,0.3125,66,,28,0
51,71.2499999999999,0.29296875,59,,28,0
55,71.2499999999999,0.29296875,59,,28,0
63,71.2499999999999,0.311197916666657,73,,28,0
38,71.4062499999999,0.0078125,56,,28,0
41,71.4062499999999,0.0078125,66,,28,0
34,71.5624999999999,0.290364583333329,64,,28,0
50,71.5624999999999,0.290364583333329,56,,28,0
53,71.5624999999999,0.290364583333329,56,,28,0
62,71.5624999999999,0.30859375,70,,28,0
38,71.8749999999999,0.2890625,57,,28,0
41,71.8749999999999,0.307291666666671,71,,28,0
48,71.8749999999999,0.2890625,57,,28,0
51,71.8749999999999,0.2890625,57,,28,0
60,71.8749999999999,0.307291666666671,71,,28,0
34,72.1874999999999,0.290364583333329,64,,28,0
50,72.1874999999999,0.290364583333329,56,,28,0
53,72.1874999999999,0.290364583333329,56,,28,0
62,72.1874999999999,0.309895833333329,70,,28,0
-4,72.4999999999999,2.49999999999999,-1,0,29,0
-1,72.4999999999999,2.48999999999999,-1,5,29,0
24,72.4999999999999,0.3125,59,,29,0
36,72.4999999999999,0.3125,75,,29,0
51,72.4999999999999,0.640625,61,,29,0
55,72.4999999999999,0.625,61,,29,0
60,72.4999999999999,0.640625,61,,29,0
63,72.4999999999999,0.625,75,,29,0
36,72.8124999999999,0.0182291666666714,64,,29,0
39,73.1249999999999,0.2890625,57,,29,0
43,73.1249999999999,0.307291666666671,71,,29,0
55,73.1249999999999,0.015625,57,,29,0
63,73.1249999999999,0.015625,67,,29,0
36,73.4374999999999,0.141927083333329,64,,29,0
55,73.4374999999999,0.311197916666671,56,,29,0
63,73.4374999999999,0.311197916666671,66,,29,0
39,73.5937499999999,0.3125,56,,29,0
43,73.5937499999999,0.3125,66,,29,0
55,73.7499999999999,0.29296875,59,,29,0
63,73.7499999999999,0.311197916666657,73,,29,0
39,73.9062499999999,0.0078125,56,,29,0
43,73.9062499999999,0.0078125,66,,29,0
36,74.0624999999999,0.290364583333329,64,,29,0
53,74.0624999999999,0.290364583333329,56,,29,0
60,74.0624999999999,0.30859375,70,,29,0
39,74.3749999999999,0.2890625,57,,29,0
43,74.3749999999999,0.307291666666671,71,,29,0
55,74.3749999999999,0.307291666666671,57,,29,0
62,74.3749999999999,0.307291666666671,71,,29,0
36,74.6874999999999,0.290364583333329,64,,29,0
55,74.6874999999999,0.290364583333329,56,,29,0
62,74.6874999999999,0.309895833333329,70,,29,0
-4,74.9999999999999,2.49999999999999,-1,0,30,0
-1,74.9999999999999,2.48999999999999,-1,5,30,0
32,74.9999999999999,0.3125,69,,30,0
51,74.9999999999999,0.640625,61,,30,0
56,74.9999999999999,0.625,61,,30,0
60,74.9999999999999,0.625,75,,30,0
32,75.3124999999999,0.0182291666666714,64,,30,0
36,75.6249999999999,0.2890625,57,,30,0
39,75.6249999999999,0.307291666666671,71,,30,0
56,75.6249999999999,0.015625,57,,30,0
60,75.6249999999999,0.015625,67,,30,0
32,75.9374999999999,0.141927083333329,64,,30,0
56,75.9374999999999,0.29296875,56,,30,0
60,75.9374999999999,0.311197916666671,70,,30,0
36,76.0937499999999,0.3125,56,,30,0
39,76.0937499999999,0.3125,66,,30,0
55,76.2499999999999,0.29296875,59,,30,0
63,76.2499999999999,0.311197916666657,73,,30,0
36,76.4062499999999,0.0078125,56,,30,0
39,76.4062499999999,0.0078125,66,,30,0
32,76.5624999999999,0.290364583333329,64,,30,0
56,76.5624999999999,0.290364583333329,56,,30,0
65,76.5624999999999,0.30859375,70,,30,0
36,76.8749999999999,0.2890625,57,,30,0
39,76.8749999999999,0.307291666666671,71,,30,0
55,76.8749999999999,0.2890625,57,,30,0
63,76.8749999999999,0.307291666666671,71,,30,0
32,77.1874999999999,0.290364583333329,64,,30,0
56,77.1874999999999,0.290364583333329,56,,30,0
65,77.1874999999999,0.309895833333329,70,,30,0
-4,77.4999999999999,2.49999999999999,-1,0,31,0
-1,77.4999999999999,2.48999999999999,-1,5,31,0
27,77.4999999999999,0.3125,68,,31,0
58,77.4999999999999,0.9375,61,,31,0
67,77.4999999999999,0.9375,75,,31,0
27,77.8124999999999,0.0182291666666714,63,,31,0
34,78.1249999999999,0.2890625,57,,31,0
39,78.1249999999999,0.307291666666671,71,,31,0
27,78.4374999999999,0.141927083333329,63,,31,0
58,78.4374999999999,0.01171875,56,,31,0
67,78.4374999999999,0.01171875,70,,31,0
34,78.5937499999999,0.3125,56,,31,0
39,78.5937499999999,0.3125,66,,31,0
60,78.7499999999999,0.619791666666657,59,,31,0
68,78.7499999999999,0.619791666666657,73,,31,0
34,78.9062499999999,0.0078125,56,,31,0
39,78.9062499999999,0.0078125,66,,31,0
27,79.0624999999999,0.290364583333329,63,,31,0
34,79.3749999999999,0.2890625,57,,31,0
39,79.3749999999999,0.307291666666671,71,,31,0
58,79.3749999999999,0.307291666666671,57,,31,0
67,79.3749999999999,0.307291666666671,71,,31,0
27,79.6874999999999,0.290364583333329,63,,31,0
58,79.6874999999999,0.623697916666671,56,,31,0
67,79.6874999999999,0.641927083333329,66,,31,0
-4,79.9999999999999,2.49999999999996,-1,0,32,0
-1,79.9999999999999,2.48999999999996,-1,5,32,0
34,79.9999999999999,0.3125,69,,32,0
34,80.3124999999999,0.0169270833333286,64,,32,0
56,80.3124999999999,0.618489583333314,56,,32,0
65,80.3124999999999,0.618489583333314,70,,32,0
38,80.6249999999999,0.2890625,57,,32,0
41,80.6249999999999,0.307291666666657,71,,32,0
34,80.9374999999999,0.141927083333329,64,,32,0
53,80.9374999999999,0.311197916666671,56,,32,0
62,80.9374999999999,0.311197916666671,70,,32,0
38,81.0937499999999,0.3125,56,,32,0
41,81.0937499999999,0.3125,66,,32,0
53,81.2499999999999,0.619791666666657,59,,32,0
62,81.2499999999999,0.619791666666657,73,,32,0
38,81.4062499999999,0.0078125,56,,32,0
41,81.4062499999999,0.0078125,66,,32,0
34,81.5624999999999,0.290364583333329,64,,32,0
38,81.8749999999998,0.2890625,57,,32,0
41,81.8749999999998,0.307291666666671,71,,32,0
55,81.8749999999998,0.307291666666671,57,,32,0
63,81.8749999999998,0.307291666666671,71,,32,0
34,82.1874999999998,0.290364583333329,64,,32,0
55,82.1874999999998,2.19140625,56,,32,0
63,82.1874999999998,2.19140625,66,,32,0
-4,82.4999999999998,2.5,-1,0,33,0
-1,82.4999999999998,2.49,-1,5,33,0
32,82.4999999999998,0.3125,69,,33,0
32,82.8124999999998,0.0182291666666714,64,,33,0
36,83.1249999999998,0.2890625,57,,33,0
39,83.1249999999998,0.307291666666671,71,,33,0
32,83.4374999999998,0.141927083333329,64,,33,0
36,83.5937499999998,0.3125,56,,33,0
39,83.5937499999998,0.3125,66,,33,0
36,83.9062499999998,0.0078125,56,,33,0
39,83.9062499999998,0.0078125,66,,33,0
32,84.0624999999998,0.290364583333329,64,,33,0
36,84.3749999999998,0.2890625,57,,33,0
39,84.3749999999998,0.307291666666671,71,,33,0
60,84.3749999999998,0.2890625,65,,33,0
32,84.6874999999998,0.290364583333329,64,,33,0
58,84.6874999999998,0.290364583333329,64,,33,0
-4,84.9999999999998,2.5,-1,0,34,0
-1,84.9999999999998,2.49,-1,5,34,0
27,84.9999999999998,0.3125,68,,34,0
46,84.9999999999998,2.49739583333333,56,,34,0
51,84.9999999999998,2.49739583333333,56,,34,0
55,84.9999999999998,2.49739583333333,70,,34,0
27,85.3124999999998,0.0182291666666714,63,,34,0
34,85.6249999999998,0.2890625,57,,34,0
39,85.6249999999998,0.307291666666671,71,,34,0
27,85.9374999999998,0.141927083333329,63,,34,0
34,86.0937499999998,0.3125,56,,34,0
39,86.0937499999998,0.3125,66,,34,0
34,86.4062499999998,0.0078125,56,,34,0
39,86.4062499999998,0.0078125,66,,34,0
27,86.5624999999998,0.290364583333329,63,,34,0
34,86.8749999999998,0.2890625,57,,34,0
39,86.8749999999998,0.307291666666671,71,,34,0
27,87.1874999999998,0.290364583333329,63,,34,0
-4,87.4999999999998,2.5,-1,0,35,0
-1,87.4999999999998,2.49,-1,5,35,0
34,87.4999999999998,2.49739583333333,56,,35,0
41,87.4999999999998,2.49739583333333,70,,35,0
50,87.4999999999998,2.49739583333333,56,,35,0
53,87.4999999999998,2.49739583333333,70,,35,0
-4,89.9999999999998,2.5,-1,0,36,0
-1,89.9999999999998,2.49,-1,5,36,0
24,89.9999999999998,0.94921875,67,,36,0
43,89.9999999999998,0.640625,61,,36,0
46,89.9999999999998,0.640625,61,,36,0
51,89.9999999999998,0.625,75,,36,0
51,90.6249999999998,0.015625,65,,36,0
31,90.9374999999998,1.54817708333333,64,,36,0
51,90.9374999999998,0.311197916666671,64,,36,0
51,91.2499999999998,0.311197916666671,67,,36,0
51,91.5624999999998,0.290364583333329,64,,36,0
53,91.8749999999998,0.2890625,65,,36,0
51,92.1874999999998,0.151041666666671,64,,36,0
51,92.3437499999998,1.09375,64,,36,0
-4,92.4999999999998,2.5,-1,0,37,0
-1,92.4999999999998,2.49,-1,5,37,0
32,92.4999999999998,0.94921875,69,,37,0
39,93.4374999999998,1.54817708333333,64,,37,0
51,93.4374999999998,0.015625,64,,37,0
51,93.7499999999998,0.311197916666671,67,,37,0
51,94.0624999999998,0.30859375,64,,37,0
51,94.3749999999998,0.2890625,65,,37,0
53,94.6874999999998,0.141927083333329,64,,37,0
55,94.8437499999998,1.26041666666667,64,,37,0
-4,94.9999999999998,2.5,-1,0,38,0
-1,94.9999999999998,2.49,-1,5,38,0
27,94.9999999999998,0.94921875,68,,38,0
39,95.9374999999998,0.29296875,64,,38,0
46,96.0937499999998,0.149739583333329,64,,38,0
41,96.2499999999998,0.29296875,67,,38,0
55,96.2499999999998,0.311197916666671,67,,38,0
43,96.5624999999998,0.290364583333329,64,,38,0
55,96.5624999999998,0.290364583333329,64,,38,0
46,96.8749999999998,0.6171875,65,,38,0
56,96.8749999999998,0.2890625,65,,38,0
55,97.1874999999998,0.290364583333329,64,,38,0
-4,97.4999999999998,2.5,-1,0,39,0
-1,97.4999999999998,2.49,-1,5,39,0
34,97.4999999999998,2.49739583333333,56,,39,0
41,97.4999999999998,2.49739583333333,70,,39,0
46,97.4999999999998,0.9375,61,,39,0
51,97.4999999999998,0.94921875,61,,39,0
53,97.4999999999998,0.94921875,75,,39,0
46,98.4374999999998,0.01171875,56,,39,0
50,98.4374999999998,1.23828125,70,,39,0
48,99.6874999999998,0.141927083333329,64,,39,0
50,99.8437499999998,0.1484375,64,,39,0
-4,99.9999999999998,2.5,-1,0,40,0
-1,99.9999999999998,2.49,-1,5,40,0
24,99.9999999999998,0.94921875,67,,40,0
43,99.9999999999998,0.640625,61,,40,0
46,99.9999999999998,0.640625,61,,40,0
51,99.9999999999998,0.625,75,,40,0
51,100.625,0.015625,65,,40,0
31,100.9375,1.54817708333333,56,,40,0
36,100.9375,1.54817708333333,66,,40,0
51,100.9375,0.311197916666671,64,,40,0
51,101.25,0.311197916666671,67,,40,0
51,101.5625,0.290364583333329,64,,40,0
53,101.875,0.2890625,65,,40,0
51,102.1875,0.309895833333329,64,,40,0
-4,102.5,2.5,-1,0,41,0
-1,102.5,2.49,-1,5,41,0
32,102.5,0.94921875,69,,41,0
51,102.5,0.94921875,69,,41,0
39,103.4375,1.54817708333333,56,,41,0
44,103.4375,1.54817708333333,66,,41,0
46,103.4375,0.29296875,64,,41,0
51,103.75,0.311197916666671,67,,41,0
51,104.0625,0.30859375,64,,41,0
51,104.375,0.2890625,65,,41,0
53,104.6875,0.141927083333329,64,,41,0
55,104.84375,1.26041666666667,64,,41,0
-4,105,2.50000000000001,-1,0,42,0
-1,105,2.49000000000001,-1,5,42,0
27,105,0.94921875,68,,42,0
34,105.9375,1.54817708333334,56,,42,0
39,105.9375,1.54817708333334,66,,42,0
46,106.09375,0.149739583333343,64,,42,0
58,106.25,0.311197916666671,67,,42,0
58,106.5625,0.30859375,64,,42,0
58,106.875,0.2890625,65,,42,0
51,107.1875,0.309895833333329,64,,42,0
-4,107.5,2.5,-1,0,43,0
-1,107.5,2.49,-1,5,43,0
34,107.5,0.94921875,69,,43,0
51,107.5,0.94921875,61,,43,0
53,107.5,0.94921875,75,,43,0
41,108.4375,0.930989583333329,56,,43,0
46,108.4375,0.930989583333329,66,,43,0
50,108.4375,0.930989583333329,64,,43,0
41,109.375,0.6171875,57,,43,0
46,109.375,0.6171875,67,,43,0
55,109.375,0.2890625,65,,43,0
53,109.6875,0.290364583333329,64,,43,0
-4,110,2.5,-1,0,44,0
-1,110,2.49,-1,5,44,0
24,110,0.94921875,67,,44,0
48,110,0.640625,61,,44,0
51,110,0.640625,75,,44,0
58,110.625,0.2890625,65,,44,0
31,110.9375,1.54817708333333,56,,44,0
36,110.9375,1.54817708333333,66,,44,0
51,110.9375,0.141927083333329,64,,44,0
58,111.09375,0.451822916666671,64,,44,0
51,111.5625,0.290364583333329,64,,44,0
55,111.875,0.2890625,65,,44,0
58,112.1875,0.309895833333329,64,,44,0
-4,112.5,2.5,-1,0,45,0
-1,112.5,2.49,-1,5,45,0
32,112.5,0.94921875,69,,45,0
51,112.5,1.88020833333333,56,,45,0
58,112.5,1.88020833333333,56,,45,0
60,112.5,1.875,62,,45,0
39,113.4375,1.54817708333333,56,,45,0
44,113.4375,1.54817708333333,66,,45,0
60,114.375,0.0052083333333286,65,,45,0
58,114.6875,0.309895833333329,64,,45,0
-4,115,2.5,-1,0,46,0
-1,115,2.49,-1,5,46,0
27,115,0.94921875,68,,46,0
46,115,0.640625,61,,46,0
51,115,0.640625,61,,46,0
56,115,0.640625,61,,46,0
58,115,0.625,75,,46,0
58,115.625,0.015625,65,,46,0
34,115.9375,1.54817708333333,56,,46,0
39,115.9375,1.54817708333333,66,,46,0
58,115.9375,0.930989583333329,64,,46,0
55,116.875,0.6171875,65,,46,0
-4,117.5,2.5,-1,0,47,0
-1,117.5,2.49,-1,5,47,0
34,117.5,0.94921875,69,,47,0
50,117.5,1.88020833333333,56,,47,0
53,117.5,1.88020833333333,70,,47,0
41,118.4375,0.930989583333329,56,,47,0
46,118.4375,0.930989583333329,66,,47,0
41,119.375,0.6171875,57,,47,0
46,119.375,0.6171875,67,,47,0
55,119.375,0.2890625,65,,47,0
53,119.6875,0.290364583333329,64,,47,0
-4,120,2.5,-1,0,48,0
-1,120,2.49,-1,5,48,0
24,120,0.94921875,67,,48,0
48,120,1.55338541666667,61,,48,0
51,120,1.5625,71,,48,0
43,120.9375,1.54817708333333,56,,48,0
46,120.9375,1.54817708333333,66,,48,0
51,121.5625,0.0091145833333286,64,,48,0
55,121.875,0.2890625,65,,48,0
58,122.1875,0.290364583333329,64,,48,0
-4,122.5,2.5,-1,0,49,0
-1,122.5,2.49,-1,5,49,0
32,122.5,0.94921875,69,,49,0
51,122.5,1.88020833333333,56,,49,0
56,122.5,1.88020833333333,56,,49,0
60,122.5,1.88020833333333,70,,49,0
39,123.4375,1.54817708333333,56,,49,0
44,123.4375,1.54817708333333,66,,49,0
63,124.375,0.2890625,65,,49,0
60,124.6875,0.290364583333329,64,,49,0
-4,125,2.5,-1,0,50,0
-1,125,2.49,-1,5,50,0
27,125,0.94921875,60,,50,0
39,125,0.94921875,75,,50,0
46,125,0.9375,72,,50,0
51,125,0.9375,61,,50,0
55,125,0.94921875,72,,50,0
58,125,0.9375,67,,50,0
43,125.9375,0.622395833333329,56,,50,0
46,125.9375,0.01171875,70,,50,0
51,125.9375,0.01171875,56,,50,0
58,125.9375,0.01171875,66,,50,0
43,126.5625,0.92578125,64,,50,0
51,126.875,0.2890625,57,,50,0
63,126.875,0.307291666666671,71,,50,0
53,127.1875,0.290364583333329,56,,50,0
65,127.1875,0.309895833333329,70,,50,0
-4,127.5,2.5,-1,0,51,0
-1,127.5,2.49,-1,5,51,0
34,127.5,0.3125,61,,51,0
41,127.5,0.3125,71,,51,0
46,127.5,0.3125,61,,51,0
50,127.5,0.3125,75,,51,0
34,127.8125,0.0182291666666714,56,,51,0
41,127.8125,0.0182291666666714,66,,51,0
46,127.8125,0.0182291666666714,56,,51,0
50,127.8125,0.0182291666666714,66,,51,0
34,128.125,0.2890625,57,,51,0
41,128.125,0.2890625,71,,51,0
46,128.125,0.2890625,57,,51,0
50,128.125,0.307291666666657,67,,51,0
51,128.4375,0.311197916666657,64,,51,0
51,128.75,0.29296875,59,,51,0
55,128.75,0.29296875,59,,51,0
63,128.75,0.311197916666657,73,,51,0
50,129.0625,0.290364583333343,56,,51,0
53,129.0625,0.290364583333343,56,,51,0
62,129.0625,0.30859375,70,,51,0
48,129.375,0.2890625,57,,51,0
51,129.375,0.2890625,57,,51,0
60,129.375,0.307291666666657,71,,51,0
50,129.6875,0.290364583333343,56,,51,0
53,129.6875,0.290364583333343,56,,51,0
62,129.6875,0.309895833333343,70,,51,0
-4,130,2.50000000000003,-1,0,52,0
-1,130,2.49000000000003,-1,5,52,0
24,130,0.3125,59,,52,0
36,130,0.3125,75,,52,0
51,130,0.640625,61,,52,0
55,130,0.625,61,,52,0
60,130,0.640625,61,,52,0
63,130,0.625,75,,52,0
36,130.3125,0.0182291666666572,64,,52,0
39,130.625,0.2890625,57,,52,0
43,130.625,0.307291666666657,71,,52,0
55,130.625,0.015625,57,,52,0
63,130.625,0.015625,67,,52,0
36,130.9375,0.141927083333343,64,,52,0
55,130.9375,0.311197916666657,56,,52,0
63,130.9375,0.311197916666657,66,,52,0
39,131.09375,0.3125,56,,52,0
43,131.09375,0.3125,66,,52,0
55,131.25,0.29296875,59,,52,0
63,131.25,0.311197916666686,73,,52,0
39,131.40625,0.0078125,56,,52,0
43,131.40625,0.0078125,66,,52,0
36,131.5625,0.290364583333343,64,,52,0
53,131.5625,0.290364583333343,56,,52,0
60,131.5625,0.30859375,70,,52,0
39,131.875,0.2890625,57,,52,0
43,131.875,0.307291666666657,71,,52,0
55,131.875,0.307291666666657,57,,52,0
62,131.875,0.307291666666657,71,,52,0
36,132.1875,0.290364583333343,64,,52,0
55,132.1875,0.290364583333343,56,,52,0
62,132.1875,0.309895833333343,70,,52,0
-4,132.5,2.50000000000003,-1,0,53,0
-1,132.5,2.49000000000003,-1,5,53,0
32,132.5,0.3125,69,,53,0
51,132.5,0.640625,61,,53,0
56,132.5,0.625,61,,53,0
60,132.5,0.625,75,,53,0
32,132.8125,0.0182291666666572,64,,53,0
36,133.125,0.2890625,57,,53,0
39,133.125,0.307291666666657,71,,53,0
56,133.125,0.015625,57,,53,0
60,133.125,0.015625,67,,53,0
32,133.4375,0.141927083333343,64,,53,0
56,133.4375,0.311197916666657,56,,53,0
60,133.4375,0.311197916666657,66,,53,0
36,133.59375,0.3125,56,,53,0
39,133.59375,0.3125,66,,53,0
56,133.75,0.29296875,59,,53,0
60,133.75,0.311197916666686,73,,53,0
36,133.90625,0.0078125,56,,53,0
39,133.90625,0.0078125,66,,53,0
32,134.0625,0.290364583333343,64,,53,0
55,134.0625,0.290364583333343,56,,53,0
58,134.0625,0.30859375,70,,53,0
36,134.375,0.2890625,57,,53,0
39,134.375,0.307291666666657,71,,53,0
50,134.375,0.2890625,57,,53,0
53,134.375,0.307291666666657,71,,53,0
32,134.6875,0.290364583333343,64,,53,0
48,134.6875,0.290364583333343,56,,53,0
51,134.6875,0.309895833333343,70,,53,0
-4,135,2.50000000000006,-1,0,54,0
-1,135,2.49000000000006,-1,5,54,0
27,135,0.3125,68,,54,0
46,135,0.3125,61,,54,0
51,135,0.3125,61,,54,0
55,135,0.3125,75,,54,0
27,135.3125,0.0182291666666572,63,,54,0
55,135.3125,0.0182291666666572,56,,54,0
58,135.3125,0.618489583333343,70,,54,0
34,135.625,0.2890625,57,,54,0
39,135.625,0.307291666666686,71,,54,0
27,135.9375,0.141927083333343,63,,54,0
55,135.9375,0.311197916666657,56,,54,0
58,135.9375,0.311197916666657,66,,54,0
34,136.09375,0.3125,56,,54,0
39,136.09375,0.3125,66,,54,0
55,136.25,0.29296875,59,,54,0
58,136.25,0.311197916666686,69,,54,0
34,136.40625,0.0078125,56,,54,0
39,136.40625,0.0078125,66,,54,0
27,136.5625,0.290364583333343,63,,54,0
53,136.5625,0.141927083333343,64,,54,0
55,136.71875,0.463541666666657,64,,54,0
34,136.875,0.2890625,57,,54,0
39,136.875,0.307291666666657,71,,54,0
27,137.1875,0.290364583333343,63,,54,0
55,137.1875,0.290364583333343,64,,54,0
-4,137.5,2.50000000000003,-1,0,55,0
-1,137.5,2.49000000000003,-1,5,55,0
34,137.5,0.3125,69,,55,0
50,137.5,0.94921875,61,,55,0
53,137.5,0.94921875,75,,55,0
34,137.8125,0.0182291666666572,64,,55,0
38,138.125,0.2890625,57,,55,0
41,138.125,0.307291666666657,71,,55,0
34,138.4375,0.141927083333343,64,,55,0
51,138.4375,0.311197916666657,64,,55,0
38,138.59375,0.3125,56,,55,0
41,138.59375,0.3125,66,,55,0
51,138.75,0.29296875,59,,55,0
55,138.75,0.29296875,59,,55,0
63,138.75,0.311197916666686,73,,55,0
38,138.90625,0.0078125,56,,55,0
41,138.90625,0.0078125,66,,55,0
34,139.0625,0.290364583333343,64,,55,0
50,139.0625,0.290364583333343,56,,55,0
53,139.0625,0.290364583333343,56,,55,0
62,139.0625,0.30859375,70,,55,0
38,139.375,0.2890625,57,,55,0
41,139.375,0.307291666666657,71,,55,0
48,139.375,0.2890625,57,,55,0
51,139.375,0.2890625,57,,55,0
60,139.375,0.307291666666657,71,,55,0
34,139.6875,0.290364583333343,64,,55,0
50,139.6875,0.290364583333343,56,,55,0
53,139.6875,0.290364583333343,56,,55,0
62,139.6875,0.309895833333343,70,,55,0
-4,140,2.50000000000003,-1,0,56,0
-1,140,2.49000000000003,-1,5,56,0
24,140,0.3125,59,,56,0
36,140,0.3125,75,,56,0
51,140,0.640625,61,,56,0
55,140,0.625,61,,56,0
60,140,0.640625,61,,56,0
63,140,0.625,75,,56,0
36,140.3125,0.0182291666666572,64,,56,0
39,140.625,0.2890625,57,,56,0
43,140.625,0.307291666666657,71,,56,0
55,140.625,0.015625,57,,56,0
63,140.625,0.015625,67,,56,0
36,140.9375,0.141927083333343,64,,56,0
55,140.9375,0.311197916666657,56,,56,0
63,140.9375,0.311197916666657,66,,56,0
39,141.09375,0.3125,56,,56,0
43,141.09375,0.3125,66,,56,0
55,141.25,0.29296875,59,,56,0
63,141.25,0.311197916666686,73,,56,0
39,141.40625,0.0078125,56,,56,0
43,141.40625,0.0078125,66,,56,0
36,141.5625,0.290364583333343,64,,56,0
53,141.5625,0.290364583333343,56,,56,0
60,141.5625,0.30859375,70,,56,0
39,141.875,0.2890625,57,,56,0
43,141.875,0.307291666666657,71,,56,0
55,141.875,0.307291666666657,57,,56,0
62,141.875,0.307291666666657,71,,56,0
36,142.1875,0.290364583333343,64,,56,0
55,142.1875,0.290364583333343,56,,56,0
62,142.1875,0.309895833333343,70,,56,0
-4,142.5,2.50000000000003,-1,0,57,0
-1,142.5,2.49000000000003,-1,5,57,0
32,142.5,0.3125,69,,57,0
51,142.5,0.640625,61,,57,0
56,142.5,0.625,61,,57,0
60,142.5,0.625,75,,57,0
32,142.8125,0.0182291666666572,64,,57,0
36,143.125,0.2890625,57,,57,0
39,143.125,0.307291666666657,71,,57,0
56,143.125,0.015625,57,,57,0
60,143.125,0.015625,67,,57,0
32,143.4375,0.141927083333343,64,,57,0
56,143.4375,0.29296875,56,,57,0
60,143.4375,0.311197916666657,70,,57,0
36,143.59375,0.3125,56,,57,0
39,143.59375,0.3125,66,,57,0
55,143.75,0.29296875,59,,57,0
63,143.75,0.311197916666686,73,,57,0
36,143.90625,0.0078125,56,,57,0
39,143.90625,0.0078125,66,,57,0
32,144.0625,0.290364583333343,64,,57,0
56,144.0625,0.290364583333343,56,,57,0
65,144.0625,0.30859375,70,,57,0
36,144.375,0.2890625,57,,57,0
39,144.375,0.307291666666657,71,,57,0
55,144.375,0.2890625,57,,57,0
63,144.375,0.307291666666657,71,,57,0
32,144.6875,0.290364583333343,64,,57,0
56,144.6875,0.290364583333343,56,,57,0
65,144.6875,0.309895833333343,70,,57,0
-4,145,2.50000000000003,-1,0,58,0
-1,145,2.49000000000003,-1,5,58,0
27,145,0.3125,68,,58,0
58,145,0.9375,61,,58,0
67,145,0.9375,75,,58,0
27,145.3125,0.0182291666666572,63,,58,0
34,145.625,0.2890625,57,,58,0
39,145.625,0.307291666666657,71,,58,0
27,145.9375,0.141927083333343,63,,58,0
58,145.9375,0.01171875,56,,58,0
67,145.9375,0.01171875,70,,58,0
34,146.09375,0.3125,56,,58,0
39,146.09375,0.3125,66,,58,0
60,146.25,0.619791666666686,59,,58,0
68,146.25,0.619791666666686,73,,58,0
34,146.40625,0.0078125,56,,58,0
39,146.40625,0.0078125,66,,58,0
27,146.5625,0.290364583333343,63,,58,0
34,146.875,0.2890625,57,,58,0
39,146.875,0.307291666666657,71,,58,0
58,146.875,0.307291666666657,57,,58,0
67,146.875,0.307291666666657,71,,58,0
27,147.1875,0.290364583333343,63,,58,0
58,147.1875,0.623697916666657,56,,58,0
67,147.1875,0.641927083333343,66,,58,0
-4,147.5,2.50000000000009,-1,0,59,0
-1,147.5,2.49000000000009,-1,5,59,0
34,147.5,0.3125,69,,59,0
34,147.8125,0.0169270833333428,64,,59,0
56,147.8125,0.618489583333371,56,,59,0
65,147.8125,0.618489583333371,70,,59,0
38,148.125,0.2890625,57,,59,0
41,148.125,0.307291666666686,71,,59,0
34,148.4375,0.141927083333343,64,,59,0
53,148.4375,0.311197916666657,56,,59,0
62,148.4375,0.311197916666657,70,,59,0
38,148.59375,0.3125,56,,59,0
41,148.59375,0.3125,66,,59,0
53,148.75,0.619791666666686,59,,59,0
62,148.75,0.619791666666686,73,,59,0
38,148.90625,0.0078125,56,,59,0
41,148.90625,0.0078125,66,,59,0
34,149.0625,0.290364583333343,64,,59,0
38,149.375,0.2890625,57,,59,0
41,149.375,0.307291666666657,71,,59,0
55,149.375,0.307291666666657,57,,59,0
63,149.375,0.307291666666657,71,,59,0
34,149.6875,0.290364583333343,64,,59,0
55,149.6875,2.19140625,56,,59,0
63,149.6875,2.19140625,66,,59,0
-4,150,2.5,-1,0,60,0
-1,150,2.49,-1,5,60,0
32,150,0.3125,69,,60,0
32,150.3125,0.0182291666666572,64,,60,0
36,150.625,0.2890625,57,,60,0
39,150.625,0.307291666666657,71,,60,0
32,150.9375,0.141927083333343,64,,60,0
36,151.09375,0.3125,56,,60,0
39,151.09375,0.3125,66,,60,0
36,151.40625,0.0078125,56,,60,0
39,151.40625,0.0078125,66,,60,0
32,151.5625,0.290364583333343,64,,60,0
36,151.875,0.2890625,57,,60,0
39,151.875,0.307291666666657,71,,60,0
60,151.875,0.2890625,65,,60,0
32,152.1875,0.290364583333343,64,,60,0
58,152.1875,0.290364583333343,64,,60,0
-4,152.5,2.5,-1,0,61,0
-1,152.5,2.49,-1,5,61,0
27,152.5,0.3125,68,,61,0
46,152.5,1.26041666666666,61,,61,0
51,152.5,1.26041666666666,61,,61,0
55,152.5,1.26041666666666,75,,61,0
27,152.8125,0.0182291666666572,63,,61,0
34,153.125,0.2890625,57,,61,0
39,153.125,0.307291666666657,71,,61,0
27,153.4375,0.141927083333343,63,,61,0
34,153.59375,0.3125,56,,61,0
39,153.59375,0.3125,66,,61,0
34,153.90625,0.0078125,56,,61,0
39,153.90625,0.0078125,66,,61,0
27,154.0625,0.290364583333343,63,,61,0
34,154.375,0.2890625,57,,61,0
39,154.375,0.307291666666657,71,,61,0
27,154.6875,0.290364583333343,63,,61,0
-4,155,2.5,-1,0,62,0
-1,155,2.49,-1,5,62,0
34,155,2.49739583333334,56,,62,0
38,155,2.49739583333334,70,,62,0
46,155,0.930989583333343,61,,62,0
50,155,0.94921875,75,,62,0
51,155.9375,0.29296875,64,,62,0
63,156.25,0.29296875,67,,62,0
62,156.5625,0.290364583333343,64,,62,0
60,156.875,0.2890625,65,,62,0
62,157.1875,0.290364583333343,64,,62,0
-4,157.5,2.5,-1,0,63,0
-1,157.5,2.49,-1,5,63,0
36,157.5,0.3125,69,,63,0
63,157.5,0.625,69,,63,0
43,157.8125,0.291666666666657,64,,63,0
48,158.125,1.85677083333334,56,,63,0
51,158.125,1.85677083333334,70,,63,0
63,158.125,0.015625,65,,63,0
63,158.4375,0.311197916666657,64,,63,0
63,158.75,0.29296875,67,,63,0
60,159.0625,0.290364583333343,64,,63,0
62,159.375,0.307291666666657,65,,63,0
62,159.6875,0.290364583333343,64,,63,0
-4,160,2.5,-1,0,64,0
-1,160,2.49,-1,5,64,0
32,160,0.3125,69,,64,0
60,160,0.625,69,,64,0
39,160.3125,0.291666666666657,64,,64,0
44,160.625,1.85677083333334,56,,64,0
48,160.625,1.85677083333334,70,,64,0
60,160.625,0.015625,65,,64,0
60,160.9375,0.311197916666657,64,,64,0
60,161.25,0.29296875,67,,64,0
58,161.5625,0.290364583333343,64,,64,0
53,161.875,0.2890625,65,,64,0
51,162.1875,0.290364583333343,64,,64,0
-4,162.5,2.5,-1,0,65,0
-1,162.5,2.49,-1,5,65,0
39,162.5,0.3125,69,,65,0
55,162.5,0.3125,69,,65,0
46,162.8125,0.291666666666657,64,,65,0
58,162.8125,0.618489583333343,64,,65,0
51,163.125,1.85677083333334,64,,65,0
58,163.4375,0.311197916666657,64,,65,0
58,163.75,0.29296875,67,,65,0
53,164.0625,0.141927083333343,64,,65,0
55,164.21875,0.46484375,64,,65,0
55,164.6875,0.290364583333343,64,,65,0
-4,165,2.49999999999997,-1,0,66,0
-1,165,2.48999999999997,-1,5,66,0
34,165,0.3125,61,,66,0
41,165,0.3125,71,,66,0
50,165,0.949218749999972,61,,66,0
53,165,0.949218749999972,75,,66,0
34,165.3125,0.0182291666666572,56,,66,0
41,165.3125,0.0182291666666572,66,,66,0
34,165.625,0.307291666666657,57,,66,0
41,165.625,0.307291666666657,67,,66,0
34,165.9375,0.29296875,56,,66,0
41,165.9375,0.311197916666657,70,,66,0
51,165.9375,0.311197916666657,64,,66,0
51,166.25,0.29296875,59,,66,0
55,166.25,0.29296875,59,,66,0
63,166.25,0.311197916666657,73,,66,0
50,166.5625,0.290364583333343,56,,66,0
53,166.5625,0.290364583333343,56,,66,0
62,166.5625,0.30859375,70,,66,0
48,166.875,0.2890625,57,,66,0
51,166.875,0.2890625,57,,66,0
60,166.875,0.307291666666657,71,,66,0
50,167.1875,0.290364583333343,56,,66,0
53,167.1875,0.290364583333343,56,,66,0
62,167.1875,0.309895833333343,70,,66,0
-4,167.5,2.50000000000003,-1,0,67,0
-1,167.5,2.49000000000003,-1,5,67,0
24,167.5,0.3125,59,,67,0
36,167.5,0.3125,75,,67,0
51,167.5,0.640625,61,,67,0
55,167.5,0.625,61,,67,0
60,167.5,0.640625,61,,67,0
63,167.5,0.625,75,,67,0
36,167.8125,0.0182291666666572,64,,67,0
39,168.125,0.2890625,57,,67,0
43,168.125,0.307291666666657,71,,67,0
55,168.125,0.015625,57,,67,0
63,168.125,0.015625,67,,67,0
36,168.4375,0.141927083333343,64,,67,0
55,168.4375,0.311197916666657,56,,67,0
63,168.4375,0.311197916666657,66,,67,0
39,168.59375,0.3125,56,,67,0
43,168.59375,0.3125,66,,67,0
55,168.75,0.29296875,59,,67,0
63,168.75,0.311197916666686,73,,67,0
39,168.90625,0.0078125,56,,67,0
43,168.90625,0.0078125,66,,67,0
36,169.0625,0.290364583333343,64,,67,0
53,169.0625,0.290364583333343,56,,67,0
60,169.0625,0.30859375,70,,67,0
39,169.375,0.2890625,57,,67,0
43,169.375,0.307291666666657,71,,67,0
55,169.375,0.307291666666657,57,,67,0
62,169.375,0.307291666666657,71,,67,0
36,169.6875,0.290364583333343,64,,67,0
55,169.6875,0.290364583333343,56,,67,0
62,169.6875,0.309895833333343,70,,67,0
-4,170,2.50000000000003,-1,0,68,0
-1,170,2.49000000000003,-1,5,68,0
32,170,0.3125,69,,68,0
51,170,0.640625,61,,68,0
56,170,0.625,61,,68,0
60,170,0.625,75,,68,0
32,170.3125,0.0182291666666572,64,,68,0
36,170.625,0.2890625,57,,68,0
39,170.625,0.307291666666657,71,,68,0
56,170.625,0.015625,57,,68,0
60,170.625,0.015625,67,,68,0
32,170.9375,0.141927083333343,64,,68,0
56,170.9375,0.29296875,56,,68,0
60,170.9375,0.311197916666657,70,,68,0
36,171.09375,0.3125,56,,68,0
39,171.09375,0.3125,66,,68,0
55,171.25,0.29296875,59,,68,0
63,171.25,0.311197916666686,73,,68,0
36,171.40625,0.0078125,56,,68,0
39,171.40625,0.0078125,66,,68,0
32,171.5625,0.290364583333343,64,,68,0
56,171.5625,0.290364583333343,56,,68,0
65,171.5625,0.30859375,70,,68,0
36,171.875,0.2890625,57,,68,0
39,171.875,0.307291666666657,71,,68,0
55,171.875,0.2890625,57,,68,0
63,171.875,0.307291666666657,71,,68,0
32,172.1875,0.290364583333343,64,,68,0
56,172.1875,0.290364583333343,56,,68,0
65,172.1875,0.309895833333343,70,,68,0
-4,172.5,2.50000000000003,-1,0,69,0
-1,172.5,2.49000000000003,-1,5,69,0
27,172.5,0.3125,68,,69,0
58,172.5,0.9375,61,,69,0
67,172.5,0.9375,75,,69,0
27,172.8125,0.0182291666666572,63,,69,0
34,173.125,0.2890625,57,,69,0
39,173.125,0.307291666666657,71,,69,0
27,173.4375,0.141927083333343,63,,69,0
58,173.4375,0.01171875,56,,69,0
67,173.4375,0.01171875,70,,69,0
34,173.59375,0.3125,56,,69,0
39,173.59375,0.3125,66,,69,0
60,173.75,0.619791666666686,59,,69,0
68,173.75,0.619791666666686,73,,69,0
34,173.90625,0.0078125,56,,69,0
39,173.90625,0.0078125,66,,69,0
27,174.0625,0.290364583333343,63,,69,0
34,174.375,0.2890625,57,,69,0
39,174.375,0.307291666666657,71,,69,0
58,174.375,0.307291666666657,57,,69,0
67,174.375,0.307291666666657,71,,69,0
27,174.6875,0.290364583333343,63,,69,0
58,174.6875,0.623697916666657,56,,69,0
67,174.6875,0.641927083333343,66,,69,0
-4,175,2.50000000000009,-1,0,70,0
-1,175,2.49000000000009,-1,5,70,0
34,175,0.3125,69,,70,0
34,175.3125,0.0169270833333428,64,,70,0
56,175.3125,0.618489583333371,56,,70,0
65,175.3125,0.618489583333371,70,,70,0
38,175.625,0.2890625,57,,70,0
41,175.625,0.307291666666686,71,,70,0
34,175.9375,0.141927083333343,64,,70,0
53,175.9375,0.311197916666657,56,,70,0
62,175.9375,0.311197916666657,70,,70,0
38,176.09375,0.3125,56,,70,0
41,176.09375,0.3125,66,,70,0
53,176.25,0.619791666666686,59,,70,0
62,176.25,0.619791666666686,73,,70,0
38,176.40625,0.0078125,56,,70,0
41,176.40625,0.0078125,66,,70,0
34,176.5625,0.290364583333343,64,,70,0
38,176.875,0.2890625,57,,70,0
41,176.875,0.307291666666657,71,,70,0
55,176.875,0.307291666666657,57,,70,0
63,176.875,0.307291666666657,71,,70,0
34,177.1875,0.290364583333343,64,,70,0
55,177.1875,0.953125,56,,70,0
63,177.1875,0.9375,66,,70,0
-4,177.5,2.50000000000003,-1,0,71,0
-1,177.5,2.49000000000003,-1,5,71,0
24,177.5,0.3125,59,,71,0
36,177.5,0.3125,75,,71,0
36,177.8125,0.0182291666666572,64,,71,0
39,178.125,0.2890625,57,,71,0
43,178.125,0.307291666666657,71,,71,0
63,178.125,0.015625,65,,71,0
36,178.4375,0.141927083333343,64,,71,0
63,178.4375,0.311197916666657,64,,71,0
39,178.59375,0.3125,56,,71,0
43,178.59375,0.3125,66,,71,0
63,178.75,0.311197916666686,67,,71,0
39,178.90625,0.0078125,56,,71,0
43,178.90625,0.0078125,66,,71,0
36,179.0625,0.290364583333343,64,,71,0
63,179.0625,0.290364583333343,64,,71,0
39,179.375,0.2890625,57,,71,0
43,179.375,0.307291666666657,71,,71,0
62,179.375,0.2890625,65,,71,0
36,179.6875,0.290364583333343,64,,71,0
63,179.6875,0.309895833333343,64,,71,0
-4,180,2.50000000000003,-1,0,72,0
-1,180,2.49000000000003,-1,5,72,0
32,180,0.3125,69,,72,0
60,180,0.640625,61,,72,0
63,180,0.640625,75,,72,0
32,180.3125,0.0182291666666572,64,,72,0
36,180.625,0.2890625,57,,72,0
39,180.625,0.307291666666657,71,,72,0
32,180.9375,0.141927083333343,64,,72,0
60,180.9375,0.311197916666657,64,,72,0
36,181.09375,0.3125,56,,72,0
39,181.09375,0.3125,66,,72,0
60,181.25,0.311197916666686,67,,72,0
36,181.40625,0.0078125,56,,72,0
39,181.40625,0.0078125,66,,72,0
32,181.5625,0.290364583333343,64,,72,0
60,181.5625,0.30859375,64,,72,0
36,181.875,0.2890625,57,,72,0
39,181.875,0.307291666666657,71,,72,0
60,181.875,0.2890625,65,,72,0
32,182.1875,0.290364583333343,64,,72,0
62,182.1875,0.290364583333343,64,,72,0
-4,182.5,2.50000000000003,-1,0,73,0
-1,182.5,2.49000000000003,-1,5,73,0
27,182.5,0.3125,68,,73,0
58,182.5,0.640625,61,,73,0
63,182.5,0.640625,75,,73,0
27,182.8125,0.0182291666666572,63,,73,0
34,183.125,0.2890625,57,,73,0
39,183.125,0.307291666666657,71,,73,0
27,183.4375,0.141927083333343,63,,73,0
34,183.59375,0.3125,56,,73,0
39,183.59375,0.3125,66,,73,0
63,183.75,0.311197916666686,59,,73,0
67,183.75,0.311197916666686,73,,73,0
34,183.90625,0.0078125,56,,73,0
39,183.90625,0.0078125,66,,73,0
27,184.0625,0.290364583333343,63,,73,0
63,184.0625,0.290364583333343,56,,73,0
67,184.0625,0.30859375,70,,73,0
34,184.375,0.2890625,57,,73,0
39,184.375,0.307291666666657,71,,73,0
65,184.375,0.2890625,57,,73,0
68,184.375,0.307291666666657,71,,73,0
27,184.6875,0.290364583333343,63,,73,0
63,184.6875,0.290364583333343,56,,73,0
67,184.6875,0.309895833333343,70,,73,0
-4,185,2.5,-1,0,74,0
-1,185,2.49,-1,5,74,0
34,185,0.3125,69,,74,0
62,185,1.88020833333334,56,,74,0
65,185,1.88020833333334,70,,74,0
34,185.3125,0.0182291666666572,64,,74,0
38,185.625,0.2890625,57,,74,0
41,185.625,0.307291666666657,71,,74,0
34,185.9375,0.141927083333343,64,,74,0
38,186.09375,0.3125,56,,74,0
41,186.09375,0.3125,66,,74,0
38,186.40625,0.0078125,56,,74,0
41,186.40625,0.0078125,66,,74,0
34,186.5625,0.290364583333343,64,,74,0
38,186.875,0.2890625,57,,74,0
41,186.875,0.307291666666657,71,,74,0
63,186.875,0.6171875,65,,74,0
34,187.1875,0.290364583333343,64,,74,0
-4,187.5,2.50000000000003,-1,0,75,0
-1,187.5,2.49000000000003,-1,5,75,0
24,187.5,0.3125,59,,75,0
36,187.5,0.3125,75,,75,0
63,187.5,0.640625,61,,75,0
70,187.5,0.640625,75,,75,0
36,187.8125,0.0182291666666572,64,,75,0
39,188.125,0.2890625,57,,75,0
43,188.125,0.307291666666657,71,,75,0
60,188.125,0.307291666666657,65,,75,0
36,188.4375,0.141927083333343,64,,75,0
60,188.4375,0.311197916666657,64,,75,0
39,188.59375,0.3125,56,,75,0
43,188.59375,0.3125,66,,75,0
60,188.75,0.311197916666686,67,,75,0
39,188.90625,0.0078125,56,,75,0
43,188.90625,0.0078125,66,,75,0
36,189.0625,0.290364583333343,64,,75,0
60,189.0625,0.30859375,64,,75,0
39,189.375,0.2890625,57,,75,0
43,189.375,0.307291666666657,71,,75,0
60,189.375,0.2890625,65,,75,0
36,189.6875,0.290364583333343,64,,75,0
62,189.6875,0.290364583333343,64,,75,0
-4,190,2.50000000000003,-1,0,76,0
-1,190,2.49000000000003,-1,5,76,0
32,190,0.3125,69,,76,0
60,190,0.640625,61,,76,0
63,190,0.640625,75,,76,0
32,190.3125,0.0182291666666572,64,,76,0
36,190.625,0.2890625,57,,76,0
39,190.625,0.307291666666657,71,,76,0
32,190.9375,0.141927083333343,64,,76,0
36,191.09375,0.3125,56,,76,0
39,191.09375,0.3125,66,,76,0
63,191.25,0.311197916666686,67,,76,0
36,191.40625,0.0078125,56,,76,0
39,191.40625,0.0078125,66,,76,0
32,191.5625,0.290364583333343,64,,76,0
63,191.5625,0.30859375,64,,76,0
36,191.875,0.2890625,57,,76,0
39,191.875,0.307291666666657,71,,76,0
63,191.875,0.2890625,65,,76,0
32,192.1875,0.290364583333343,64,,76,0
65,192.1875,0.290364583333343,64,,76,0
-4,192.5,2.50000000000003,-1,0,77,0
-1,192.5,2.49000000000003,-1,5,77,0
27,192.5,0.3125,68,,77,0
58,192.5,1.26041666666666,72,,77,0
63,192.5,1.25,61,,77,0
67,192.5,1.25,67,,77,0
27,192.8125,0.0182291666666572,63,,77,0
34,193.125,0.2890625,57,,77,0
39,193.125,0.307291666666657,71,,77,0
27,193.4375,0.141927083333343,63,,77,0
34,193.59375,0.3125,56,,77,0
39,193.59375,0.3125,66,,77,0
63,193.75,0.0104166666666572,59,,77,0
67,193.75,0.0104166666666572,69,,77,0
34,193.90625,0.0078125,56,,77,0
39,193.90625,0.0078125,66,,77,0
27,194.0625,0.290364583333343,63,,77,0
63,194.0625,0.151041666666657,56,,77,0
67,194.0625,0.151041666666657,66,,77,0
63,194.21875,0.463541666666657,56,,77,0
67,194.21875,0.463541666666657,66,,77,0
34,194.375,0.2890625,57,,77,0
39,194.375,0.307291666666657,71,,77,0
27,194.6875,0.290364583333343,63,,77,0
63,194.6875,0.290364583333343,56,,77,0
67,194.6875,0.309895833333343,70,,77,0
-4,195,-194,-1,0,78,0
-1,195,-194,-1,5,78,0
34,195,3.140625,56,,78,0
38,195,3.140625,56,,78,0
41,195,3.140625,66,,78,0
58,195,3.140625,56,,78,0
62,195,3.140625,56,,78,0
65,195,3.140625,70,,78,0
