23,0,0.75,64,,0,0
23,0.75,0,64,,0,0
23,1.5,0,64,,0,0
23,2.25,0,64,,0,0
-4,3,3,-1,0,1,0
-1,3,2.99,-1,5,1,0
36,3,0.4375,64,,1,0
59,3,0.4375,64,,1,0
43,3.375,0.4171875,64,,1,0
57,3.375,0.4171875,64,,1,0
48,3.75,0.4140625,64,,1,0
64,3.75,0.4140625,64,,1,0
50,4.125,0.4171875,64,,1,0
57,4.125,0.4171875,64,,1,0
52,4.5,0.715625,59,,1,0
59,4.5,0.41875,64,,1,0
57,4.875,0.4140625,64,,1,0
52,5.25,0.4140625,64,,1,0
57,5.625,0.321875,59,,1,0
-4,6,3,-1,0,2,0
-1,6,2.99,-1,5,2,0
38,6,0.375,69,,2,0
59,6,0.375,69,,2,0
45,6.375,0.35,64,,2,0
57,6.375,0.35,64,,2,0
50,6.75,0.346875,65,,2,0
64,6.75,0.346875,65,,2,0
52,7.125,0.3515625,64,,2,0
57,7.125,0.3515625,64,,2,0
54,7.5,0.743749999999999,67,,2,0
59,7.5,0.3515625,67,,2,0
57,7.875,0.348437499999999,64,,2,0
52,8.25,0.346874999999999,65,,2,0
57,8.625,0.348437499999999,64,,2,0
-4,9,3,-1,0,3,0
-1,9,2.99,-1,5,3,0
40,9,0.375,69,,3,0
59,9,0.375,69,,3,0
47,9.375,0.35,64,,3,0
57,9.375,0.35,64,,3,0
52,9.75,0.346875000000001,65,,3,0
64,9.75,0.346875000000001,65,,3,0
54,10.125,0.3515625,64,,3,0
57,10.125,0.3515625,64,,3,0
55,10.5,0.743749999999999,67,,3,0
59,10.5,0.3515625,67,,3,0
57,10.875,0.348437499999999,64,,3,0
52,11.25,0.346875000000001,65,,3,0
57,11.625,0.348437499999999,64,,3,0
-4,12,3,-1,0,4,0
-1,12,2.99,-1,5,4,0
59,12,0.375,69,,4,0
57,12.375,0.35,64,,4,0
64,12.75,0.346875000000001,65,,4,0
57,13.125,0.3515625,64,,4,0
59,13.5,0.3515625,67,,4,0
57,13.875,0.348437499999999,64,,4,0
52,14.25,0.346875000000001,65,,4,0
57,14.625,0.348437499999999,64,,4,0
-4,15,3,-1,0,5,0
-1,15,2.99,-1,5,5,0
36,15,0.375,69,,5,0
59,15,0.375,69,,5,0
43,15.375,0.35,64,,5,0
57,15.375,0.35,64,,5,0
48,15.75,0.346874999999999,65,,5,0
64,15.75,0.346874999999999,65,,5,0
50,16.125,0.3515625,64,,5,0
57,16.125,0.3515625,64,,5,0
52,16.5,0.743749999999999,67,,5,0
59,16.5,0.3515625,67,,5,0
57,16.875,0.348437499999999,64,,5,0
52,17.25,0.346875000000001,65,,5,0
57,17.625,0.348437499999999,64,,5,0
-4,18,3,-1,0,6,0
-1,18,2.99,-1,5,6,0
38,18,0.375,69,,6,0
59,18,0.375,69,,6,0
45,18.375,0.350000000000001,64,,6,0
57,18.375,0.350000000000001,64,,6,0
50,18.75,0.346875000000001,65,,6,0
64,18.75,0.346875000000001,65,,6,0
52,19.125,0.3515625,64,,6,0
57,19.125,0.3515625,64,,6,0
54,19.5,0.743749999999999,67,,6,0
59,19.5,0.3515625,67,,6,0
57,19.875,0.348437499999999,64,,6,0
52,20.25,0.346875000000001,65,,6,0
57,20.625,0.348437499999999,64,,6,0
-4,21,3,-1,0,7,0
-1,21,2.99,-1,5,7,0
40,21,0.375,69,,7,0
59,21,0.375,69,,7,0
47,21.375,0.350000000000001,64,,7,0
57,21.375,0.350000000000001,64,,7,0
52,21.75,0.346875000000001,65,,7,0
64,21.75,0.346875000000001,65,,7,0
54,22.125,0.3515625,64,,7,0
57,22.125,0.3515625,64,,7,0
55,22.5,0.743749999999999,67,,7,0
59,22.5,0.3515625,67,,7,0
57,22.875,0.348437499999999,64,,7,0
64,23.25,0.346875000000001,65,,7,0
57,23.625,0.348437499999999,64,,7,0
-4,24,3,-1,0,8,0
-1,24,2.99,-1,5,8,0
28,24,2.996875,55,,8,0
35,24,2.996875,56,,8,0
40,24,2.996875,70,,8,0
47,24,2.996875,56,,8,0
52,24,2.996875,56,,8,0
56,24,2.996875,56,,8,0
59,24,2.996875,70,,8,0
-4,27,2.4,-1,0,9,0
-1,27,1.19,-1,5,9,0
59,27,0.7575,69,,9,0
43,27.3,0.892500000000002,64,,9,0
52,27.75,0.135000000000002,64,,9,0
55,27.9,0.13625,64,,9,0
59,28.05,0.143749999999997,64,,9,0
-1,28.2,1.19,-1,5,9,0
38,28.2,0.28125,67,,9,0
57,28.2,0.594999999999999,67,,9,0
45,28.5,0.278749999999999,64,,9,0
50,28.8,0.592500000000001,65,,9,0
62,28.8,0.592500000000001,65,,9,0
-4,29.4,2.4,-1,0,10,0
-1,29.4,1.19,-1,5,10,0
35,29.4,0.300000000000001,69,,10,0
57,29.4,0.463750000000001,69,,10,0
42,29.7,0.280000000000001,64,,10,0
66,29.85,0.142500000000002,64,,10,0
47,30,0.2775,65,,10,0
64,30,0.44125,65,,10,0
42,30.3,0.28125,64,,10,0
63,30.45,0.143750000000001,64,,10,0
-1,30.6,1.19,-1,5,10,0
40,30.6,0.28125,67,,10,0
64,30.6,0.594999999999999,67,,10,0
47,30.9,0.278749999999999,64,,10,0
52,31.2,0.2775,65,,10,0
71,31.2,0.592500000000001,65,,10,0
47,31.5,0.278749999999999,64,,10,0
-4,31.8,2.40000000000002,-1,0,11,0
-1,31.8,1.19000000000001,-1,5,11,0
36,31.8,0.299999999999997,69,,11,0
64,31.8,0.615000000000002,69,,11,0
43,32.1,0.280000000000001,64,,11,0
48,32.4,0.277500000000003,65,,11,0
71,32.4,0.593750000000007,65,,11,0
43,32.7,0.28125,64,,11,0
-1,33,1.19000000000001,-1,5,11,0
38,33,0.28125,67,,11,0
69,33,0.298749999999998,67,,11,0
45,33.3,0.278750000000002,64,,11,0
69,33.3,0.0912500000000023,64,,11,0
71,33.4,0.0912500000000023,64,,11,0
69,33.5,0.0949999999999989,64,,11,0
50,33.6,0.277500000000003,65,,11,0
66,33.6,0.277500000000003,65,,11,0
45,33.9,0.278750000000002,64,,11,0
62,33.9,0.278750000000002,64,,11,0
-4,34.2,2.40000000000001,-1,0,12,0
-1,34.2,2.39000000000001,-1,5,12,0
40,34.2,0.299999999999997,69,,12,0
64,34.2,1.80500000000001,64,,12,0
47,34.5,0.280000000000001,64,,12,0
52,34.8,0.277500000000003,65,,12,0
54,35.1,0.28125,64,,12,0
55,35.4,0.28125,67,,12,0
47,35.7,0.278750000000002,64,,12,0
52,36,0.592500000000001,65,,12,0
59,36.3,0.297499999999999,64,,12,0
-4,36.6,2.39999999999999,-1,0,13,0
-1,36.6,1.18999999999999,-1,5,13,0
36,36.6,0.299999999999997,69,,13,0
59,36.6,0.757499999999993,69,,13,0
43,36.9,0.892499999999991,64,,13,0
52,37.35,0.134999999999998,64,,13,0
55,37.5,0.136249999999997,64,,13,0
59,37.65,0.143749999999997,64,,13,0
-1,37.8,1.19,-1,5,13,0
38,37.8,0.28125,67,,13,0
57,37.8,0.594999999999999,67,,13,0
45,38.1,0.278750000000002,64,,13,0
50,38.4,0.592500000000001,65,,13,0
62,38.4,0.592500000000001,65,,13,0
-4,39,2.40000000000001,-1,0,14,0
-1,39,1.19000000000001,-1,5,14,0
35,39,0.299999999999997,69,,14,0
57,39,0.299999999999997,69,,14,0
42,39.3,0.280000000000001,64,,14,0
63,39.3,0.280000000000001,64,,14,0
47,39.6,0.593750000000007,65,,14,0
64,39.6,0.277500000000003,65,,14,0
66,39.9,0.28125,64,,14,0
-1,40.2,1.19,-1,5,14,0
40,40.2,0.281250000000007,67,,14,0
59,40.2,0.145000000000003,67,,14,0
67,40.35,0.134999999999998,64,,14,0
47,40.5,0.278749999999995,64,,14,0
57,40.5,0.136249999999997,64,,14,0
66,40.65,0.141249999999999,64,,14,0
52,40.8,0.592499999999994,65,,14,0
55,40.8,0.141249999999999,65,,14,0
64,40.95,0.136249999999997,64,,14,0
54,41.1,0.136249999999997,64,,14,0
62,41.25,0.142499999999998,64,,14,0
-4,41.4,2.40000000000001,-1,0,15,0
-1,41.4,1.19000000000001,-1,5,15,0
36,41.4,0.300000000000004,69,,15,0
64,41.4,0.162500000000001,69,,15,0
71,41.55,0.136250000000004,64,,15,0
43,41.7,0.280000000000008,64,,15,0
69,41.7,0.137500000000003,64,,15,0
71,41.85,0.142500000000005,64,,15,0
48,42,0.593749999999993,65,,15,0
64,42,0.142499999999998,65,,15,0
71,42.15,0.134999999999998,64,,15,0
69,42.3,0.136249999999997,64,,15,0
71,42.45,0.143749999999997,64,,15,0
-1,42.6,1.19,-1,5,15,0
38,42.6,0.281250000000007,67,,15,0
64,42.6,0.145000000000003,67,,15,0
71,42.75,0.134999999999998,64,,15,0
45,42.9,0.278749999999995,64,,15,0
69,42.9,0.136249999999997,64,,15,0
71,43.05,0.141249999999999,64,,15,0
50,43.2,0.592499999999994,65,,15,0
64,43.2,0.141249999999999,65,,15,0
71,43.35,0.136249999999997,64,,15,0
69,43.5,0.136249999999997,64,,15,0
71,43.65,0.142499999999998,64,,15,0
-4,43.8,2.40000000000003,-1,0,16,0
-1,43.8,2.39000000000003,-1,5,16,0
40,43.8,0.300000000000004,69,,16,0
64,43.8,0.162500000000001,69,,16,0
71,43.95,0.136250000000004,64,,16,0
47,44.1,0.280000000000008,64,,16,0
68,44.1,0.137500000000003,64,,16,0
71,44.25,0.142500000000005,64,,16,0
52,44.4,0.277499999999996,65,,16,0
64,44.4,0.142499999999998,65,,16,0
71,44.55,0.134999999999998,64,,16,0
54,44.7,0.28125,64,,16,0
68,44.7,0.136249999999997,64,,16,0
71,44.85,0.143750000000004,64,,16,0
56,45,0.594999999999999,67,,16,0
64,45,0.145000000000003,67,,16,0
71,45.15,0.134999999999998,64,,16,0
68,45.3,0.136249999999997,64,,16,0
71,45.45,0.141249999999999,64,,16,0
64,45.6,0.277500000000003,65,,16,0
59,45.9,0.278750000000002,64,,16,0
-4,46.2000000000001,2.40000000000002,-1,0,17,0
-1,46.2000000000001,1.19000000000002,-1,5,17,0
28,46.2000000000001,0.300000000000004,68,,17,0
67,46.2000000000001,0.162500000000001,69,,17,0
59,46.3500000000001,0.136250000000004,64,,17,0
35,46.5000000000001,0.280000000000008,64,,17,0
66,46.5000000000001,0.137500000000003,64,,17,0
59,46.6500000000001,0.142500000000005,64,,17,0
40,46.8000000000001,0.277499999999996,65,,17,0
67,46.8000000000001,0.142499999999998,65,,17,0
59,46.9500000000001,0.134999999999998,64,,17,0
43,47.1000000000001,0.28125,64,,17,0
69,47.1000000000001,0.136249999999997,64,,17,0
59,47.2500000000001,0.143750000000004,64,,17,0
-1,47.4000000000001,1.19,-1,5,17,0
35,47.4000000000001,0.281250000000007,67,,17,0
66,47.4000000000001,0.145000000000003,67,,17,0
54,47.5500000000001,0.134999999999998,64,,17,0
42,47.7000000000001,0.278749999999995,64,,17,0
64,47.7000000000001,0.136249999999997,64,,17,0
54,47.8500000000001,0.141249999999999,64,,17,0
47,48.0000000000001,0.592500000000001,65,,17,0
62,48.0000000000001,0.277500000000003,65,,17,0
59,48.3000000000001,0.136249999999997,64,,17,0
62,48.4500000000001,0.142499999999998,64,,17,0
-4,48.6000000000001,2.40000000000002,-1,0,18,0
-1,48.6000000000001,1.19000000000002,-1,5,18,0
36,48.6000000000001,0.300000000000004,69,,18,0
64,48.6000000000001,0.162500000000001,69,,18,0
55,48.7500000000001,0.136250000000004,64,,18,0
43,48.9000000000001,0.280000000000008,64,,18,0
62,48.9000000000001,0.137500000000003,64,,18,0
55,49.0500000000001,0.142500000000005,64,,18,0
48,49.2000000000001,0.277499999999996,65,,18,0
64,49.2000000000001,0.142499999999998,65,,18,0
55,49.3500000000001,0.134999999999998,64,,18,0
43,49.5000000000001,0.28125,64,,18,0
67,49.5000000000001,0.136249999999997,64,,18,0
55,49.6500000000001,0.143750000000004,64,,18,0
-1,49.8000000000001,1.19,-1,5,18,0
31,49.8000000000001,0.281250000000007,67,,18,0
62,49.8000000000001,0.145000000000003,67,,18,0
55,49.9500000000001,0.134999999999998,64,,18,0
38,50.1000000000001,0.278749999999995,64,,18,0
60,50.1000000000001,0.136249999999997,64,,18,0
55,50.2500000000001,0.141249999999999,64,,18,0
43,50.4000000000001,0.592500000000001,57,,18,0
47,50.4000000000001,0.592500000000001,71,,18,0
59,50.4000000000001,0.295000000000002,65,,18,0
59,50.7000000000001,0.136249999999997,64,,18,0
62,50.8500000000001,0.142499999999998,64,,18,0
-4,51.0000000000001,2.40000000000001,-1,0,19,0
-1,51.0000000000001,1.19000000000002,-1,5,19,0
33,51.0000000000001,0.300000000000004,69,,19,0
60,51.0000000000001,0.162500000000001,69,,19,0
52,51.1500000000001,0.136250000000004,64,,19,0
40,51.3000000000001,0.280000000000008,64,,19,0
59,51.3000000000001,0.137500000000003,64,,19,0
52,51.4500000000001,0.142500000000005,64,,19,0
45,51.6000000000001,0.277499999999996,65,,19,0
57,51.6000000000001,0.142499999999998,65,,19,0
52,51.7500000000001,0.134999999999998,64,,19,0
40,51.9000000000001,0.28125,64,,19,0
60,51.9000000000001,0.136249999999997,64,,19,0
52,52.0500000000001,0.143750000000004,64,,19,0
-1,52.2000000000001,1.19,-1,5,19,0
28,52.2000000000001,0.281250000000007,66,,19,0
59,52.2000000000001,0.145000000000003,67,,19,0
47,52.3500000000001,0.134999999999998,64,,19,0
35,52.5000000000001,0.278749999999995,64,,19,0
57,52.5000000000001,0.136249999999997,64,,19,0
47,52.6500000000001,0.141249999999999,64,,19,0
40,52.8000000000001,0.277499999999996,65,,19,0
55,52.8000000000001,0.141249999999999,65,,19,0
47,52.9500000000001,0.136249999999997,64,,19,0
35,53.1000000000001,0.278749999999995,64,,19,0
59,53.1000000000001,0.136249999999997,64,,19,0
47,53.2500000000001,0.142499999999998,64,,19,0
-4,53.4000000000001,2.40000000000002,-1,0,20,0
-1,53.4000000000001,1.19000000000002,-1,5,20,0
36,53.4000000000001,0.300000000000004,69,,20,0
57,53.4000000000001,0.162500000000001,69,,20,0
48,53.5500000000001,0.136250000000004,64,,20,0
43,53.7000000000001,0.280000000000008,64,,20,0
55,53.7000000000001,0.137500000000003,64,,20,0
48,53.8500000000001,0.142500000000005,64,,20,0
48,54.0000000000001,0.149999999999999,65,,20,0
54,54.0000000000001,0.142499999999998,65,,20,0
48,54.1500000000001,0.127499999999998,64,,20,0
43,54.3000000000001,0.28125,64,,20,0
52,54.3000000000001,0.136249999999997,64,,20,0
48,54.4500000000001,0.143750000000004,64,,20,0
-1,54.6000000000001,1.19,-1,5,20,0
35,54.6000000000001,0.28125,67,,20,0
47,54.6000000000001,0.28125,59,,20,0
51,54.6000000000001,0.298749999999998,73,,20,0
42,54.9000000000001,0.278750000000002,64,,20,0
52,54.9000000000001,0.278750000000002,64,,20,0
47,55.2000000000001,0.300000000000004,65,,20,0
54,55.2000000000001,0.277500000000003,65,,20,0
47,55.5000000000001,0.274999999999999,64,,20,0
-4,55.8000000000001,2.40000000000001,-1,0,21,0
-1,55.8000000000001,1.19000000000001,-1,5,21,0
28,55.8000000000001,0.300000000000004,68,,21,0
55,55.8000000000001,0.162500000000001,69,,21,0
47,55.9500000000001,0.136250000000004,64,,21,0
35,56.1000000000001,0.280000000000008,64,,21,0
54,56.1000000000001,0.137500000000003,64,,21,0
47,56.2500000000001,0.142500000000005,64,,21,0
40,56.4000000000001,0.277499999999996,65,,21,0
55,56.4000000000001,0.142499999999998,65,,21,0
47,56.5500000000001,0.134999999999998,64,,21,0
35,56.7000000000001,0.298749999999998,64,,21,0
57,56.7000000000001,0.136249999999997,64,,21,0
47,56.8500000000001,0.143749999999997,64,,21,0
-1,57.0000000000001,1.19,-1,5,21,0
35,57.0000000000001,0.281250000000007,67,,21,0
54,57.0000000000001,0.145000000000003,67,,21,0
47,57.1500000000001,0.134999999999998,64,,21,0
42,57.3000000000001,0.278749999999995,64,,21,0
52,57.3000000000001,0.136249999999997,64,,21,0
47,57.4500000000001,0.141249999999999,64,,21,0
47,57.6000000000001,0.277500000000003,65,,21,0
50,57.6000000000001,0.277500000000003,65,,21,0
42,57.9000000000001,0.278749999999995,64,,21,0
47,57.9000000000001,0.136249999999997,64,,21,0
50,58.0500000000001,0.142499999999998,64,,21,0
-4,58.2000000000001,2.40000000000001,-1,0,22,0
-1,58.2000000000001,1.19000000000001,-1,5,22,0
24,58.2000000000001,0.300000000000004,67,,22,0
52,58.2000000000001,0.162500000000001,69,,22,0
43,58.3500000000001,0.136250000000004,64,,22,0
31,58.5000000000001,0.280000000000008,64,,22,0
50,58.5000000000001,0.137500000000003,64,,22,0
43,58.6500000000001,0.142500000000005,64,,22,0
36,58.8000000000002,0.277499999999996,65,,22,0
52,58.8000000000002,0.142499999999998,65,,22,0
43,58.9500000000002,0.134999999999998,64,,22,0
31,59.1000000000002,0.298749999999998,64,,22,0
55,59.1000000000002,0.136249999999997,64,,22,0
43,59.2500000000001,0.143749999999997,64,,22,0
-1,59.4000000000001,1.19,-1,5,22,0
31,59.4000000000001,0.281250000000007,67,,22,0
50,59.4000000000001,0.145000000000003,67,,22,0
43,59.5500000000002,0.134999999999998,64,,22,0
38,59.7000000000002,0.278749999999995,64,,22,0
48,59.7000000000002,0.136249999999997,64,,22,0
43,59.8500000000002,0.141249999999999,64,,22,0
43,60.0000000000001,0.277500000000003,65,,22,0
47,60.0000000000001,0.295000000000002,65,,22,0
38,60.3000000000002,0.278749999999995,64,,22,0
47,60.3000000000002,0.136249999999997,64,,22,0
50,60.4500000000002,0.142499999999998,64,,22,0
-4,60.6000000000002,2.4,-1,0,23,0
-1,60.6000000000002,1.19,-1,5,23,0
33,60.6000000000002,0.299999999999997,69,,23,0
48,60.6000000000002,0.299999999999997,69,,23,0
40,60.9000000000001,0.280000000000008,64,,23,0
60,60.9000000000001,0.137500000000003,64,,23,0
59,61.0500000000002,0.142500000000005,64,,23,0
45,61.2000000000002,0.277499999999996,65,,23,0
57,61.2000000000002,0.142499999999998,65,,23,0
55,61.3500000000002,0.134999999999998,64,,23,0
40,61.5000000000002,0.28125,64,,23,0
54,61.5000000000002,0.28125,64,,23,0
-1,61.8000000000002,1.19,-1,5,23,0
28,61.8000000000002,0.281250000000007,66,,23,0
59,61.8000000000002,0.145000000000003,67,,23,0
57,61.9500000000002,0.134999999999998,64,,23,0
35,62.1000000000002,0.278749999999995,64,,23,0
59,62.1000000000002,0.136249999999997,64,,23,0
60,62.2500000000002,0.141249999999999,64,,23,0
40,62.4000000000002,0.277499999999996,65,,23,0
59,62.4000000000002,0.141249999999999,65,,23,0
57,62.5500000000002,0.136249999999997,64,,23,0
35,62.7000000000002,0.278749999999995,64,,23,0
55,62.7000000000002,0.136249999999997,64,,23,0
54,62.8500000000002,0.142499999999998,64,,23,0
-4,63.0000000000001,2.39999999999998,-1,0,24,0
-1,63.0000000000001,1.19,-1,5,24,0
33,63.0000000000001,0.615000000000002,61,,24,0
45,63.0000000000001,0.615000000000002,75,,24,0
52,63.0000000000001,0.299999999999997,69,,24,0
59,63.3000000000001,0.280000000000001,64,,24,0
30,63.6000000000002,0.59375,57,,24,0
42,63.6000000000002,0.59375,71,,24,0
51,63.6000000000002,0.277500000000003,65,,24,0
59,63.9000000000002,0.281249999999993,64,,24,0
-1,64.2000000000001,1.18125,-1,5,24,0
28,64.2000000000001,0.28125,66,,24,0
52,64.2000000000001,1.1875,67,,24,0
35,64.5000000000001,0.278750000000002,64,,24,0
40,64.8000000000001,0.592500000000001,65,,24,0
-1,65.3912500000001,1.18999999999999,-1,5,24,0
-4,65.4000000000001,2.39999999999998,-1,0,25,0
36,65.4000000000001,0.299999999999997,69,,25,0
59,65.4000000000001,0.757499999999993,69,,25,0
43,65.7000000000001,0.280000000000001,64,,25,0
48,66.0000000000001,0.59375,65,,25,0
52,66.1500000000001,0.134999999999991,64,,25,0
55,66.3000000000001,0.136250000000004,64,,25,0
59,66.4500000000001,0.143749999999997,64,,25,0
-1,66.5912500000001,1.18999999999999,-1,5,25,0
38,66.6000000000001,0.28125,67,,25,0
57,66.6000000000001,0.594999999999999,67,,25,0
45,66.9000000000001,0.278750000000002,64,,25,0
50,67.2000000000001,0.592500000000001,65,,25,0
62,67.2000000000001,0.592500000000001,65,,25,0
-1,67.7912500000001,1.18999999999999,-1,5,25,0
-4,67.8000000000001,2.39999999999998,-1,0,26,0
35,67.8000000000001,0.299999999999997,69,,26,0
57,67.8000000000001,0.463750000000005,69,,26,0
42,68.1000000000001,0.280000000000001,64,,26,0
66,68.2500000000001,0.142499999999998,64,,26,0
47,68.4000000000001,0.59375,65,,26,0
64,68.4000000000001,0.441249999999997,65,,26,0
63,68.8500000000001,0.143749999999997,64,,26,0
-1,68.9912500000001,1.19874999999998,-1,5,26,0
40,69.0000000000001,0.28125,67,,26,0
64,69.0000000000001,0.594999999999999,67,,26,0
47,69.3000000000001,0.278750000000002,64,,26,0
52,69.6000000000001,0.592500000000001,65,,26,0
71,69.6000000000001,0.592500000000001,65,,26,0
-4,70.2000000000001,2.39999999999999,-1,0,27,0
-1,70.2000000000001,1.18999999999999,-1,5,27,0
36,70.2000000000001,0.299999999999997,69,,27,0
64,70.2000000000001,0.614999999999995,69,,27,0
43,70.5000000000001,0.280000000000001,64,,27,0
48,70.8000000000001,0.59375,65,,27,0
71,70.8000000000001,0.59375,65,,27,0
-1,71.4000000000001,1.19,-1,5,27,0
38,71.4000000000001,0.28125,67,,27,0
69,71.4000000000001,0.298749999999998,67,,27,0
45,71.7000000000001,0.278750000000016,64,,27,0
69,71.7000000000001,0.0912500000000023,64,,27,0
71,71.8000000000001,0.0912500000000023,64,,27,0
69,71.9000000000001,0.0949999999999989,64,,27,0
50,72.0000000000001,0.592500000000001,65,,27,0
66,72.0000000000001,0.277500000000003,65,,27,0
62,72.3000000000001,0.278750000000002,64,,27,0
-4,72.6000000000001,2.39999999999998,-1,0,28,0
-1,72.6000000000001,1.18999999999999,-1,5,28,0
40,72.6000000000001,0.299999999999997,69,,28,0
64,72.6000000000001,1.80499999999998,64,,28,0
47,72.9000000000001,0.280000000000001,64,,28,0
52,73.2000000000001,0.277500000000003,65,,28,0
54,73.5000000000001,0.28125,64,,28,0
-1,73.8000000000001,1.18999999999999,-1,5,28,0
55,73.8000000000001,0.28125,67,,28,0
47,74.1000000000001,0.278750000000002,64,,28,0
52,74.4000000000001,0.592500000000001,65,,28,0
59,74.7000000000001,0.297499999999999,64,,28,0
-4,75.0000000000001,2.39999999999998,-1,0,29,0
-1,75.0000000000001,1.18999999999999,-1,5,29,0
36,75.0000000000001,0.299999999999997,69,,29,0
59,75.0000000000001,0.757499999999993,69,,29,0
43,75.3000000000001,0.280000000000001,64,,29,0
48,75.6000000000001,0.277500000000003,65,,29,0
52,75.7500000000001,0.134999999999991,64,,29,0
43,75.9,0.28125,64,,29,0
55,75.9,0.136250000000004,64,,29,0
59,76.0500000000001,0.143749999999997,64,,29,0
-1,76.2,1.18999999999999,-1,5,29,0
38,76.2,0.28125,67,,29,0
57,76.2,0.594999999999999,67,,29,0
45,76.5,0.278750000000002,64,,29,0
50,76.8,0.277500000000003,65,,29,0
62,76.8,0.592500000000001,65,,29,0
45,77.1,0.278750000000002,64,,29,0
-4,77.4,2.39999999999999,-1,0,30,0
-1,77.4,2.38999999999999,-1,5,30,0
35,77.4,0.299999999999997,69,,30,0
57,77.4,0.299999999999997,69,,30,0
42,77.7,0.280000000000001,64,,30,0
63,77.7,0.280000000000001,64,,30,0
47,78,0.277500000000003,65,,30,0
64,78,0.277500000000003,65,,30,0
42,78.3,0.28125,64,,30,0
66,78.3,0.28125,64,,30,0
40,78.6,0.281249999999986,67,,30,0
59,78.6,0.144999999999996,67,,30,0
67,78.75,0.134999999999991,64,,30,0
47,78.9,0.278750000000002,64,,30,0
57,78.9,0.136250000000004,64,,30,0
66,79.05,0.141249999999999,64,,30,0
52,79.2,0.277500000000003,65,,30,0
55,79.2,0.141249999999999,65,,30,0
64,79.35,0.136250000000004,64,,30,0
47,79.5,0.278750000000002,64,,30,0
54,79.5,0.136250000000004,64,,30,0
62,79.65,0.142499999999998,64,,30,0
-4,79.8,2.40000000000001,-1,0,31,0
-1,79.8,1.19,-1,5,31,0
36,79.8,0.300000000000011,69,,31,0
64,79.8,0.162500000000009,69,,31,0
71,79.95,0.136250000000004,64,,31,0
43,80.1,0.280000000000001,64,,31,0
69,80.1,0.137500000000003,64,,31,0
71,80.25,0.142499999999998,64,,31,0
48,80.4,0.59375,65,,31,0
64,80.4,0.142499999999998,65,,31,0
71,80.55,0.135000000000005,64,,31,0
69,80.7,0.136250000000004,64,,31,0
71,80.85,0.143749999999997,64,,31,0
-1,81,1.19,-1,5,31,0
38,81,0.281249999999986,67,,31,0
64,81,0.144999999999996,67,,31,0
71,81.15,0.134999999999991,64,,31,0
45,81.3,0.278750000000002,64,,31,0
69,81.3,0.136250000000004,64,,31,0
71,81.45,0.141249999999999,64,,31,0
50,81.6,0.592500000000015,65,,31,0
64,81.6,0.141249999999999,65,,31,0
71,81.75,0.136250000000004,64,,31,0
69,81.9,0.136250000000004,64,,31,0
71,82.05,0.142499999999998,64,,31,0
-4,82.2,2.39999999999998,-1,0,32,0
-1,82.2,2.38999999999998,-1,5,32,0
40,82.2,0.300000000000011,69,,32,0
64,82.2,0.162500000000009,69,,32,0
71,82.35,0.136250000000004,64,,32,0
47,82.5,0.280000000000001,64,,32,0
68,82.5,0.137500000000003,64,,32,0
71,82.65,0.142499999999998,64,,32,0
52,82.8,0.277499999999989,65,,32,0
64,82.8,0.142499999999998,65,,32,0
71,82.95,0.134999999999991,64,,32,0
54,83.1,0.28125,64,,32,0
68,83.1,0.136250000000004,64,,32,0
71,83.25,0.143749999999997,64,,32,0
56,83.4,0.594999999999999,67,,32,0
64,83.4,0.144999999999996,67,,32,0
71,83.55,0.135000000000005,64,,32,0
68,83.7,0.136250000000004,64,,32,0
71,83.85,0.141249999999999,64,,32,0
64,84,0.592500000000001,65,,32,0
-4,84.6,2.39999999999998,-1,0,33,0
-1,84.6,1.18999999999999,-1,5,33,0
36,84.6,0.299999999999997,69,,33,0
59,84.6,0.757499999999993,69,,33,0
43,84.9,0.892499999999998,64,,33,0
52,85.35,0.134999999999991,64,,33,0
55,85.5,0.136250000000004,64,,33,0
59,85.65,0.143749999999997,64,,33,0
-1,85.8,1.18999999999999,-1,5,33,0
38,85.8,0.28125,67,,33,0
57,85.8,0.594999999999999,67,,33,0
45,86.1,0.278750000000002,64,,33,0
50,86.4,0.277500000000003,65,,33,0
62,86.4,0.592500000000001,65,,33,0
45,86.7,0.278750000000002,64,,33,0
-4,87,2.39999999999998,-1,0,34,0
-1,87,1.18999999999999,-1,5,34,0
35,87,0.299999999999997,69,,34,0
57,87,0.463750000000005,69,,34,0
42,87.3,0.280000000000001,64,,34,0
66,87.45,0.142499999999998,64,,34,0
47,87.6,0.277500000000003,65,,34,0
64,87.6,0.441249999999997,65,,34,0
42,87.9,0.28125,64,,34,0
63,88.05,0.143749999999997,64,,34,0
-1,88.2,1.18999999999999,-1,5,34,0
40,88.2,0.28125,67,,34,0
64,88.2,0.594999999999999,67,,34,0
47,88.5,0.278750000000002,64,,34,0
52,88.8,0.277500000000003,65,,34,0
71,88.8,0.592500000000001,65,,34,0
47,89.1,0.278750000000002,64,,34,0
-4,89.4,2.39999999999999,-1,0,35,0
-1,89.4,1.18999999999999,-1,5,35,0
36,89.4,0.299999999999997,69,,35,0
64,89.4,0.614999999999995,69,,35,0
43,89.7,0.280000000000001,64,,35,0
48,90,0.277500000000003,65,,35,0
71,90,0.59375,65,,35,0
43,90.3,0.28125,64,,35,0
-1,90.6,1.19,-1,5,35,0
38,90.6,0.28125,67,,35,0
69,90.6,0.298749999999998,67,,35,0
45,90.8999999999999,0.278750000000016,64,,35,0
69,90.8999999999999,0.0912500000000023,64,,35,0
71,91,0.0912500000000023,64,,35,0
69,91.1,0.0949999999999989,64,,35,0
50,91.2,0.277500000000003,65,,35,0
66,91.2,0.277500000000003,65,,35,0
45,91.5,0.278750000000002,64,,35,0
62,91.5,0.278750000000002,64,,35,0
-4,91.8,2.39999999999998,-1,0,36,0
-1,91.8,2.38999999999998,-1,5,36,0
40,91.8,0.299999999999997,69,,36,0
64,91.8,1.80499999999998,64,,36,0
47,92.1,0.280000000000001,64,,36,0
52,92.3999999999999,0.277500000000003,65,,36,0
54,92.6999999999999,0.28125,64,,36,0
55,92.9999999999999,0.28125,67,,36,0
47,93.2999999999999,0.278750000000002,64,,36,0
52,93.5999999999999,0.592500000000001,65,,36,0
59,93.8999999999999,0.297499999999999,64,,36,0
-4,94.1999999999999,2.39999999999998,-1,0,37,0
-1,94.1999999999999,1.18999999999999,-1,5,37,0
36,94.1999999999999,0.299999999999997,69,,37,0
59,94.1999999999999,0.757499999999993,69,,37,0
43,94.4999999999999,0.280000000000001,64,,37,0
48,94.7999999999999,0.59375,65,,37,0
52,94.9499999999999,0.134999999999991,64,,37,0
55,95.0999999999999,0.136250000000004,64,,37,0
59,95.2499999999999,0.143749999999997,64,,37,0
-1,95.3999999999999,1.18999999999999,-1,5,37,0
38,95.3999999999999,0.28125,67,,37,0
57,95.3999999999999,0.594999999999999,67,,37,0
45,95.6999999999999,0.278750000000002,64,,37,0
50,95.9999999999999,0.592500000000001,65,,37,0
62,95.9999999999999,0.592500000000001,65,,37,0
-4,96.5999999999999,2.39999999999999,-1,0,38,0
-1,96.5999999999999,1.18999999999999,-1,5,38,0
35,96.5999999999999,0.299999999999997,69,,38,0
57,96.5999999999999,0.299999999999997,69,,38,0
42,96.8999999999999,0.280000000000001,64,,38,0
63,96.8999999999999,0.280000000000001,64,,38,0
47,97.1999999999999,0.59375,65,,38,0
64,97.1999999999999,0.277500000000003,65,,38,0
66,97.4999999999999,0.28125,64,,38,0
-1,97.7999999999999,1.19,-1,5,38,0
40,97.7999999999999,0.281249999999986,67,,38,0
59,97.7999999999999,0.144999999999996,67,,38,0
67,97.9499999999999,0.134999999999991,64,,38,0
47,98.0999999999999,0.278750000000002,64,,38,0
57,98.0999999999999,0.136250000000004,64,,38,0
66,98.2499999999999,0.141249999999999,64,,38,0
52,98.3999999999999,0.592500000000015,65,,38,0
55,98.3999999999999,0.141249999999999,65,,38,0
64,98.5499999999999,0.136250000000004,64,,38,0
54,98.6999999999999,0.136250000000004,64,,38,0
62,98.8499999999999,0.142499999999998,64,,38,0
-4,98.9999999999999,2.40000000000001,-1,0,39,0
-1,98.9999999999999,1.19,-1,5,39,0
36,98.9999999999999,0.300000000000011,69,,39,0
64,98.9999999999999,0.162500000000009,69,,39,0
71,99.1499999999999,0.136250000000004,64,,39,0
43,99.2999999999999,0.280000000000001,64,,39,0
69,99.2999999999999,0.137500000000003,64,,39,0
71,99.4499999999999,0.142499999999998,64,,39,0
48,99.5999999999999,0.59375,65,,39,0
64,99.5999999999999,0.142499999999998,65,,39,0
71,99.7499999999999,0.135000000000005,64,,39,0
69,99.8999999999999,0.136250000000004,64,,39,0
71,100.05,0.143749999999997,64,,39,0
-1,100.2,1.19,-1,5,39,0
38,100.2,0.281249999999986,67,,39,0
64,100.2,0.144999999999996,67,,39,0
71,100.35,0.134999999999991,64,,39,0
45,100.5,0.278750000000002,64,,39,0
69,100.5,0.136250000000004,64,,39,0
71,100.65,0.141249999999999,64,,39,0
50,100.8,0.592500000000015,65,,39,0
64,100.8,0.141249999999999,65,,39,0
71,100.95,0.136250000000004,64,,39,0
69,101.1,0.136250000000004,64,,39,0
71,101.25,0.142499999999998,64,,39,0
-4,101.4,2.39999999999998,-1,0,40,0
-1,101.4,2.38999999999998,-1,5,40,0
40,101.4,0.300000000000011,69,,40,0
64,101.4,0.162500000000009,69,,40,0
71,101.55,0.136250000000004,64,,40,0
47,101.7,0.280000000000001,64,,40,0
68,101.7,0.137500000000003,64,,40,0
71,101.85,0.142499999999998,64,,40,0
52,102,0.277499999999989,65,,40,0
64,102,0.142499999999998,65,,40,0
71,102.15,0.134999999999991,64,,40,0
54,102.3,0.28125,64,,40,0
68,102.3,0.136250000000004,64,,40,0
71,102.45,0.143749999999997,64,,40,0
56,102.6,0.594999999999999,67,,40,0
64,102.6,0.144999999999996,67,,40,0
71,102.75,0.135000000000005,64,,40,0
68,102.9,0.136250000000004,64,,40,0
71,103.05,0.141249999999999,64,,40,0
64,103.2,0.277500000000003,65,,40,0
59,103.5,0.278750000000002,64,,40,0
-4,103.8,2.39999999999998,-1,0,41,0
-1,103.8,1.18999999999999,-1,5,41,0
28,103.8,0.300000000000011,68,,41,0
67,103.8,0.162500000000009,69,,41,0
59,103.95,0.136250000000004,64,,41,0
35,104.1,0.280000000000001,64,,41,0
66,104.1,0.137500000000003,64,,41,0
59,104.25,0.142499999999998,64,,41,0
40,104.4,0.277499999999989,65,,41,0
67,104.4,0.142499999999998,65,,41,0
59,104.55,0.134999999999991,64,,41,0
43,104.7,0.28125,64,,41,0
69,104.7,0.136250000000004,64,,41,0
59,104.85,0.143749999999997,64,,41,0
-1,105,1.18999999999999,-1,5,41,0
35,105,0.281249999999986,67,,41,0
66,105,0.144999999999996,67,,41,0
54,105.15,0.134999999999991,64,,41,0
42,105.3,0.278750000000002,64,,41,0
64,105.3,0.136250000000004,64,,41,0
54,105.45,0.141249999999999,64,,41,0
47,105.6,0.592500000000001,65,,41,0
62,105.6,0.277500000000003,65,,41,0
59,105.9,0.136250000000004,64,,41,0
62,106.05,0.142499999999998,64,,41,0
-4,106.2,2.39999999999998,-1,0,42,0
-1,106.2,1.18999999999999,-1,5,42,0
36,106.2,0.300000000000011,69,,42,0
64,106.2,0.162500000000009,69,,42,0
55,106.35,0.136250000000004,64,,42,0
43,106.5,0.280000000000001,64,,42,0
62,106.5,0.137500000000003,64,,42,0
55,106.65,0.142499999999998,64,,42,0
48,106.8,0.277499999999989,65,,42,0
64,106.8,0.142499999999998,65,,42,0
55,106.95,0.134999999999991,64,,42,0
43,107.1,0.28125,64,,42,0
67,107.1,0.136250000000004,64,,42,0
55,107.25,0.143749999999997,64,,42,0
-1,107.4,1.18999999999999,-1,5,42,0
31,107.4,0.281249999999986,67,,42,0
62,107.4,0.144999999999996,67,,42,0
55,107.55,0.134999999999991,64,,42,0
38,107.7,0.278750000000002,64,,42,0
60,107.7,0.136250000000004,64,,42,0
55,107.85,0.141249999999999,64,,42,0
43,108,0.592500000000001,57,,42,0
47,108,0.592500000000001,71,,42,0
59,108,0.295000000000002,65,,42,0
59,108.3,0.136250000000004,64,,42,0
62,108.45,0.142499999999998,64,,42,0
-4,108.6,2.39999999999999,-1,0,43,0
-1,108.6,1.18999999999999,-1,5,43,0
33,108.6,0.300000000000011,69,,43,0
60,108.6,0.162500000000009,69,,43,0
52,108.75,0.136250000000004,64,,43,0
40,108.9,0.280000000000001,64,,43,0
59,108.9,0.137500000000003,64,,43,0
52,109.05,0.142499999999998,64,,43,0
45,109.2,0.277499999999989,65,,43,0
57,109.2,0.142499999999998,65,,43,0
52,109.35,0.134999999999991,64,,43,0
40,109.5,0.28125,64,,43,0
60,109.5,0.136250000000004,64,,43,0
52,109.65,0.143749999999997,64,,43,0
-1,109.8,1.19,-1,5,43,0
28,109.8,0.281249999999986,66,,43,0
59,109.8,0.144999999999996,67,,43,0
47,109.95,0.134999999999991,64,,43,0
35,110.1,0.278750000000002,64,,43,0
57,110.1,0.136250000000004,64,,43,0
47,110.25,0.141249999999999,64,,43,0
40,110.4,0.277500000000003,65,,43,0
55,110.4,0.141249999999999,65,,43,0
47,110.55,0.136250000000004,64,,43,0
35,110.7,0.278750000000002,64,,43,0
59,110.7,0.136250000000004,64,,43,0
47,110.85,0.142499999999998,64,,43,0
-4,111,2.39999999999998,-1,0,44,0
-1,111,1.18999999999999,-1,5,44,0
36,111,0.300000000000011,69,,44,0
57,111,0.162500000000009,69,,44,0
48,111.15,0.136250000000004,64,,44,0
43,111.3,0.280000000000001,64,,44,0
55,111.3,0.137500000000003,64,,44,0
48,111.45,0.142499999999998,64,,44,0
48,111.6,0.149999999999991,65,,44,0
54,111.6,0.142499999999998,65,,44,0
48,111.75,0.127499999999998,64,,44,0
43,111.9,0.28125,64,,44,0
52,111.9,0.136250000000004,64,,44,0
48,112.05,0.143749999999997,64,,44,0
-1,112.2,1.18999999999999,-1,5,44,0
35,112.2,0.28125,67,,44,0
47,112.2,0.28125,59,,44,0
51,112.2,0.298749999999998,73,,44,0
42,112.5,0.278750000000002,64,,44,0
52,112.5,0.278750000000002,64,,44,0
47,112.8,0.299999999999997,65,,44,0
54,112.8,0.277500000000003,65,,44,0
47,113.1,0.275000000000006,64,,44,0
-4,113.4,2.39999999999998,-1,0,45,0
-1,113.4,1.18999999999999,-1,5,45,0
28,113.4,0.300000000000011,68,,45,0
55,113.4,0.162500000000009,69,,45,0
47,113.55,0.136250000000004,64,,45,0
35,113.7,0.280000000000001,64,,45,0
54,113.7,0.137500000000003,64,,45,0
47,113.85,0.142499999999998,64,,45,0
40,114,0.277499999999989,65,,45,0
55,114,0.142499999999998,65,,45,0
47,114.15,0.134999999999991,64,,45,0
35,114.3,0.298749999999998,64,,45,0
57,114.3,0.136250000000004,64,,45,0
47,114.45,0.143749999999997,64,,45,0
-1,114.6,1.18999999999999,-1,5,45,0
35,114.6,0.281249999999986,67,,45,0
54,114.6,0.144999999999996,67,,45,0
47,114.75,0.134999999999991,64,,45,0
42,114.9,0.278750000000002,64,,45,0
52,114.9,0.136250000000004,64,,45,0
47,115.05,0.141249999999999,64,,45,0
47,115.2,0.277500000000003,65,,45,0
50,115.2,0.277500000000003,65,,45,0
42,115.5,0.278750000000002,64,,45,0
47,115.5,0.136250000000004,64,,45,0
50,115.65,0.142499999999998,64,,45,0
-4,115.8,2.39999999999998,-1,0,46,0
-1,115.8,1.18999999999999,-1,5,46,0
36,115.8,0.300000000000011,69,,46,0
52,115.8,0.162500000000009,69,,46,0
43,115.95,0.136250000000004,64,,46,0
43,116.1,0.150000000000006,64,,46,0
50,116.1,0.137500000000003,64,,46,0
43,116.25,0.129999999999995,64,,46,0
48,116.4,0.277499999999989,65,,46,0
52,116.4,0.142499999999998,65,,46,0
43,116.55,0.134999999999991,64,,46,0
43,116.7,0.150000000000006,64,,46,0
55,116.7,0.136250000000004,64,,46,0
43,116.85,0.131249999999994,64,,46,0
-1,117,1.18999999999999,-1,5,46,0
31,117,0.281249999999986,67,,46,0
50,117,0.144999999999996,67,,46,0
43,117.15,0.134999999999991,64,,46,0
38,117.3,0.278750000000002,64,,46,0
48,117.3,0.136250000000004,64,,46,0
43,117.45,0.141249999999999,64,,46,0
43,117.6,0.277500000000003,65,,46,0
47,117.6,0.295000000000002,65,,46,0
38,117.9,0.278750000000002,64,,46,0
47,117.9,0.136250000000004,64,,46,0
50,118.05,0.142499999999998,64,,46,0
-4,118.2,2.39999999999998,-1,0,47,0
-1,118.2,1.18999999999997,-1,5,47,0
33,118.2,0.299999999999997,69,,47,0
48,118.2,0.299999999999997,69,,47,0
40,118.5,0.280000000000001,64,,47,0
60,118.5,0.137500000000003,64,,47,0
59,118.65,0.142499999999998,64,,47,0
45,118.8,0.277499999999989,65,,47,0
57,118.8,0.142499999999998,65,,47,0
55,118.95,0.134999999999991,64,,47,0
40,119.1,0.28125,64,,47,0
54,119.1,0.28125,64,,47,0
-1,119.4,1.19,-1,5,47,0
28,119.4,0.281249999999986,66,,47,0
59,119.4,0.144999999999996,67,,47,0
57,119.55,0.134999999999991,64,,47,0
35,119.7,0.278750000000002,64,,47,0
59,119.7,0.136250000000004,64,,47,0
60,119.85,0.141249999999999,64,,47,0
40,120,0.277500000000003,65,,47,0
59,120,0.141249999999999,65,,47,0
57,120.15,0.136250000000004,64,,47,0
35,120.3,0.278750000000002,64,,47,0
55,120.3,0.136250000000004,64,,47,0
54,120.45,0.142499999999998,64,,47,0
-4,120.6,2.39999999999998,-1,0,48,0
-1,120.6,1.18999999999999,-1,5,48,0
33,120.6,0.614999999999995,61,,48,0
45,120.6,0.614999999999995,75,,48,0
52,120.6,0.299999999999997,69,,48,0
59,120.9,0.280000000000001,64,,48,0
30,121.2,0.59375,57,,48,0
42,121.2,0.59375,71,,48,0
51,121.2,0.277500000000003,65,,48,0
59,121.5,0.28125,64,,48,0
-1,121.8,1.18999999999999,-1,5,48,0
28,121.8,0.28125,66,,48,0
52,121.8,1.1875,67,,48,0
35,122.1,0.278750000000002,64,,48,0
40,122.4,0.592500000000001,65,,48,0
-4,123,2.40000000000001,-1,0,49,0
-1,123,1.19,-1,5,49,0
48,123,0.600000000000009,69,,49,0
64,123,0.162500000000009,69,,49,0
52,123.15,0.136250000000004,64,,49,0
55,123.3,0.137500000000003,64,,49,0
59,123.45,0.142499999999998,64,,49,0
48,123.6,0.0150000000000006,65,,49,0
64,123.6,0.142499999999998,65,,49,0
52,123.75,0.135000000000005,64,,49,0
55,123.9,0.136250000000004,64,,49,0
59,124.05,0.143749999999997,64,,49,0
-1,124.2,1.19,-1,5,49,0
50,124.2,0.594999999999999,67,,49,0
66,124.2,0.144999999999996,67,,49,0
57,124.35,0.135000000000005,64,,49,0
59,124.5,0.136250000000004,64,,49,0
64,124.65,0.141249999999999,64,,49,0
47,124.8,0.592500000000015,65,,49,0
66,124.8,0.141249999999999,65,,49,0
57,124.95,0.136250000000004,64,,49,0
67,125.1,0.136250000000004,64,,49,0
66,125.25,0.142499999999998,64,,49,0
-4,125.4,2.40000000000001,-1,0,50,0
-1,125.4,2.39000000000001,-1,5,50,0
52,125.4,0.615000000000009,69,,50,0
64,125.4,0.162500000000009,69,,50,0
55,125.55,0.136250000000004,64,,50,0
67,125.7,0.137500000000003,64,,50,0
55,125.85,0.142499999999998,64,,50,0
47,126,0.59375,65,,50,0
66,126,0.142499999999998,65,,50,0
55,126.15,0.135000000000005,64,,50,0
62,126.3,0.136250000000004,64,,50,0
55,126.45,0.143749999999997,64,,50,0
40,126.6,0.594999999999999,67,,50,0
64,126.6,0.144999999999996,67,,50,0
55,126.75,0.135000000000005,64,,50,0
62,126.9,0.136250000000004,64,,50,0
55,127.05,0.141249999999999,64,,50,0
47,127.2,0.592500000000015,65,,50,0
59,127.2,0.141249999999999,65,,50,0
55,127.35,0.136250000000004,64,,50,0
62,127.5,0.136250000000004,64,,50,0
55,127.65,0.142499999999998,64,,50,0
-4,127.8,2.39999999999984,-1,0,51,0
-1,127.8,1.1899999999999,-1,5,51,0
48,127.8,0.599999999999966,69,,51,0
64,127.8,0.162500000000009,69,,51,0
52,127.95,0.13624999999999,64,,51,0
55,128.1,0.137499999999989,64,,51,0
59,128.25,0.142500000000013,64,,51,0
48,128.4,0.0149999999999864,65,,51,0
64,128.4,0.142499999999984,65,,51,0
52,128.55,0.134999999999991,64,,51,0
55,128.7,0.13624999999999,64,,51,0
59,128.85,0.143750000000011,64,,51,0
-1,129,1.18999999999993,-1,5,51,0
50,129,0.59499999999997,67,,51,0
66,129,0.14500000000001,67,,51,0
57,129.15,0.134999999999991,64,,51,0
59,129.3,0.13624999999999,64,,51,0
64,129.45,0.141250000000014,64,,51,0
47,129.6,0.592499999999973,65,,51,0
66,129.6,0.141250000000014,65,,51,0
57,129.75,0.13624999999999,64,,51,0
67,129.9,0.13624999999999,64,,51,0
66,130.05,0.142500000000013,64,,51,0
-4,130.2,2.39999999999986,-1,0,52,0
-1,130.2,2.38999999999986,-1,5,52,0
52,130.2,0.614999999999952,69,,52,0
64,130.2,0.162499999999994,69,,52,0
55,130.35,0.13624999999999,64,,52,0
67,130.5,0.137499999999989,64,,52,0
55,130.65,0.142500000000013,64,,52,0
47,130.8,0.593749999999943,65,,52,0
69,130.8,0.142499999999984,65,,52,0
57,130.95,0.134999999999991,64,,52,0
71,131.099999999999,0.13624999999999,64,,52,0
59,131.249999999999,0.143750000000011,64,,52,0
55,131.399999999999,0.59499999999997,67,,52,0
69,131.399999999999,0.14500000000001,67,,52,0
57,131.549999999999,0.134999999999991,64,,52,0
67,131.699999999999,0.57374999999999,64,,52,0
47,131.999999999999,0.592500000000001,65,,52,0
64,132.299999999999,0.297499999999985,64,,52,0
-4,132.599999999999,2.39999999999984,-1,0,53,0
-1,132.599999999999,1.18999999999993,-1,5,53,0
48,132.599999999999,1.20999999999992,69,,53,0
64,132.599999999999,0.162499999999994,69,,53,0
52,132.749999999999,0.13624999999999,64,,53,0
55,132.899999999999,0.137499999999989,64,,53,0
59,133.049999999999,0.142500000000013,64,,53,0
64,133.199999999999,0.142500000000013,65,,53,0
52,133.349999999999,0.134999999999991,64,,53,0
55,133.499999999999,0.13624999999999,64,,53,0
59,133.649999999999,0.143750000000011,64,,53,0
-1,133.799999999999,1.1899999999999,-1,5,53,0
50,133.799999999999,0.594999999999942,67,,53,0
66,133.799999999999,0.144999999999982,67,,53,0
57,133.949999999999,0.134999999999991,64,,53,0
59,134.099999999999,0.13624999999999,64,,53,0
64,134.249999999999,0.141250000000014,64,,53,0
47,134.399999999999,0.592499999999973,65,,53,0
66,134.399999999999,0.141250000000014,65,,53,0
57,134.549999999999,0.13624999999999,64,,53,0
67,134.699999999999,0.13624999999999,64,,53,0
66,134.849999999999,0.142500000000013,64,,53,0
-4,134.999999999999,2.39999999999984,-1,0,54,0
-1,134.999999999999,2.38999999999984,-1,5,54,0
52,134.999999999999,0.614999999999952,69,,54,0
64,134.999999999999,0.162499999999994,69,,54,0
55,135.149999999999,0.13624999999999,64,,54,0
67,135.299999999999,0.137499999999989,64,,54,0
55,135.449999999999,0.142500000000013,64,,54,0
47,135.599999999999,0.593749999999943,65,,54,0
66,135.599999999999,0.142499999999984,65,,54,0
55,135.749999999999,0.134999999999991,64,,54,0
62,135.899999999999,0.13624999999999,64,,54,0
55,136.049999999999,0.143750000000011,64,,54,0
52,136.199999999999,0.59499999999997,67,,54,0
64,136.199999999999,0.14500000000001,67,,54,0
55,136.349999999999,0.134999999999991,64,,54,0
62,136.499999999999,0.13624999999999,64,,54,0
55,136.649999999999,0.141250000000014,64,,54,0
47,136.799999999999,0.592499999999973,65,,54,0
59,136.799999999999,0.141250000000014,65,,54,0
55,136.949999999999,0.13624999999999,64,,54,0
62,137.099999999999,0.13624999999999,64,,54,0
55,137.249999999999,0.142500000000013,64,,54,0
-4,137.399999999999,2.39999999999984,-1,0,55,0
-1,137.399999999999,1.18999999999993,-1,5,55,0
48,137.399999999999,1.20999999999992,69,,55,0
64,137.399999999999,0.162499999999994,69,,55,0
52,137.549999999999,0.13624999999999,64,,55,0
55,137.699999999999,0.137499999999989,64,,55,0
59,137.849999999999,0.142500000000013,64,,55,0
64,137.999999999999,0.142500000000013,65,,55,0
52,138.149999999999,0.134999999999991,64,,55,0
55,138.299999999999,0.13624999999999,64,,55,0
59,138.449999999999,0.143750000000011,64,,55,0
-1,138.599999999999,1.1899999999999,-1,5,55,0
50,138.599999999999,0.594999999999942,67,,55,0
66,138.599999999999,0.144999999999982,67,,55,0
57,138.749999999999,0.134999999999991,64,,55,0
59,138.899999999999,0.13624999999999,64,,55,0
64,139.049999999999,0.141250000000014,64,,55,0
47,139.199999999999,0.592499999999973,65,,55,0
66,139.199999999999,0.141250000000014,65,,55,0
57,139.349999999999,0.13624999999999,64,,55,0
67,139.499999999999,0.13624999999999,64,,55,0
66,139.649999999999,0.142500000000013,64,,55,0
-4,139.799999999999,2.40000000000003,-1,0,56,0
-1,139.799999999999,2.39000000000003,-1,5,56,0
40,139.799999999999,0.300000000000011,69,,56,0
64,139.799999999999,1.80500000000006,64,,56,0
47,140.099999999999,0.280000000000001,64,,56,0
52,140.399999999999,0.277500000000003,65,,56,0
54,140.699999999999,0.28125,64,,56,0
55,140.999999999999,0.28125,67,,56,0
47,141.299999999999,0.278750000000002,64,,56,0
52,141.599999999999,0.592499999999973,65,,56,0
64,141.899999999999,0.297499999999985,64,,56,0
-4,142.199999999999,2.39999999999975,-1,0,57,0
-1,142.199999999999,1.18999999999987,-1,5,57,0
36,142.199999999999,0.299999999999983,69,,57,0
64,142.199999999999,0.162499999999994,69,,57,0
52,142.349999999999,0.13624999999999,64,,57,0
43,142.499999999999,0.279999999999973,64,,57,0
55,142.499999999999,0.137499999999989,64,,57,0
59,142.649999999999,0.142499999999984,64,,57,0
48,142.799999999999,0.277500000000003,65,,57,0
64,142.799999999999,0.142500000000013,65,,57,0
52,142.949999999999,0.134999999999991,64,,57,0
43,143.099999999999,0.281249999999972,64,,57,0
55,143.099999999999,0.13624999999999,64,,57,0
59,143.249999999999,0.143749999999983,64,,57,0
-1,143.399999999999,1.18999999999987,-1,5,57,0
38,143.399999999999,0.28125,67,,57,0
66,143.399999999999,0.14500000000001,67,,57,0
57,143.549999999999,0.134999999999991,64,,57,0
45,143.699999999999,0.278749999999974,64,,57,0
59,143.699999999999,0.13624999999999,64,,57,0
64,143.849999999999,0.141249999999985,64,,57,0
50,143.999999999999,0.277500000000003,65,,57,0
66,143.999999999999,0.141250000000014,65,,57,0
57,144.149999999999,0.13624999999999,64,,57,0
45,144.299999999999,0.278749999999974,64,,57,0
67,144.299999999999,0.13624999999999,64,,57,0
66,144.449999999999,0.142499999999984,64,,57,0
-4,144.599999999999,2.39999999999975,-1,0,58,0
-1,144.599999999999,2.38999999999975,-1,5,58,0
40,144.599999999999,0.299999999999983,69,,58,0
64,144.599999999999,0.162499999999994,69,,58,0
55,144.749999999999,0.13624999999999,64,,58,0
47,144.899999999999,0.279999999999973,64,,58,0
67,144.899999999999,0.137499999999989,64,,58,0
55,145.049999999999,0.142499999999984,64,,58,0
52,145.199999999999,0.277500000000003,65,,58,0
66,145.199999999999,0.142500000000013,65,,58,0
55,145.349999999999,0.134999999999991,64,,58,0
47,145.499999999999,0.281249999999972,64,,58,0
62,145.499999999999,0.13624999999999,64,,58,0
55,145.649999999999,0.143749999999983,64,,58,0
40,145.799999999999,0.28125,67,,58,0
64,145.799999999999,0.14500000000001,67,,58,0
55,145.949999999999,0.134999999999991,64,,58,0
52,146.099999999999,0.278749999999974,64,,58,0
62,146.099999999999,0.13624999999999,64,,58,0
55,146.249999999999,0.141249999999985,64,,58,0
47,146.399999999999,0.277500000000003,65,,58,0
59,146.399999999999,0.141250000000014,65,,58,0
55,146.549999999999,0.13624999999999,64,,58,0
52,146.699999999999,0.278749999999974,64,,58,0
62,146.699999999999,0.13624999999999,64,,58,0
55,146.849999999998,0.142499999999984,64,,58,0
-4,146.999999999998,2.39999999999975,-1,0,59,0
-1,146.999999999998,1.18999999999987,-1,5,59,0
36,146.999999999998,0.299999999999983,69,,59,0
64,146.999999999998,0.162499999999994,69,,59,0
52,147.149999999998,0.13624999999999,64,,59,0
43,147.299999999998,0.279999999999973,64,,59,0
55,147.299999999998,0.137499999999989,64,,59,0
59,147.449999999998,0.142499999999984,64,,59,0
48,147.599999999998,0.277500000000003,65,,59,0
64,147.599999999998,0.142500000000013,65,,59,0
52,147.749999999998,0.134999999999991,64,,59,0
43,147.899999999998,0.281249999999972,64,,59,0
55,147.899999999998,0.13624999999999,64,,59,0
59,148.049999999998,0.143749999999983,64,,59,0
-1,148.199999999998,1.18999999999987,-1,5,59,0
38,148.199999999998,0.28125,67,,59,0
66,148.199999999998,0.14500000000001,67,,59,0
57,148.349999999998,0.134999999999991,64,,59,0
45,148.499999999998,0.278749999999974,64,,59,0
59,148.499999999998,0.13624999999999,64,,59,0
64,148.649999999998,0.141249999999985,64,,59,0
50,148.799999999998,0.277500000000003,65,,59,0
66,148.799999999998,0.141250000000014,65,,59,0
57,148.949999999998,0.13624999999999,64,,59,0
45,149.099999999998,0.278749999999974,64,,59,0
67,149.099999999998,0.13624999999999,64,,59,0
66,149.249999999998,0.142499999999984,64,,59,0
-4,149.399999999998,2.39999999999989,-1,0,60,0
-1,149.399999999998,2.38999999999989,-1,5,60,0
40,149.399999999998,0.299999999999983,69,,60,0
64,149.399999999998,0.162499999999994,69,,60,0
55,149.549999999998,0.13624999999999,64,,60,0
47,149.699999999998,0.279999999999973,64,,60,0
67,149.699999999998,0.137499999999989,64,,60,0
55,149.849999999998,0.142499999999984,64,,60,0
52,149.999999999998,0.277500000000003,65,,60,0
69,149.999999999998,0.142500000000013,65,,60,0
57,150.149999999998,0.134999999999991,64,,60,0
47,150.299999999998,0.281249999999972,64,,60,0
71,150.299999999998,0.13624999999999,64,,60,0
59,150.449999999998,0.143749999999983,64,,60,0
54,150.599999999998,0.28125,67,,60,0
69,150.599999999998,0.14500000000001,67,,60,0
57,150.749999999998,0.134999999999991,64,,60,0
47,150.899999999998,0.278750000000002,64,,60,0
67,150.899999999998,0.573750000000018,64,,60,0
55,151.199999999998,0.277500000000003,65,,60,0
47,151.499999999998,0.278750000000002,64,,60,0
64,151.499999999998,0.297500000000014,64,,60,0
-4,151.799999999998,2.39999999999975,-1,0,61,0
-1,151.799999999998,1.18999999999987,-1,5,61,0
36,151.799999999998,0.299999999999983,69,,61,0
64,151.799999999998,0.162499999999994,69,,61,0
52,151.949999999998,0.13624999999999,64,,61,0
43,152.099999999998,0.279999999999973,64,,61,0
55,152.099999999998,0.137499999999989,64,,61,0
59,152.249999999998,0.142499999999984,64,,61,0
48,152.399999999998,0.277500000000003,65,,61,0
64,152.399999999998,0.142500000000013,65,,61,0
52,152.549999999998,0.134999999999991,64,,61,0
43,152.699999999998,0.281249999999972,64,,61,0
55,152.699999999998,0.13624999999999,64,,61,0
59,152.849999999998,0.143749999999983,64,,61,0
-1,152.999999999998,1.18999999999987,-1,5,61,0
38,152.999999999998,0.28125,67,,61,0
66,152.999999999998,0.14500000000001,67,,61,0
57,153.149999999998,0.134999999999991,64,,61,0
45,153.299999999998,0.278749999999974,64,,61,0
59,153.299999999998,0.13624999999999,64,,61,0
64,153.449999999998,0.141249999999985,64,,61,0
50,153.599999999998,0.277500000000003,65,,61,0
66,153.599999999998,0.141250000000014,65,,61,0
57,153.749999999998,0.13624999999999,64,,61,0
45,153.899999999998,0.278749999999974,64,,61,0
67,153.899999999998,0.13624999999999,64,,61,0
66,154.049999999998,0.142499999999984,64,,61,0
-4,154.199999999998,2.39999999999975,-1,0,62,0
-1,154.199999999998,2.38999999999975,-1,5,62,0
40,154.199999999998,0.299999999999983,69,,62,0
64,154.199999999998,0.162499999999994,69,,62,0
55,154.349999999998,0.13624999999999,64,,62,0
47,154.499999999998,0.279999999999973,64,,62,0
67,154.499999999998,0.137499999999989,64,,62,0
55,154.649999999998,0.142499999999984,64,,62,0
52,154.799999999998,0.277500000000003,65,,62,0
66,154.799999999998,0.142500000000013,65,,62,0
55,154.949999999998,0.134999999999991,64,,62,0
47,155.099999999998,0.281249999999972,64,,62,0
62,155.099999999998,0.13624999999999,64,,62,0
55,155.249999999998,0.143749999999983,64,,62,0
40,155.399999999998,0.28125,67,,62,0
64,155.399999999998,0.14500000000001,67,,62,0
55,155.549999999998,0.134999999999991,64,,62,0
52,155.699999999998,0.278749999999974,64,,62,0
62,155.699999999998,0.13624999999999,64,,62,0
55,155.849999999998,0.141249999999985,64,,62,0
47,155.999999999998,0.277500000000003,65,,62,0
59,155.999999999998,0.141250000000014,65,,62,0
55,156.149999999998,0.13624999999999,64,,62,0
52,156.299999999998,0.278749999999974,64,,62,0
62,156.299999999998,0.13624999999999,64,,62,0
55,156.449999999998,0.142499999999984,64,,62,0
-4,156.599999999998,2.39999999999975,-1,0,63,0
-1,156.599999999998,1.18999999999987,-1,5,63,0
36,156.599999999998,0.299999999999983,69,,63,0
64,156.599999999998,0.162499999999994,69,,63,0
52,156.749999999998,0.13624999999999,64,,63,0
43,156.899999999998,0.279999999999973,64,,63,0
55,156.899999999998,0.137499999999989,64,,63,0
59,157.049999999998,0.142499999999984,64,,63,0
48,157.199999999998,0.277500000000003,65,,63,0
64,157.199999999998,0.142500000000013,65,,63,0
52,157.349999999998,0.134999999999991,64,,63,0
43,157.499999999998,0.281249999999972,64,,63,0
55,157.499999999998,0.13624999999999,64,,63,0
59,157.649999999998,0.143749999999983,64,,63,0
-1,157.799999999997,1.18999999999987,-1,5,63,0
38,157.799999999997,0.28125,67,,63,0
66,157.799999999997,0.14500000000001,67,,63,0
57,157.949999999997,0.134999999999991,64,,63,0
45,158.099999999997,0.278749999999974,64,,63,0
59,158.099999999997,0.13624999999999,64,,63,0
64,158.249999999997,0.141249999999985,64,,63,0
50,158.399999999997,0.277500000000003,65,,63,0
66,158.399999999997,0.141250000000014,65,,63,0
57,158.549999999997,0.13624999999999,64,,63,0
45,158.699999999997,0.278749999999974,64,,63,0
67,158.699999999997,0.13624999999999,64,,63,0
66,158.849999999997,0.142499999999984,64,,63,0
-4,158.999999999997,2.40000000000006,-1,0,64,0
-1,158.999999999997,2.39000000000006,-1,5,64,0
40,158.999999999997,0.300000000000011,69,,64,0
64,158.999999999997,2.39750000000006,64,,64,0
47,159.299999999997,0.280000000000001,64,,64,0
52,159.599999999997,0.277500000000003,65,,64,0
54,159.899999999997,0.28125,64,,64,0
55,160.199999999997,0.28125,67,,64,0
47,160.499999999997,0.278750000000002,64,,64,0
52,160.799999999997,0.592500000000001,65,,64,0
-4,161.399999999997,2.39999999999975,-1,0,65,0
-1,161.399999999997,1.18999999999987,-1,5,65,0
36,161.399999999997,0.299999999999983,69,,65,0
64,161.399999999997,0.162499999999994,69,,65,0
52,161.549999999997,0.13624999999999,64,,65,0
43,161.699999999997,0.279999999999973,64,,65,0
55,161.699999999997,0.137499999999989,64,,65,0
59,161.849999999997,0.142499999999984,64,,65,0
48,161.999999999997,0.277500000000003,65,,65,0
64,161.999999999997,0.142500000000013,65,,65,0
52,162.149999999997,0.134999999999991,64,,65,0
43,162.299999999997,0.281249999999972,64,,65,0
55,162.299999999997,0.13624999999999,64,,65,0
59,162.449999999997,0.143749999999983,64,,65,0
-1,162.599999999997,1.18999999999987,-1,5,65,0
38,162.599999999997,0.28125,67,,65,0
66,162.599999999997,0.14500000000001,67,,65,0
57,162.749999999997,0.134999999999991,64,,65,0
45,162.899999999997,0.278749999999974,64,,65,0
59,162.899999999997,0.13624999999999,64,,65,0
64,163.049999999997,0.141249999999985,64,,65,0
50,163.199999999997,0.277500000000003,65,,65,0
66,163.199999999997,0.141250000000014,65,,65,0
57,163.349999999997,0.13624999999999,64,,65,0
45,163.499999999997,0.278749999999974,64,,65,0
67,163.499999999997,0.13624999999999,64,,65,0
66,163.649999999997,0.142499999999984,64,,65,0
-4,163.799999999997,2.39999999999975,-1,0,66,0
-1,163.799999999997,2.38999999999975,-1,5,66,0
35,163.799999999997,0.299999999999983,69,,66,0
64,163.799999999997,0.162499999999994,69,,66,0
55,163.949999999997,0.13624999999999,64,,66,0
42,164.099999999997,0.279999999999973,64,,66,0
67,164.099999999997,0.137499999999989,64,,66,0
55,164.249999999997,0.142499999999984,64,,66,0
47,164.399999999997,0.277500000000003,65,,66,0
66,164.399999999997,0.142500000000013,65,,66,0
55,164.549999999997,0.134999999999991,64,,66,0
42,164.699999999997,0.281249999999972,64,,66,0
62,164.699999999997,0.13624999999999,64,,66,0
55,164.849999999997,0.143749999999983,64,,66,0
40,164.999999999997,0.28125,67,,66,0
64,164.999999999997,0.14500000000001,67,,66,0
55,165.149999999997,0.134999999999991,64,,66,0
47,165.299999999997,0.278749999999974,64,,66,0
62,165.299999999997,0.13624999999999,64,,66,0
55,165.449999999997,0.141249999999985,64,,66,0
52,165.599999999997,0.277500000000003,65,,66,0
59,165.599999999997,0.141250000000014,65,,66,0
55,165.749999999997,0.13624999999999,64,,66,0
47,165.899999999997,0.278749999999974,64,,66,0
62,165.899999999997,0.13624999999999,64,,66,0
55,166.049999999997,0.142499999999984,64,,66,0
-4,166.199999999997,2.39999999999975,-1,0,67,0
-1,166.199999999997,1.18999999999987,-1,5,67,0
36,166.199999999997,0.299999999999983,69,,67,0
64,166.199999999997,0.162499999999994,69,,67,0
52,166.349999999997,0.13624999999999,64,,67,0
43,166.499999999997,0.279999999999973,64,,67,0
55,166.499999999997,0.137499999999989,64,,67,0
59,166.649999999997,0.142499999999984,64,,67,0
48,166.799999999997,0.277500000000003,65,,67,0
64,166.799999999997,0.142500000000013,65,,67,0
52,166.949999999997,0.134999999999991,64,,67,0
43,167.099999999997,0.281249999999972,64,,67,0
55,167.099999999997,0.13624999999999,64,,67,0
59,167.249999999997,0.143749999999983,64,,67,0
-1,167.399999999997,1.18999999999987,-1,5,67,0
38,167.399999999997,0.28125,67,,67,0
66,167.399999999997,0.14500000000001,67,,67,0
57,167.549999999997,0.134999999999991,64,,67,0
45,167.699999999997,0.278749999999974,64,,67,0
59,167.699999999997,0.13624999999999,64,,67,0
64,167.849999999997,0.141249999999985,64,,67,0
50,167.999999999997,0.277500000000003,65,,67,0
66,167.999999999997,0.141250000000014,65,,67,0
57,168.149999999997,0.13624999999999,64,,67,0
45,168.299999999997,0.278749999999974,64,,67,0
67,168.299999999997,0.13624999999999,64,,67,0
66,168.449999999997,0.142499999999984,64,,67,0
-4,168.599999999997,2.39999999999989,-1,0,68,0
-1,168.599999999997,2.38999999999989,-1,5,68,0
40,168.599999999997,0.299999999999983,69,,68,0
64,168.599999999997,0.162499999999994,69,,68,0
55,168.749999999997,0.13624999999999,64,,68,0
47,168.899999999997,0.279999999999973,64,,68,0
67,168.899999999997,0.137499999999989,64,,68,0
55,169.049999999997,0.142499999999984,64,,68,0
52,169.199999999997,0.277500000000003,65,,68,0
69,169.199999999997,0.142500000000013,65,,68,0
57,169.349999999997,0.134999999999991,64,,68,0
47,169.499999999997,0.281249999999972,64,,68,0
71,169.499999999997,0.13624999999999,64,,68,0
59,169.649999999997,0.143749999999983,64,,68,0
55,169.799999999997,0.28125,67,,68,0
69,169.799999999997,0.14500000000001,67,,68,0
57,169.949999999997,0.134999999999991,64,,68,0
47,170.099999999997,0.278750000000002,64,,68,0
67,170.099999999997,0.573750000000018,64,,68,0
52,170.399999999997,0.277500000000003,65,,68,0
47,170.699999999997,0.278750000000002,64,,68,0
64,170.699999999997,0.297500000000014,64,,68,0
-4,170.999999999997,2.39999999999975,-1,0,69,0
-1,170.999999999997,1.18999999999987,-1,5,69,0
36,170.999999999997,0.299999999999983,69,,69,0
64,170.999999999997,0.162499999999994,69,,69,0
52,171.149999999997,0.13624999999999,64,,69,0
43,171.299999999997,0.279999999999973,64,,69,0
55,171.299999999997,0.137499999999989,64,,69,0
59,171.449999999997,0.142499999999984,64,,69,0
48,171.599999999996,0.277500000000003,65,,69,0
64,171.599999999996,0.142500000000013,65,,69,0
52,171.749999999997,0.134999999999991,64,,69,0
43,171.899999999996,0.281249999999972,64,,69,0
55,171.899999999996,0.13624999999999,64,,69,0
59,172.049999999996,0.143749999999983,64,,69,0
-1,172.199999999996,1.18999999999987,-1,5,69,0
38,172.199999999996,0.28125,67,,69,0
66,172.199999999996,0.14500000000001,67,,69,0
57,172.349999999996,0.134999999999991,64,,69,0
45,172.499999999996,0.278749999999974,64,,69,0
59,172.499999999996,0.13624999999999,64,,69,0
64,172.649999999996,0.141249999999985,64,,69,0
50,172.799999999996,0.277500000000003,65,,69,0
66,172.799999999996,0.141250000000014,65,,69,0
57,172.949999999996,0.13624999999999,64,,69,0
45,173.099999999996,0.278749999999974,64,,69,0
67,173.099999999996,0.13624999999999,64,,69,0
66,173.249999999996,0.142499999999984,64,,69,0
-4,173.399999999996,2.39999999999975,-1,0,70,0
-1,173.399999999996,2.38999999999975,-1,5,70,0
35,173.399999999996,0.299999999999983,69,,70,0
64,173.399999999996,0.162499999999994,69,,70,0
55,173.549999999996,0.13624999999999,64,,70,0
42,173.699999999996,0.279999999999973,64,,70,0
67,173.699999999996,0.137499999999989,64,,70,0
55,173.849999999996,0.142499999999984,64,,70,0
47,173.999999999996,0.277500000000003,65,,70,0
66,173.999999999996,0.142500000000013,65,,70,0
55,174.149999999996,0.134999999999991,64,,70,0
42,174.299999999996,0.281249999999972,64,,70,0
62,174.299999999996,0.13624999999999,64,,70,0
55,174.449999999996,0.143749999999983,64,,70,0
40,174.599999999996,0.28125,67,,70,0
64,174.599999999996,0.14500000000001,67,,70,0
55,174.749999999996,0.134999999999991,64,,70,0
47,174.899999999996,0.278749999999974,64,,70,0
62,174.899999999996,0.13624999999999,64,,70,0
55,175.049999999996,0.141249999999985,64,,70,0
52,175.199999999996,0.277500000000003,65,,70,0
59,175.199999999996,0.141250000000014,65,,70,0
55,175.349999999996,0.13624999999999,64,,70,0
47,175.499999999996,0.278749999999974,64,,70,0
62,175.499999999996,0.13624999999999,64,,70,0
55,175.649999999996,0.142499999999984,64,,70,0
-4,175.799999999996,2.39999999999975,-1,0,71,0
-1,175.799999999996,1.18999999999987,-1,5,71,0
36,175.799999999996,0.299999999999983,69,,71,0
64,175.799999999996,0.162499999999994,69,,71,0
52,175.949999999996,0.13624999999999,64,,71,0
43,176.099999999996,0.279999999999973,64,,71,0
55,176.099999999996,0.137499999999989,64,,71,0
59,176.249999999996,0.142499999999984,64,,71,0
48,176.399999999996,0.277500000000003,65,,71,0
64,176.399999999996,0.142500000000013,65,,71,0
52,176.549999999996,0.134999999999991,64,,71,0
43,176.699999999996,0.281249999999972,64,,71,0
55,176.699999999996,0.13624999999999,64,,71,0
59,176.849999999996,0.143749999999983,64,,71,0
-1,176.999999999996,1.18999999999987,-1,5,71,0
38,176.999999999996,0.28125,67,,71,0
66,176.999999999996,0.14500000000001,67,,71,0
57,177.149999999996,0.134999999999991,64,,71,0
45,177.299999999996,0.278749999999974,64,,71,0
59,177.299999999996,0.13624999999999,64,,71,0
64,177.449999999996,0.141249999999985,64,,71,0
50,177.599999999996,0.277500000000003,65,,71,0
66,177.599999999996,0.141250000000014,65,,71,0
57,177.749999999996,0.13624999999999,64,,71,0
45,177.899999999996,0.278749999999974,64,,71,0
67,177.899999999996,0.13624999999999,64,,71,0
66,178.049999999996,0.142499999999984,64,,71,0
-4,178.199999999996,2.39999999999986,-1,0,72,0
-1,178.199999999996,2.38999999999986,-1,5,72,0
40,178.199999999996,0.162499999999994,69,,72,0
55,178.199999999996,0.614999999999952,61,,72,0
64,178.199999999996,0.614999999999952,75,,72,0
45,178.349999999996,0.13624999999999,64,,72,0
47,178.499999999996,0.137499999999989,64,,72,0
52,178.649999999996,0.142500000000013,64,,72,0
45,178.799999999996,0.142499999999984,65,,72,0
47,178.949999999996,0.134999999999991,64,,72,0
52,179.099999999996,0.13624999999999,64,,72,0
57,179.249999999996,0.143750000000011,64,,72,0
47,179.399999999996,0.14500000000001,67,,72,0
52,179.549999999996,0.134999999999991,64,,72,0
57,179.699999999996,0.13624999999999,64,,72,0
59,179.849999999996,0.141250000000014,64,,72,0
64,179.999999999996,0.592500000000001,65,,72,0
-4,180.599999999996,2.39999999999975,-1,0,73,0
-1,180.599999999996,1.18999999999987,-1,5,73,0
36,180.599999999996,0.299999999999983,69,,73,0
64,180.599999999996,0.162499999999994,69,,73,0
52,180.749999999996,0.13624999999999,64,,73,0
43,180.899999999996,0.279999999999973,64,,73,0
55,180.899999999996,0.137499999999989,64,,73,0
59,181.049999999996,0.142499999999984,64,,73,0
48,181.199999999996,0.277500000000003,65,,73,0
64,181.199999999996,0.142500000000013,65,,73,0
52,181.349999999996,0.134999999999991,64,,73,0
43,181.499999999996,0.281249999999972,64,,73,0
55,181.499999999996,0.13624999999999,64,,73,0
59,181.649999999996,0.143749999999983,64,,73,0
-1,181.799999999996,1.18999999999987,-1,5,73,0
38,181.799999999996,0.28125,67,,73,0
66,181.799999999996,0.14500000000001,67,,73,0
57,181.949999999996,0.134999999999991,64,,73,0
45,182.099999999996,0.278749999999974,64,,73,0
59,182.099999999996,0.13624999999999,64,,73,0
64,182.249999999996,0.141249999999985,64,,73,0
50,182.399999999995,0.277500000000003,65,,73,0
66,182.399999999995,0.141250000000014,65,,73,0
57,182.549999999995,0.13624999999999,64,,73,0
45,182.699999999995,0.278749999999974,64,,73,0
67,182.699999999995,0.13624999999999,64,,73,0
66,182.849999999995,0.142499999999984,64,,73,0
-4,182.999999999995,2.39999999999975,-1,0,74,0
-1,182.999999999995,1.18999999999987,-1,5,74,0
35,182.999999999995,0.299999999999983,69,,74,0
64,182.999999999995,0.162499999999994,69,,74,0
55,183.149999999995,0.13624999999999,64,,74,0
42,183.299999999995,0.279999999999973,64,,74,0
67,183.299999999995,0.137499999999989,64,,74,0
55,183.449999999995,0.142499999999984,64,,74,0
47,183.599999999995,0.277500000000003,65,,74,0
66,183.599999999995,0.142500000000013,65,,74,0
55,183.749999999995,0.134999999999991,64,,74,0
42,183.899999999995,0.281249999999972,64,,74,0
62,183.899999999995,0.13624999999999,64,,74,0
55,184.049999999995,0.143749999999983,64,,74,0
-1,184.199999999995,1.18999999999987,-1,5,74,0
40,184.199999999995,0.28125,67,,74,0
64,184.199999999995,0.14500000000001,67,,74,0
55,184.349999999995,0.134999999999991,64,,74,0
47,184.499999999995,0.278749999999974,64,,74,0
62,184.499999999995,0.13624999999999,64,,74,0
55,184.649999999995,0.141249999999985,64,,74,0
52,184.799999999995,0.277500000000003,65,,74,0
59,184.799999999995,0.141250000000014,65,,74,0
55,184.949999999995,0.13624999999999,64,,74,0
47,185.099999999995,0.278749999999974,64,,74,0
62,185.099999999995,0.13624999999999,64,,74,0
55,185.249999999995,0.142499999999984,64,,74,0
-4,185.399999999995,2.39999999999975,-1,0,75,0
-1,185.399999999995,1.18999999999987,-1,5,75,0
36,185.399999999995,0.299999999999983,69,,75,0
64,185.399999999995,0.162499999999994,69,,75,0
52,185.549999999995,0.13624999999999,64,,75,0
43,185.699999999995,0.279999999999973,64,,75,0
55,185.699999999995,0.137499999999989,64,,75,0
59,185.849999999995,0.142499999999984,64,,75,0
48,185.999999999995,0.277500000000003,65,,75,0
64,185.999999999995,0.142500000000013,65,,75,0
52,186.149999999995,0.134999999999991,64,,75,0
43,186.299999999995,0.281249999999972,64,,75,0
55,186.299999999995,0.13624999999999,64,,75,0
59,186.449999999995,0.143749999999983,64,,75,0
-1,186.599999999995,1.18999999999987,-1,5,75,0
38,186.599999999995,0.28125,67,,75,0
66,186.599999999995,0.14500000000001,67,,75,0
57,186.749999999995,0.134999999999991,64,,75,0
45,186.899999999995,0.278749999999974,64,,75,0
59,186.899999999995,0.13624999999999,64,,75,0
64,187.049999999995,0.141249999999985,64,,75,0
50,187.199999999995,0.277500000000003,65,,75,0
66,187.199999999995,0.141250000000014,65,,75,0
57,187.349999999995,0.13624999999999,64,,75,0
45,187.499999999995,0.278749999999974,64,,75,0
67,187.499999999995,0.13624999999999,64,,75,0
66,187.649999999995,0.142499999999984,64,,75,0
-4,187.799999999995,2.39999999999978,-1,0,76,0
-1,187.799999999995,2.38999999999978,-1,5,76,0
40,187.799999999995,0.299999999999983,69,,76,0
64,187.799999999995,0.162499999999994,69,,76,0
55,187.949999999995,0.13624999999999,64,,76,0
47,188.099999999995,0.279999999999973,64,,76,0
67,188.099999999995,0.137499999999989,64,,76,0
55,188.249999999995,0.142499999999984,64,,76,0
52,188.399999999995,0.277500000000003,65,,76,0
69,188.399999999995,0.142500000000013,65,,76,0
57,188.549999999995,0.134999999999991,64,,76,0
54,188.699999999995,0.281249999999972,64,,76,0
71,188.699999999995,0.13624999999999,64,,76,0
59,188.849999999995,0.143749999999983,64,,76,0
55,188.999999999995,0.28125,67,,76,0
71,188.999999999995,0.14500000000001,67,,76,0
59,189.149999999995,0.134999999999991,64,,76,0
47,189.299999999995,0.278749999999974,64,,76,0
71,189.299999999995,0.13624999999999,64,,76,0
59,189.449999999995,0.141249999999985,64,,76,0
52,189.599999999995,0.592499999999973,65,,76,0
71,189.599999999995,0.141250000000014,65,,76,0
59,189.749999999995,0.13624999999999,64,,76,0
69,189.899999999995,0.13624999999999,64,,76,0
57,190.049999999995,0.142500000000013,64,,76,0
-4,190.199999999995,2.39999999999975,-1,0,77,0
-1,190.199999999995,1.18999999999987,-1,5,77,0
36,190.199999999995,0.299999999999983,69,,77,0
64,190.199999999995,0.162499999999994,69,,77,0
52,190.349999999995,0.13624999999999,64,,77,0
43,190.499999999995,0.279999999999973,64,,77,0
55,190.499999999995,0.137499999999989,64,,77,0
59,190.649999999995,0.142499999999984,64,,77,0
48,190.799999999995,0.277500000000003,65,,77,0
64,190.799999999995,0.142500000000013,65,,77,0
52,190.949999999995,0.134999999999991,64,,77,0
43,191.099999999995,0.281249999999972,64,,77,0
55,191.099999999995,0.13624999999999,64,,77,0
59,191.249999999995,0.143749999999983,64,,77,0
-1,191.399999999995,1.18999999999987,-1,5,77,0
38,191.399999999995,0.28125,67,,77,0
66,191.399999999995,0.14500000000001,67,,77,0
57,191.549999999995,0.134999999999991,64,,77,0
45,191.699999999995,0.278749999999974,64,,77,0
59,191.699999999995,0.13624999999999,64,,77,0
64,191.849999999995,0.141249999999985,64,,77,0
50,191.999999999995,0.277500000000003,65,,77,0
66,191.999999999995,0.141250000000014,65,,77,0
57,192.149999999995,0.13624999999999,64,,77,0
45,192.299999999994,0.278749999999974,64,,77,0
67,192.299999999994,0.13624999999999,64,,77,0
66,192.449999999994,0.142499999999984,64,,77,0
-4,192.599999999994,2.39999999999975,-1,0,78,0
-1,192.599999999994,2.38999999999975,-1,5,78,0
40,192.599999999994,0.299999999999983,69,,78,0
64,192.599999999994,0.162499999999994,69,,78,0
55,192.749999999994,0.13624999999999,64,,78,0
47,192.899999999994,0.279999999999973,64,,78,0
67,192.899999999994,0.137499999999989,64,,78,0
55,193.049999999994,0.142499999999984,64,,78,0
52,193.199999999994,0.277500000000003,65,,78,0
66,193.199999999994,0.142500000000013,65,,78,0
55,193.349999999994,0.134999999999991,64,,78,0
47,193.499999999994,0.281249999999972,64,,78,0
62,193.499999999994,0.13624999999999,64,,78,0
55,193.649999999994,0.143749999999983,64,,78,0
40,193.799999999994,0.28125,67,,78,0
64,193.799999999994,0.14500000000001,67,,78,0
55,193.949999999994,0.134999999999991,64,,78,0
52,194.099999999994,0.278749999999974,64,,78,0
62,194.099999999994,0.13624999999999,64,,78,0
55,194.249999999994,0.141249999999985,64,,78,0
47,194.399999999994,0.277500000000003,65,,78,0
59,194.399999999994,0.141250000000014,65,,78,0
55,194.549999999994,0.13624999999999,64,,78,0
52,194.699999999994,0.278749999999974,64,,78,0
62,194.699999999994,0.13624999999999,64,,78,0
55,194.849999999994,0.142499999999984,64,,78,0
-4,194.999999999994,2.39999999999975,-1,0,79,0
-1,194.999999999994,1.18999999999987,-1,5,79,0
36,194.999999999994,0.299999999999983,69,,79,0
64,194.999999999994,0.162499999999994,69,,79,0
52,195.149999999994,0.13624999999999,64,,79,0
43,195.299999999994,0.279999999999973,64,,79,0
55,195.299999999994,0.137499999999989,64,,79,0
59,195.449999999994,0.142499999999984,64,,79,0
48,195.599999999994,0.277500000000003,65,,79,0
64,195.599999999994,0.142500000000013,65,,79,0
52,195.749999999994,0.134999999999991,64,,79,0
43,195.899999999994,0.281249999999972,64,,79,0
55,195.899999999994,0.13624999999999,64,,79,0
59,196.049999999994,0.143749999999983,64,,79,0
-1,196.199999999994,1.18999999999987,-1,5,79,0
38,196.199999999994,0.28125,67,,79,0
66,196.199999999994,0.14500000000001,67,,79,0
57,196.349999999994,0.134999999999991,64,,79,0
45,196.499999999994,0.278749999999974,64,,79,0
59,196.499999999994,0.13624999999999,64,,79,0
64,196.649999999994,0.141249999999985,64,,79,0
50,196.799999999994,0.277500000000003,65,,79,0
66,196.799999999994,0.141250000000014,65,,79,0
57,196.949999999994,0.13624999999999,64,,79,0
45,197.099999999994,0.278749999999974,64,,79,0
67,197.099999999994,0.13624999999999,64,,79,0
66,197.249999999994,0.142499999999984,64,,79,0
-4,197.399999999994,2.39999999999986,-1,0,80,0
-1,197.399999999994,4.78999999999978,-1,5,80,0
40,197.399999999994,0.162499999999994,69,,80,0
64,197.399999999994,0.614999999999952,69,,80,0
45,197.549999999994,0.13624999999999,64,,80,0
47,197.699999999994,0.137499999999989,64,,80,0
52,197.849999999994,0.142500000000013,64,,80,0
45,197.999999999994,0.142499999999984,65,,80,0
47,198.149999999994,0.134999999999991,64,,80,0
52,198.299999999994,0.13624999999999,64,,80,0
57,198.449999999994,0.143750000000011,64,,80,0
47,198.599999999994,0.14500000000001,67,,80,0
52,198.749999999994,0.134999999999991,64,,80,0
57,198.899999999994,0.13624999999999,64,,80,0
59,199.049999999994,0.141250000000014,64,,80,0
64,199.199999999994,1.80499999999998,65,,80,0
-4,199.799999999994,2.39999999999992,-1,0,81,0
57,201.149999999994,0.134999999999991,64,,81,0
59,201.299999999994,0.13624999999999,64,,81,0
67,201.449999999994,0.141250000000014,64,,81,0
66,201.599999999994,0.141250000000014,65,,81,0
64,201.749999999994,0.13624999999999,64,,81,0
66,201.899999999994,0.13624999999999,64,,81,0
63,202.049999999994,0.142500000000013,64,,81,0
-4,202.199999999994,2.39999999999981,-1,0,82,0
-1,202.199999999994,1.18999999999987,-1,5,82,0
28,202.199999999994,0.299999999999983,68,,82,0
67,202.199999999994,0.162499999999994,69,,82,0
59,202.349999999994,0.13624999999999,64,,82,0
35,202.499999999994,0.279999999999973,64,,82,0
66,202.499999999994,0.137499999999989,64,,82,0
59,202.649999999994,0.142499999999984,64,,82,0
40,202.799999999994,0.277500000000003,65,,82,0
67,202.799999999994,0.142500000000013,65,,82,0
59,202.949999999994,0.134999999999991,64,,82,0
43,203.099999999994,0.281249999999972,64,,82,0
69,203.099999999994,0.13624999999999,64,,82,0
59,203.249999999994,0.143749999999983,64,,82,0
-1,203.399999999994,1.18999999999993,-1,5,82,0
35,203.399999999994,0.28125,67,,82,0
66,203.399999999994,0.14500000000001,67,,82,0
54,203.549999999994,0.134999999999991,64,,82,0
42,203.699999999994,0.278749999999974,64,,82,0
64,203.699999999994,0.13624999999999,64,,82,0
54,203.849999999994,0.141249999999985,64,,82,0
47,203.999999999994,0.592500000000001,65,,82,0
62,203.999999999994,0.277500000000003,65,,82,0
59,204.299999999994,0.13624999999999,64,,82,0
62,204.449999999994,0.142500000000013,64,,82,0
-4,204.599999999994,2.39999999999978,-1,0,83,0
-1,204.599999999994,1.18999999999987,-1,5,83,0
24,204.599999999994,0.299999999999983,67,,83,0
64,204.599999999994,0.162499999999994,69,,83,0
55,204.749999999994,0.13624999999999,64,,83,0
31,204.899999999994,0.279999999999973,64,,83,0
62,204.899999999994,0.137499999999989,64,,83,0
55,205.049999999994,0.142499999999984,64,,83,0
36,205.199999999993,0.277500000000003,65,,83,0
64,205.199999999993,0.142500000000013,65,,83,0
55,205.349999999993,0.134999999999991,64,,83,0
40,205.499999999993,0.281249999999972,64,,83,0
67,205.499999999993,0.13624999999999,64,,83,0
55,205.649999999993,0.143749999999983,64,,83,0
-1,205.799999999993,1.1899999999999,-1,5,83,0
31,205.799999999993,0.28125,67,,83,0
62,205.799999999993,0.14500000000001,67,,83,0
55,205.949999999993,0.134999999999991,64,,83,0
38,206.099999999993,0.278749999999974,64,,83,0
60,206.099999999993,0.13624999999999,64,,83,0
55,206.249999999993,0.141249999999985,64,,83,0
43,206.399999999993,0.592499999999973,57,,83,0
47,206.399999999993,0.592499999999973,71,,83,0
59,206.399999999993,0.294999999999987,65,,83,0
59,206.699999999993,0.13624999999999,64,,83,0
62,206.849999999993,0.142500000000013,64,,83,0
-4,206.999999999993,2.39999999999975,-1,0,84,0
-1,206.999999999993,1.18999999999987,-1,5,84,0
33,206.999999999993,0.299999999999983,69,,84,0
60,206.999999999993,0.162499999999994,69,,84,0
52,207.149999999993,0.13624999999999,64,,84,0
40,207.299999999993,0.279999999999973,64,,84,0
59,207.299999999993,0.137499999999989,64,,84,0
52,207.449999999993,0.142499999999984,64,,84,0
45,207.599999999993,0.277500000000003,65,,84,0
57,207.599999999993,0.142500000000013,65,,84,0
52,207.749999999993,0.134999999999991,64,,84,0
40,207.899999999993,0.281249999999972,64,,84,0
60,207.899999999993,0.13624999999999,64,,84,0
52,208.049999999993,0.143749999999983,64,,84,0
-1,208.199999999993,1.18999999999987,-1,5,84,0
28,208.199999999993,0.28125,66,,84,0
59,208.199999999993,0.14500000000001,67,,84,0
47,208.349999999993,0.134999999999991,64,,84,0
35,208.499999999993,0.278749999999974,64,,84,0
57,208.499999999993,0.13624999999999,64,,84,0
47,208.649999999993,0.141249999999985,64,,84,0
40,208.799999999993,0.277500000000003,65,,84,0
55,208.799999999993,0.141250000000014,65,,84,0
47,208.949999999993,0.13624999999999,64,,84,0
35,209.099999999993,0.278749999999974,64,,84,0
59,209.099999999993,0.13624999999999,64,,84,0
47,209.249999999993,0.142499999999984,64,,84,0
-4,209.399999999993,2.39999999999992,-1,0,85,0
-1,209.399999999993,1.18999999999987,-1,5,85,0
36,209.399999999993,0.299999999999983,69,,85,0
57,209.399999999993,0.162499999999994,69,,85,0
48,209.549999999993,0.13624999999999,64,,85,0
43,209.699999999993,0.279999999999973,64,,85,0
55,209.699999999993,0.137499999999989,64,,85,0
48,209.849999999993,0.142499999999984,64,,85,0
48,209.999999999993,0.150000000000006,65,,85,0
54,209.999999999993,0.142500000000013,65,,85,0
48,210.149999999993,0.127499999999998,64,,85,0
43,210.299999999993,0.281249999999972,64,,85,0
52,210.299999999993,0.13624999999999,64,,85,0
48,210.449999999993,0.143749999999983,64,,85,0
-1,210.599999999993,1.19000000000005,-1,5,85,0
35,210.599999999993,0.28125,67,,85,0
47,210.599999999993,0.28125,59,,85,0
51,210.599999999993,0.298750000000013,73,,85,0
42,210.899999999993,0.278750000000002,64,,85,0
52,210.899999999993,0.278750000000002,64,,85,0
47,211.199999999993,0.300000000000011,65,,85,0
54,211.199999999993,0.277500000000003,65,,85,0
47,211.499999999993,0.275000000000006,64,,85,0
-4,211.799999999993,2.39999999999978,-1,0,86,0
-1,211.799999999993,1.18999999999987,-1,5,86,0
28,211.799999999993,0.299999999999983,68,,86,0
55,211.799999999993,0.162499999999994,69,,86,0
47,211.949999999993,0.13624999999999,64,,86,0
35,212.099999999993,0.279999999999973,64,,86,0
54,212.099999999993,0.137499999999989,64,,86,0
47,212.249999999993,0.142499999999984,64,,86,0
40,212.399999999993,0.277500000000003,65,,86,0
55,212.399999999993,0.142500000000013,65,,86,0
47,212.549999999993,0.134999999999991,64,,86,0
43,212.699999999993,0.281249999999972,64,,86,0
57,212.699999999993,0.13624999999999,64,,86,0
47,212.849999999993,0.143749999999983,64,,86,0
-1,212.999999999993,1.1899999999999,-1,5,86,0
35,212.999999999993,0.28125,67,,86,0
54,212.999999999993,0.14500000000001,67,,86,0
47,213.149999999993,0.134999999999991,64,,86,0
42,213.299999999993,0.278749999999974,64,,86,0
52,213.299999999993,0.13624999999999,64,,86,0
47,213.449999999993,0.141249999999985,64,,86,0
47,213.599999999993,0.277500000000003,65,,86,0
50,213.599999999993,0.277500000000003,65,,86,0
42,213.899999999993,0.278749999999974,64,,86,0
47,213.899999999993,0.13624999999999,64,,86,0
50,214.049999999993,0.142499999999984,64,,86,0
-4,214.199999999993,2.39999999999978,-1,0,87,0
-1,214.199999999993,1.18999999999987,-1,5,87,0
36,214.199999999993,0.299999999999983,69,,87,0
52,214.199999999993,0.162499999999994,69,,87,0
43,214.349999999993,0.13624999999999,64,,87,0
43,214.499999999993,0.149999999999977,64,,87,0
50,214.499999999993,0.137499999999989,64,,87,0
43,214.649999999993,0.129999999999995,64,,87,0
48,214.799999999993,0.277500000000003,65,,87,0
52,214.799999999993,0.142500000000013,65,,87,0
43,214.949999999993,0.134999999999991,64,,87,0
43,215.099999999993,0.149999999999977,64,,87,0
55,215.099999999993,0.13624999999999,64,,87,0
43,215.249999999993,0.131249999999994,64,,87,0
-1,215.399999999993,1.1899999999999,-1,5,87,0
31,215.399999999993,0.28125,67,,87,0
50,215.399999999993,0.14500000000001,67,,87,0
43,215.549999999993,0.134999999999991,64,,87,0
38,215.699999999993,0.278749999999974,64,,87,0
48,215.699999999993,0.13624999999999,64,,87,0
43,215.849999999993,0.141249999999985,64,,87,0
43,215.999999999993,0.277500000000003,65,,87,0
47,215.999999999993,0.295000000000016,65,,87,0
38,216.299999999993,0.278749999999974,64,,87,0
47,216.299999999993,0.13624999999999,64,,87,0
50,216.449999999993,0.142499999999984,64,,87,0
-4,216.599999999993,2.39999999999984,-1,0,88,0
-1,216.599999999993,1.18999999999996,-1,5,88,0
33,216.599999999993,0.300000000000011,69,,88,0
48,216.599999999993,0.300000000000011,69,,88,0
40,216.899999999993,0.279999999999973,64,,88,0
60,216.899999999993,0.137499999999989,64,,88,0
59,217.049999999993,0.142499999999984,64,,88,0
45,217.199999999993,0.277500000000003,65,,88,0
57,217.199999999993,0.142500000000013,65,,88,0
55,217.349999999993,0.134999999999991,64,,88,0
40,217.499999999992,0.28125,64,,88,0
54,217.499999999992,0.28125,64,,88,0
-1,217.799999999993,1.18999999999987,-1,5,88,0
28,217.799999999993,0.28125,66,,88,0
59,217.799999999993,0.14500000000001,67,,88,0
57,217.949999999993,0.134999999999991,64,,88,0
35,218.099999999992,0.278749999999974,64,,88,0
59,218.099999999992,0.13624999999999,64,,88,0
60,218.249999999992,0.141249999999985,64,,88,0
40,218.399999999992,0.277500000000003,65,,88,0
59,218.399999999992,0.141250000000014,65,,88,0
57,218.549999999992,0.13624999999999,64,,88,0
35,218.699999999992,0.278749999999974,64,,88,0
55,218.699999999992,0.13624999999999,64,,88,0
54,218.849999999992,0.142499999999984,64,,88,0
-4,218.999999999992,2.39999999999998,-1,0,89,0
-1,218.999999999992,1.18999999999999,-1,5,89,0
33,218.999999999992,0.615000000000009,61,,89,0
45,218.999999999992,0.615000000000009,75,,89,0
52,218.999999999992,0.300000000000011,69,,89,0
59,219.299999999992,0.280000000000001,64,,89,0
30,219.599999999992,0.593749999999972,57,,89,0
42,219.599999999992,0.593749999999972,71,,89,0
51,219.599999999992,0.277499999999975,65,,89,0
59,219.899999999992,0.28125,64,,89,0
-1,220.199999999992,1.18999999999999,-1,5,89,0
28,220.199999999992,0.28125,66,,89,0
52,220.199999999992,0.890000000000015,67,,89,0
35,220.499999999992,0.278750000000002,64,,89,0
40,220.799999999992,0.592499999999973,65,,89,0
47,221.099999999992,0.278750000000002,64,,89,0
-4,221.399999999992,2.39999999999978,-1,0,90,0
-1,221.399999999992,1.18999999999987,-1,5,90,0
28,221.399999999992,0.299999999999983,68,,90,0
55,221.399999999992,0.162499999999994,69,,90,0
47,221.549999999992,0.13624999999999,64,,90,0
35,221.699999999992,0.279999999999973,64,,90,0
54,221.699999999992,0.137499999999989,64,,90,0
47,221.849999999992,0.142499999999984,64,,90,0
40,221.999999999992,0.277500000000003,65,,90,0
55,221.999999999992,0.142500000000013,65,,90,0
47,222.149999999992,0.134999999999991,64,,90,0
43,222.299999999992,0.281249999999972,64,,90,0
57,222.299999999992,0.13624999999999,64,,90,0
47,222.449999999992,0.143749999999983,64,,90,0
-1,222.599999999992,1.1899999999999,-1,5,90,0
35,222.599999999992,0.28125,67,,90,0
54,222.599999999992,0.14500000000001,67,,90,0
47,222.749999999992,0.134999999999991,64,,90,0
42,222.899999999992,0.278749999999974,64,,90,0
52,222.899999999992,0.13624999999999,64,,90,0
47,223.049999999992,0.141249999999985,64,,90,0
47,223.199999999992,0.277500000000003,65,,90,0
50,223.199999999992,0.277500000000003,65,,90,0
42,223.499999999992,0.278749999999974,64,,90,0
47,223.499999999992,0.13624999999999,64,,90,0
50,223.649999999992,0.142499999999984,64,,90,0
-4,223.799999999992,2.39999999999978,-1,0,91,0
-1,223.799999999992,1.18999999999987,-1,5,91,0
36,223.799999999992,0.299999999999983,69,,91,0
52,223.799999999992,0.162499999999994,69,,91,0
43,223.949999999992,0.13624999999999,64,,91,0
43,224.099999999992,0.149999999999977,64,,91,0
50,224.099999999992,0.137499999999989,64,,91,0
43,224.249999999992,0.129999999999995,64,,91,0
48,224.399999999992,0.277500000000003,65,,91,0
52,224.399999999992,0.142500000000013,65,,91,0
43,224.549999999992,0.134999999999991,64,,91,0
43,224.699999999992,0.149999999999977,64,,91,0
55,224.699999999992,0.13624999999999,64,,91,0
43,224.849999999992,0.131249999999994,64,,91,0
-1,224.999999999992,1.1899999999999,-1,5,91,0
31,224.999999999992,0.28125,67,,91,0
50,224.999999999992,0.14500000000001,67,,91,0
43,225.149999999992,0.134999999999991,64,,91,0
38,225.299999999992,0.278749999999974,64,,91,0
48,225.299999999992,0.13624999999999,64,,91,0
43,225.449999999992,0.141249999999985,64,,91,0
43,225.599999999992,0.277500000000003,65,,91,0
47,225.599999999992,0.295000000000016,65,,91,0
38,225.899999999992,0.278749999999974,64,,91,0
47,225.899999999992,0.13624999999999,64,,91,0
50,226.049999999992,0.142499999999984,64,,91,0
-4,226.199999999992,2.39999999999992,-1,0,92,0
-1,226.199999999992,1.18999999999996,-1,5,92,0
33,226.199999999992,0.300000000000011,69,,92,0
48,226.199999999992,0.300000000000011,69,,92,0
40,226.499999999992,0.279999999999973,64,,92,0
60,226.499999999992,0.137499999999989,64,,92,0
59,226.649999999992,0.142499999999984,64,,92,0
45,226.799999999992,0.277500000000003,65,,92,0
57,226.799999999992,0.142500000000013,65,,92,0
55,226.949999999992,0.134999999999991,64,,92,0
40,227.099999999992,0.28125,64,,92,0
54,227.099999999992,0.28125,64,,92,0
-1,227.399999999992,1.18999999999996,-1,5,92,0
28,227.399999999992,0.28125,66,,92,0
47,227.399999999992,0.28125,67,,92,0
35,227.699999999992,0.278749999999974,64,,92,0
59,227.699999999992,0.13624999999999,64,,92,0
57,227.849999999992,0.141249999999985,64,,92,0
40,227.999999999992,0.277500000000003,65,,92,0
55,227.999999999992,0.141250000000014,65,,92,0
54,228.149999999992,0.13624999999999,64,,92,0
35,228.299999999992,0.278750000000002,64,,92,0
52,228.299999999992,0.278750000000002,64,,92,0
-4,228.599999999992,2.39999999999984,-1,0,93,0
-1,228.599999999992,1.18999999999993,-1,5,93,0
33,228.599999999992,0.614999999999981,61,,93,0
45,228.599999999992,0.614999999999981,75,,93,0
48,228.599999999992,0.300000000000011,69,,93,0
60,228.899999999992,0.137499999999989,64,,93,0
59,229.049999999992,0.142500000000013,64,,93,0
57,229.199999999992,0.142499999999984,65,,93,0
55,229.349999999992,0.134999999999991,64,,93,0
54,229.499999999992,0.13624999999999,64,,93,0
52,229.649999999992,0.143750000000011,64,,93,0
-1,229.799999999992,1.1899999999999,-1,5,93,0
35,229.799999999992,0.28125,67,,93,0
51,229.799999999992,0.14500000000001,67,,93,0
48,229.949999999992,0.134999999999991,64,,93,0
30,230.099999999992,0.278749999999974,64,,93,0
47,230.099999999992,0.13624999999999,64,,93,0
45,230.249999999992,0.141249999999985,64,,93,0
27,230.399999999992,0.592499999999973,64,,93,0
43,230.399999999992,0.141250000000014,65,,93,0
42,230.549999999992,0.13624999999999,64,,93,0
40,230.699999999992,0.13624999999999,64,,93,0
39,230.849999999992,0.142500000000013,64,,93,0
-4,230.999999999992,2.39999999999978,-1,0,94,0
-1,230.999999999992,1.18999999999987,-1,5,94,0
28,230.999999999992,0.299999999999983,68,,94,0
55,230.999999999992,0.162499999999994,69,,94,0
47,231.149999999992,0.13624999999999,64,,94,0
35,231.299999999992,0.279999999999973,64,,94,0
54,231.299999999992,0.137499999999989,64,,94,0
47,231.449999999992,0.142499999999984,64,,94,0
40,231.599999999992,0.277500000000003,65,,94,0
55,231.599999999992,0.142500000000013,65,,94,0
47,231.749999999992,0.134999999999991,64,,94,0
43,231.899999999992,0.281249999999972,64,,94,0
57,231.899999999992,0.13624999999999,64,,94,0
47,232.049999999992,0.143749999999983,64,,94,0
-1,232.199999999992,1.1899999999999,-1,5,94,0
35,232.199999999992,0.28125,67,,94,0
54,232.199999999992,0.14500000000001,67,,94,0
47,232.349999999992,0.134999999999991,64,,94,0
42,232.499999999992,0.278749999999974,64,,94,0
52,232.499999999992,0.13624999999999,64,,94,0
47,232.649999999992,0.141249999999985,64,,94,0
47,232.799999999991,0.277500000000003,65,,94,0
50,232.799999999991,0.277500000000003,65,,94,0
42,233.099999999991,0.278749999999974,64,,94,0
47,233.099999999991,0.13624999999999,64,,94,0
50,233.249999999991,0.142499999999984,64,,94,0
-4,233.399999999991,2.39999999999978,-1,0,95,0
-1,233.399999999991,1.18999999999987,-1,5,95,0
36,233.399999999991,0.299999999999983,69,,95,0
52,233.399999999991,0.162499999999994,69,,95,0
43,233.549999999991,0.13624999999999,64,,95,0
43,233.699999999991,0.279999999999973,64,,95,0
52,233.699999999991,0.137499999999989,64,,95,0
50,233.849999999991,0.142499999999984,64,,95,0
48,233.999999999991,0.277500000000003,65,,95,0
52,233.999999999991,0.142500000000013,65,,95,0
54,234.149999999991,0.134999999999991,64,,95,0
43,234.299999999991,0.149999999999977,64,,95,0
55,234.299999999991,0.13624999999999,64,,95,0
43,234.449999999991,0.131249999999994,64,,95,0
-1,234.599999999991,1.1899999999999,-1,5,95,0
31,234.599999999991,0.28125,67,,95,0
50,234.599999999991,0.14500000000001,67,,95,0
43,234.749999999991,0.134999999999991,64,,95,0
38,234.899999999991,0.278749999999974,64,,95,0
48,234.899999999991,0.13624999999999,64,,95,0
43,235.049999999991,0.141249999999985,64,,95,0
43,235.199999999991,0.277500000000003,65,,95,0
47,235.199999999991,0.295000000000016,65,,95,0
38,235.499999999991,0.278749999999974,64,,95,0
47,235.499999999991,0.13624999999999,64,,95,0
50,235.649999999991,0.142499999999984,64,,95,0
-4,235.799999999991,2.39999999999984,-1,0,96,0
-1,235.799999999991,1.18999999999996,-1,5,96,0
33,235.799999999991,0.300000000000011,69,,96,0
48,235.799999999991,0.300000000000011,69,,96,0
40,236.099999999991,0.279999999999973,64,,96,0
60,236.099999999991,0.137499999999989,64,,96,0
59,236.249999999991,0.142499999999984,64,,96,0
45,236.399999999991,0.277500000000003,65,,96,0
57,236.399999999991,0.142500000000013,65,,96,0
55,236.549999999991,0.134999999999991,64,,96,0
40,236.699999999991,0.28125,64,,96,0
54,236.699999999991,0.28125,64,,96,0
-1,236.999999999991,1.18999999999987,-1,5,96,0
28,236.999999999991,0.28125,66,,96,0
59,236.999999999991,0.14500000000001,67,,96,0
57,237.149999999991,0.134999999999991,64,,96,0
35,237.299999999991,0.278749999999974,64,,96,0
59,237.299999999991,0.13624999999999,64,,96,0
60,237.449999999991,0.141249999999985,64,,96,0
40,237.599999999991,0.277500000000003,65,,96,0
59,237.599999999991,0.141250000000014,65,,96,0
57,237.749999999991,0.13624999999999,64,,96,0
35,237.899999999991,0.278749999999974,64,,96,0
55,237.899999999991,0.13624999999999,64,,96,0
54,238.049999999991,0.142499999999984,64,,96,0
-4,238.199999999991,2.39999999999998,-1,0,97,0
-1,238.199999999991,1.18999999999999,-1,5,97,0
33,238.199999999991,0.615000000000009,61,,97,0
45,238.199999999991,0.615000000000009,75,,97,0
52,238.199999999991,0.300000000000011,69,,97,0
59,238.499999999991,0.280000000000001,64,,97,0
30,238.799999999991,0.593749999999972,57,,97,0
42,238.799999999991,0.593749999999972,71,,97,0
51,238.799999999991,0.277499999999975,65,,97,0
59,239.099999999991,0.28125,64,,97,0
-1,239.399999999991,1.18999999999999,-1,5,97,0
28,239.399999999991,0.28125,66,,97,0
52,239.399999999991,0.890000000000015,67,,97,0
35,239.699999999991,0.278750000000002,64,,97,0
40,239.999999999991,0.592499999999973,65,,97,0
47,240.299999999991,0.278750000000002,64,,97,0
-4,240.599999999991,2.40000000000009,-1,0,98,0
-1,240.599999999991,2.39000000000009,-1,5,98,0
36,240.599999999991,0.300000000000011,69,,98,0
59,240.599999999991,0.300000000000011,69,,98,0
43,240.899999999991,0.280000000000001,64,,98,0
57,240.899999999991,0.280000000000001,64,,98,0
48,241.199999999991,0.277500000000003,65,,98,0
64,241.199999999991,0.277500000000003,65,,98,0
50,241.499999999991,0.28125,64,,98,0
57,241.499999999991,0.28125,64,,98,0
52,241.799999999991,0.595000000000027,67,,98,0
59,241.799999999991,0.28125,67,,98,0
57,242.099999999991,0.278750000000002,64,,98,0
52,242.399999999991,0.277500000000003,65,,98,0
57,242.699999999991,0.278750000000002,64,,98,0
-4,242.999999999991,2.40000000000009,-1,0,99,0
-1,242.999999999991,2.39000000000009,-1,5,99,0
38,242.999999999991,0.300000000000011,69,,99,0
59,242.999999999991,0.300000000000011,69,,99,0
45,243.299999999991,0.280000000000001,64,,99,0
57,243.299999999991,0.280000000000001,64,,99,0
50,243.599999999991,0.277500000000003,65,,99,0
64,243.599999999991,0.277500000000003,65,,99,0
52,243.899999999991,0.28125,64,,99,0
57,243.899999999991,0.28125,64,,99,0
54,244.199999999991,0.595000000000027,67,,99,0
59,244.199999999991,0.28125,67,,99,0
57,244.499999999991,0.278750000000002,64,,99,0
52,244.799999999991,0.277500000000003,65,,99,0
57,245.099999999991,0.278750000000002,64,,99,0
-4,245.399999999991,2.40000000000003,-1,0,100,0
-1,245.399999999991,2.39000000000003,-1,5,100,0
40,245.399999999991,0.300000000000011,69,,100,0
59,245.399999999991,0.300000000000011,69,,100,0
47,245.699999999991,0.279999999999973,64,,100,0
69,245.699999999991,0.137499999999989,64,,100,0
71,245.849999999991,0.142499999999984,64,,100,0
52,245.999999999991,0.277500000000003,65,,100,0
64,245.999999999991,0.277500000000003,65,,100,0
54,246.299999999991,0.28125,64,,100,0
57,246.299999999991,0.28125,64,,100,0
55,246.599999999991,0.595000000000027,67,,100,0
59,246.599999999991,0.28125,67,,100,0
57,246.899999999991,0.278750000000002,64,,100,0
52,247.199999999991,0.277500000000003,65,,100,0
57,247.499999999991,0.278750000000002,64,,100,0
-4,247.799999999991,2.40000000000009,-1,0,101,0
-1,247.799999999991,2.39000000000009,-1,5,101,0
59,247.799999999991,0.300000000000011,69,,101,0
57,248.099999999991,0.280000000000001,64,,101,0
64,248.399999999991,0.277500000000003,65,,101,0
57,248.699999999991,0.28125,64,,101,0
59,248.999999999991,0.28125,67,,101,0
57,249.299999999991,0.278750000000002,64,,101,0
52,249.599999999991,0.277500000000003,65,,101,0
57,249.899999999991,0.278750000000002,64,,101,0
-4,250.199999999991,2.40000000000009,-1,0,102,0
-1,250.199999999991,2.39000000000009,-1,5,102,0
36,250.199999999991,0.300000000000011,69,,102,0
59,250.199999999991,0.300000000000011,69,,102,0
43,250.499999999991,0.280000000000001,64,,102,0
57,250.499999999991,0.280000000000001,64,,102,0
48,250.799999999991,0.277500000000003,65,,102,0
64,250.799999999991,0.277500000000003,65,,102,0
50,251.099999999991,0.28125,64,,102,0
57,251.099999999991,0.28125,64,,102,0
52,251.399999999991,0.595000000000027,67,,102,0
59,251.399999999991,0.28125,67,,102,0
57,251.699999999991,0.278750000000002,64,,102,0
52,251.999999999991,0.277500000000003,65,,102,0
57,252.299999999991,0.278750000000002,64,,102,0
-4,252.599999999991,2.40000000000009,-1,0,103,0
-1,252.599999999991,2.39000000000009,-1,5,103,0
38,252.599999999991,0.300000000000011,69,,103,0
59,252.599999999991,0.300000000000011,69,,103,0
45,252.899999999991,0.280000000000001,64,,103,0
57,252.899999999991,0.280000000000001,64,,103,0
50,253.199999999991,0.277500000000003,65,,103,0
64,253.199999999991,0.277500000000003,65,,103,0
52,253.499999999991,0.28125,64,,103,0
57,253.499999999991,0.28125,64,,103,0
54,253.799999999991,0.595000000000027,67,,103,0
59,253.799999999991,0.28125,67,,103,0
57,254.099999999991,0.278750000000002,64,,103,0
52,254.399999999992,0.277500000000003,65,,103,0
57,254.699999999992,0.278750000000002,64,,103,0
-4,254.999999999992,2.39999999999998,-1,0,104,0
-1,254.999999999992,2.38999999999998,-1,5,104,0
40,254.999999999992,0.300000000000011,69,,104,0
59,254.999999999992,0.300000000000011,69,,104,0
47,255.299999999992,0.279999999999973,64,,104,0
66,255.299999999992,0.137499999999989,56,,104,0
69,255.299999999992,0.146249999999981,70,,104,0
67,255.449999999992,0.142499999999984,56,,104,0
71,255.449999999992,0.151249999999976,70,,104,0
52,255.599999999991,0.277500000000003,65,,104,0
64,255.599999999991,0.277500000000003,65,,104,0
54,255.899999999992,0.28125,64,,104,0
57,255.899999999992,0.28125,64,,104,0
55,256.199999999992,0.600000000000023,67,,104,0
59,256.199999999992,0.28125,67,,104,0
57,256.499999999992,0.278750000000002,64,,104,0
52,256.799999999992,0.277499999999975,65,,104,0
57,257.099999999992,0.278750000000002,64,,104,0
-4,257.399999999992,-251,-1,0,105,0
-1,257.399999999992,-251,-1,5,105,0
59,257.399999999992,0.300000000000011,69,,105,0
57,257.749999999992,0.279999999999973,64,,105,0
64,258.074999999992,0.524999999999977,65,,105,0
57,258.449999999992,0.528750000000002,64,,105,0
59,258.824999999992,0.528750000000002,67,,105,0
57,259.299999999992,0.5,64,,105,0
52,259.731249999992,0.818750000000023,65,,105,0
57,260.474999999992,2.64499999999998,64,,105,0
