23,0,0.8006758625,50,,0,0
23,0.810811,0.8006758625,50,,0,0
23,1.621622,0.8006758625,50,,0,0
64,2.432433,0.8006758625,65,,0,0
-4,3.243244,3.243244,-1,0,1,0
-1,3.243244,3.233244,-1,5,1,0
33,3.243244,0.4054055,69,,1,0
61,3.243244,2.43918975833333,64,,1,0
40,3.6486495,0.378378466666667,64,,1,0
45,4.054055,0.3750000875,65,,1,0
40,4.4594605,0.38006765625,64,,1,0
45,4.864866,0.804054241666667,67,,1,0
47,5.675677,0.3750000875,65,,1,0
71,5.675677,0.8006758625,65,,1,0
40,6.0810825,0.376689277083333,64,,1,0
-4,6.486488,3.243244,-1,0,2,0
-1,6.486488,3.233244,-1,5,2,0
32,6.486488,0.4054055,69,,2,0
68,6.486488,2.43918975833333,64,,2,0
35,6.8918935,0.378378466666667,64,,2,0
40,7.297299,0.3750000875,57,,2,0
44,7.297299,0.398648741666666,71,,2,0
35,7.7027045,0.380067656250001,64,,2,0
40,8.10811,1.60473010416667,59,,2,0
44,8.10811,1.60473010416667,73,,2,0
64,8.918921,0.8006758625,65,,2,0
-4,9.729732,3.243244,-1,0,3,0
-1,9.729732,3.233244,-1,5,3,0
30,9.729732,0.405405500000001,69,,3,0
61,9.729732,2.43918975833333,64,,3,0
37,10.1351375,0.378378466666666,64,,3,0
42,10.540543,0.3750000875,57,,3,0
45,10.540543,0.398648741666667,71,,3,0
37,10.9459485,0.380067656250001,64,,3,0
42,11.351354,0.804054241666666,59,,3,0
45,11.351354,0.804054241666666,73,,3,0
40,12.162165,0.3750000875,65,,3,0
68,12.162165,0.8006758625,65,,3,0
35,12.5675705,0.376689277083333,64,,3,0
-4,12.972976,3.243244,-1,0,4,0
-1,12.972976,3.233244,-1,5,4,0
26,12.972976,0.405405500000001,68,,4,0
69,12.972976,2.43918975833333,64,,4,0
33,13.3783815,0.378378466666666,64,,4,0
38,13.783787,0.3750000875,57,,4,0
42,13.783787,0.398648741666667,71,,4,0
33,14.1891925,0.380067656250001,64,,4,0
42,14.594598,1.60473010416667,59,,4,0
45,14.594598,1.60473010416667,73,,4,0
64,15.405409,0.800675862500002,65,,4,0
-4,16.21622,3.243244,-1,0,5,0
-1,16.21622,3.233244,-1,5,5,0
33,16.21622,0.405405500000001,69,,5,0
61,16.21622,2.43918975833333,64,,5,0
40,16.6216255,0.378378466666668,64,,5,0
45,17.027031,0.375000087499998,65,,5,0
40,17.4324365,0.380067656249999,64,,5,0
45,17.837842,0.804054241666666,67,,5,0
47,18.648653,0.375000087500002,65,,5,0
71,18.648653,0.8006758625,65,,5,0
40,19.0540585,0.376689277083333,64,,5,0
-4,19.459464,3.243244,-1,0,6,0
-1,19.459464,3.233244,-1,5,6,0
32,19.459464,0.405405500000001,69,,6,0
68,19.459464,2.43918975833333,64,,6,0
35,19.8648695,0.378378466666668,64,,6,0
40,20.270275,0.375000087499998,57,,6,0
44,20.270275,0.398648741666666,71,,6,0
35,20.6756805,0.380067656249999,64,,6,0
40,21.081086,0.804054241666666,59,,6,0
44,21.081086,0.804054241666666,73,,6,0
40,21.891897,0.375000087500002,65,,6,0
64,21.891897,0.8006758625,65,,6,0
35,22.2973025,0.376689277083333,64,,6,0
-4,22.702708,3.243244,-1,0,7,0
-1,22.702708,3.233244,-1,5,7,0
30,22.702708,0.405405500000001,69,,7,0
61,22.702708,2.43918975833333,64,,7,0
37,23.1081135,0.378378466666668,64,,7,0
42,23.513519,0.375000087499998,57,,7,0
45,23.513519,0.398648741666666,71,,7,0
37,23.9189245,0.380067656249999,64,,7,0
42,24.32433,0.804054241666666,59,,7,0
45,24.32433,0.804054241666666,73,,7,0
40,25.135141,0.375000087500002,65,,7,0
68,25.135141,0.8006758625,65,,7,0
35,25.5405465,0.376689277083333,64,,7,0
-4,25.945952,3.243244,-1,0,8,0
-1,25.945952,3.233244,-1,5,8,0
26,25.945952,0.405405500000001,68,,8,0
69,25.945952,3.23986562083333,64,,8,0
33,26.3513575,0.378378466666668,64,,8,0
38,26.756763,0.375000087499998,57,,8,0
42,26.756763,0.398648741666666,71,,8,0
33,27.1621685,0.380067656249999,64,,8,0
38,27.567574,1.60473010416667,59,,8,0
42,27.567574,1.60473010416667,73,,8,0
-4,29.189196,3.24324399999999,-1,0,9,0
-1,29.189196,3.23324399999999,-1,5,9,0
33,29.189196,0.405405500000001,69,,9,0
40,29.5946015,0.378378466666668,64,,9,0
49,29.5946015,0.378378466666668,64,,9,0
45,30.000007,0.375000087499998,57,,9,0
47,30.000007,0.398648741666666,71,,9,0
52,30.000007,0.375000087499998,65,,9,0
40,30.4054125,0.380067656249999,64,,9,0
61,30.4054125,0.380067656249999,64,,9,0
45,30.810818,0.804054241666663,59,,9,0
47,30.810818,0.804054241666663,69,,9,0
59,30.810818,0.380067656249999,67,,9,0
57,31.2162235,0.376689277083333,64,,9,0
45,31.621629,0.800675862499997,57,,9,0
47,31.621629,0.800675862499997,67,,9,0
56,31.621629,0.375000087499998,65,,9,0
57,32.0270345,0.80912181041667,64,,9,0
-4,32.43244,3.243244,-1,0,10,0
-1,32.43244,3.233244,-1,5,10,0
32,32.43244,0.403716310416669,69,,10,0
35,32.8361563104167,0.380067656249999,64,,10,0
52,32.8361563104167,2.81250065624999,64,,10,0
40,33.243251,0.375000087499998,57,,10,0
44,33.243251,0.398648741666662,71,,10,0
35,33.6486565,0.380067656249999,64,,10,0
40,34.054062,0.80405424166667,59,,10,0
44,34.054062,0.80405424166667,73,,10,0
44,34.864873,0.375000087499998,65,,10,0
40,35.2702785,0.376689277083337,64,,10,0
-4,35.675684,3.243244,-1,0,11,0
-1,35.675684,3.233244,-1,5,11,0
30,35.675684,0.405405500000001,69,,11,0
37,36.0810895,0.378378466666668,64,,11,0
49,36.0810895,0.378378466666668,64,,11,0
42,36.486495,0.375000087499998,57,,11,0
45,36.486495,0.398648741666662,71,,11,0
52,36.486495,0.375000087499998,65,,11,0
37,36.8919005,0.380067656249999,64,,11,0
61,36.8919005,0.380067656249999,64,,11,0
42,37.297306,0.80405424166667,59,,11,0
45,37.297306,0.80405424166667,69,,11,0
59,37.297306,0.380067656249999,67,,11,0
57,37.7027115,0.376689277083337,64,,11,0
42,38.108117,0.8006758625,57,,11,0
45,38.108117,0.8006758625,67,,11,0
56,38.108117,0.375000087499998,65,,11,0
57,38.5135225,0.80912181041667,64,,11,0
-4,38.918928,3.243244,-1,0,12,0
-1,38.918928,2.422433,-1,5,12,0
25,38.918928,0.403716310416669,68,,12,0
32,39.3226443104167,0.380067656249999,64,,12,0
56,39.3226443104167,2.81250065624999,64,,12,0
37,39.729739,0.375000087499998,57,,12,0
40,39.729739,0.398648741666662,71,,12,0
32,40.1351445,0.380067656249999,64,,12,0
37,40.54055,0.80405424166667,59,,12,0
40,40.54055,0.80405424166667,73,,12,0
-1,41.351361,0.800811000000001,-1,5,12,0
33,41.351361,0.8006758625,57,,12,0
43,41.351361,0.8006758625,71,,12,0
-4,42.162172,3.24324399999999,-1,0,13,0
-1,42.162172,1.611622,-1,5,13,0
26,42.162172,0.405405500000001,68,,13,0
33,42.5675775,0.378378466666668,64,,13,0
54,42.5675775,0.402027120833331,64,,13,0
38,42.972983,0.375000087499998,57,,13,0
42,42.972983,0.398648741666662,71,,13,0
54,42.972983,0.375000087499998,65,,13,0
33,43.3783885,0.380067656249999,64,,13,0
66,43.3783885,0.380067656249999,64,,13,0
-1,43.783794,1.611622,-1,5,13,0
28,43.783794,0.380067656249999,66,,13,0
64,43.783794,0.380067656249999,67,,13,0
35,44.1891995,0.376689277083337,64,,13,0
62,44.1891995,0.376689277083337,64,,13,0
40,44.594605,0.375000087499998,57,,13,0
44,44.594605,0.398648741666662,71,,13,0
61,44.594605,0.375000087499998,65,,13,0
35,45.0000105,0.376689277083337,64,,13,0
62,45.0000105,0.376689277083337,64,,13,0
-4,45.405416,3.243244,-1,0,14,0
-1,45.405416,1.611622,-1,5,14,0
25,45.405416,0.405405500000001,68,,14,0
61,45.405416,0.831081275000003,69,,14,0
32,45.8108215,0.378378466666668,64,,14,0
37,46.216227,0.375000087499998,57,,14,0
40,46.216227,0.398648741666662,71,,14,0
64,46.216227,0.802365052083324,65,,14,0
32,46.6216325,0.380067656249999,64,,14,0
-1,47.027038,1.611622,-1,5,14,0
30,47.027038,0.380067656249999,67,,14,0
57,47.027038,1.60473010416667,67,,14,0
37,47.4324435,0.376689277083337,64,,14,0
42,47.837849,0.8006758625,57,,14,0
45,47.837849,0.8006758625,71,,14,0
-4,48.64866,3.24324399999999,-1,0,15,0
-1,48.64866,3.23324399999999,-1,5,15,0
35,48.64866,0.405405500000001,67,,15,0
42,49.0540655,0.378378466666668,64,,15,0
54,49.0540655,0.378378466666668,64,,15,0
47,49.459471,0.375000087499998,57,,15,0
50,49.459471,0.398648741666662,71,,15,0
57,49.459471,0.375000087499998,65,,15,0
42,49.8648765,0.380067656249999,64,,15,0
62,49.8648765,0.380067656249999,64,,15,0
47,50.270282,0.380067656249999,59,,15,0
50,50.270282,0.403716310416662,73,,15,0
61,50.270282,0.380067656249999,67,,15,0
42,50.6756875,0.376689277083337,64,,15,0
59,50.6756875,0.40033793125,64,,15,0
47,51.081093,0.8006758625,57,,15,0
50,51.081093,0.8006758625,71,,15,0
59,51.081093,0.8006758625,65,,15,0
-4,51.891904,3.243244,-1,0,16,0
-1,51.891904,3.233244,-1,5,16,0
28,51.891904,0.405405500000001,68,,16,0
57,51.891904,0.405405500000001,69,,16,0
35,52.2973095,0.378378466666668,64,,16,0
52,52.2973095,2.81081146666666,64,,16,0
40,52.702715,0.375000087499998,57,,16,0
45,52.702715,0.398648741666662,71,,16,0
35,53.1081205,0.380067656249999,64,,16,0
40,53.513526,1.60473010416667,59,,16,0
44,53.513526,1.60473010416667,73,,16,0
-4,55.135148,3.243244,-1,0,17,0
-1,55.135148,3.233244,-1,5,17,0
33,55.135148,0.405405500000001,69,,17,0
40,55.5405535,0.378378466666668,64,,17,0
49,55.5405535,0.378378466666668,64,,17,0
45,55.945959,0.375000087499998,57,,17,0
49,55.945959,0.398648741666662,71,,17,0
52,55.945959,0.375000087499998,65,,17,0
40,56.3513645,0.380067656249999,64,,17,0
61,56.3513645,0.380067656249999,64,,17,0
45,56.75677,0.80405424166667,59,,17,0
49,56.75677,0.80405424166667,69,,17,0
59,56.75677,0.380067656249999,67,,17,0
57,57.1621755,0.376689277083337,64,,17,0
45,57.567581,0.8006758625,57,,17,0
49,57.567581,0.8006758625,67,,17,0
56,57.567581,0.375000087499998,65,,17,0
57,57.9729865,0.80912181041667,64,,17,0
-4,58.378392,3.243244,-1,0,18,0
-1,58.378392,2.422433,-1,5,18,0
32,58.378392,0.403716310416669,69,,18,0
35,58.7821083104166,0.380067656249999,64,,18,0
52,58.7821083104166,2.81250065624999,64,,18,0
40,59.189203,0.375000087499998,57,,18,0
44,59.189203,0.398648741666662,71,,18,0
35,59.5946085,0.380067656249999,64,,18,0
40,60.000014,0.80405424166667,59,,18,0
44,60.000014,0.80405424166667,73,,18,0
-1,60.810825,0.800811000000001,-1,5,18,0
37,60.810825,0.8006758625,57,,18,0
41,60.810825,0.8006758625,71,,18,0
-4,61.621636,3.243244,-1,0,19,0
-1,61.621636,3.233244,-1,5,19,0
30,61.621636,0.405405500000001,69,,19,0
37,62.0270415,0.378378466666668,64,,19,0
49,62.0270415,0.378378466666668,64,,19,0
42,62.432447,0.375000087499998,57,,19,0
45,62.432447,0.398648741666662,71,,19,0
52,62.432447,0.375000087499998,65,,19,0
37,62.8378524999999,0.380067656249999,64,,19,0
61,62.8378524999999,0.380067656249999,64,,19,0
42,63.2432579999999,0.80405424166667,59,,19,0
45,63.2432579999999,0.80405424166667,69,,19,0
59,63.2432579999999,0.380067656249999,67,,19,0
57,63.6486634999999,0.376689277083337,64,,19,0
42,64.054069,0.8006758625,57,,19,0
45,64.054069,0.8006758625,67,,19,0
56,64.054069,0.375000087499998,65,,19,0
57,64.4594745,0.80912181041667,64,,19,0
-4,64.86488,3.24324400000002,-1,0,20,0
-1,64.86488,2.42243300000002,-1,5,20,0
25,64.86488,0.403716310416669,68,,20,0
32,65.2685963104166,0.380067656250006,64,,20,0
56,65.2685963104166,2.81250065625001,64,,20,0
37,65.675691,0.375000087499998,57,,20,0
40,65.675691,0.398648741666662,71,,20,0
32,66.0810965,0.380067656250006,64,,20,0
37,66.486502,0.804054241666663,59,,20,0
40,66.486502,0.804054241666663,73,,20,0
-1,67.297313,0.800811000000001,-1,5,20,0
33,67.297313,0.8006758625,57,,20,0
43,67.297313,0.8006758625,71,,20,0
-4,68.108124,3.243244,-1,0,21,0
-1,68.108124,1.611622,-1,5,21,0
26,68.108124,0.405405500000001,68,,21,0
33,68.5135295,0.378378466666661,64,,21,0
54,68.5135295,0.378378466666661,64,,21,0
38,68.918935,0.375000087499998,57,,21,0
42,68.918935,0.398648741666662,71,,21,0
57,68.918935,0.375000087499998,65,,21,0
33,69.3243405,0.380067656250006,64,,21,0
66,69.3243405,0.380067656250006,64,,21,0
-1,69.729746,1.611622,-1,5,21,0
28,69.729746,0.380067656250006,66,,21,0
64,69.729746,0.380067656250006,67,,21,0
35,70.1351515,0.376689277083329,64,,21,0
62,70.1351515,0.376689277083329,64,,21,0
40,70.540557,0.375000087499998,57,,21,0
44,70.540557,0.398648741666662,71,,21,0
61,70.540557,0.375000087499998,65,,21,0
35,70.9459625,0.376689277083329,64,,21,0
62,70.9459625,0.376689277083329,64,,21,0
-4,71.351368,3.24324400000002,-1,0,22,0
-1,71.351368,1.61162200000002,-1,5,22,0
25,71.351368,0.405405500000001,68,,22,0
61,71.351368,0.831081275000003,69,,22,0
32,71.7567735,0.378378466666661,64,,22,0
37,72.162179,0.375000087499998,57,,22,0
40,72.162179,0.398648741666662,71,,22,0
64,72.162179,0.802365052083346,65,,22,0
32,72.5675845,0.380067656250006,64,,22,0
-1,72.97299,1.611622,-1,5,22,0
30,72.97299,0.380067656250006,67,,22,0
57,72.97299,1.60473010416666,67,,22,0
37,73.3783955,0.376689277083329,64,,22,0
42,73.783801,0.8006758625,57,,22,0
45,73.783801,0.8006758625,71,,22,0
-4,74.594612,3.243244,-1,0,23,0
-1,74.594612,3.233244,-1,5,23,0
35,74.594612,0.405405500000001,67,,23,0
42,75.0000175,0.378378466666661,64,,23,0
54,75.0000175,0.378378466666661,64,,23,0
47,75.405423,0.375000087499998,57,,23,0
50,75.405423,0.398648741666662,71,,23,0
57,75.405423,0.375000087499998,65,,23,0
42,75.8108285,0.380067656250006,64,,23,0
62,75.8108285,0.403716310416669,64,,23,0
47,76.216234,0.380067656250006,59,,23,0
50,76.216234,0.403716310416669,73,,23,0
62,76.216234,0.380067656250006,67,,23,0
42,76.6216395,0.376689277083329,64,,23,0
61,76.6216395,0.376689277083329,64,,23,0
47,77.027045,0.375000087499998,57,,23,0
50,77.027045,0.398648741666662,71,,23,0
62,77.027045,0.375000087499998,65,,23,0
42,77.4324505,0.376689277083329,64,,23,0
64,77.4324505,0.810811000000001,64,,23,0
-4,77.837856,3.24324399999999,-1,0,24,0
-1,77.837856,3.23324399999999,-1,5,24,0
28,77.837856,0.405405500000001,68,,24,0
35,78.2432615,0.378378466666661,64,,24,0
64,78.2432615,0.0219594645833325,64,,24,0
40,78.648667,0.375000087499998,57,,24,0
45,78.648667,0.398648741666662,71,,24,0
35,79.0540725,0.380067656250006,64,,24,0
40,79.459478,0.380067656250006,59,,24,0
45,79.459478,0.403716310416669,73,,24,0
35,79.8648835,0.376689277083329,64,,24,0
40,80.270289,0.375000087499998,57,,24,0
45,80.270289,0.398648741666662,71,,24,0
35,80.6756945,0.402027120833324,64,,24,0
-4,81.0811,3.24324399999999,-1,0,25,0
-1,81.0811,3.23324399999999,-1,5,25,0
28,81.0811,1.63513551666667,60,,25,0
35,81.0811,1.63513551666667,61,,25,0
40,81.0811,1.63513551666667,75,,25,0
52,81.0811,1.63513551666667,61,,25,0
59,81.0811,1.63513551666667,61,,25,0
64,81.0811,1.621622,75,,25,0
64,82.702722,0.0135135166666629,67,,25,0
64,83.1081275,0.400337931249993,64,,25,0
64,83.513533,0.398648741666662,65,,25,0
64,83.9189385,0.402027120833338,64,,25,0
-4,84.324344,3.24324399999999,-1,0,26,0
-1,84.324344,3.23324399999999,-1,5,26,0
33,84.324344,0.405405500000001,69,,26,0
64,84.324344,0.831081275000003,69,,26,0
40,84.7297495,0.378378466666661,64,,26,0
45,85.135155,0.375000087499998,57,,26,0
49,85.135155,0.398648741666662,71,,26,0
57,85.135155,0.802365052083346,65,,26,0
40,85.5405605,0.380067656250006,64,,26,0
47,85.945966,0.380067656250006,67,,26,0
52,85.945966,0.380067656250006,67,,26,0
40,86.3513715,0.376689277083329,64,,26,0
64,86.3513715,0.400337931249993,64,,26,0
49,86.756777,0.375000087499998,65,,26,0
64,86.756777,0.375000087499998,65,,26,0
40,87.1621825,0.376689277083329,64,,26,0
62,87.1621825,0.402027120833324,64,,26,0
-4,87.567588,3.243244,-1,0,27,0
-1,87.567588,3.233244,-1,5,27,0
32,87.567588,0.405405500000001,69,,27,0
62,87.567588,0.831081275000003,69,,27,0
40,87.9729935,0.378378466666661,64,,27,0
44,88.378399,0.375000087499998,57,,27,0
47,88.378399,0.398648741666662,71,,27,0
61,88.378399,0.802365052083346,65,,27,0
40,88.7838045,0.380067656250006,64,,27,0
44,89.18921,0.380067656250006,67,,27,0
61,89.18921,0.380067656250006,67,,27,0
40,89.5946155,0.376689277083329,64,,27,0
68,89.5946155,0.400337931249993,64,,27,0
47,90.000021,0.375000087499998,65,,27,0
68,90.000021,0.375000087499998,65,,27,0
40,90.4054265,0.376689277083329,64,,27,0
61,90.4054265,0.376689277083329,64,,27,0
-4,90.810832,3.243244,-1,0,28,0
-1,90.810832,3.233244,-1,5,28,0
30,90.810832,0.405405500000001,69,,28,0
68,90.810832,0.831081275000003,69,,28,0
37,91.2162375,0.378378466666661,64,,28,0
42,91.621643,0.375000087499998,57,,28,0
45,91.621643,0.398648741666662,71,,28,0
69,91.621643,0.802365052083346,65,,28,0
37,92.0270485,0.380067656250006,64,,28,0
44,92.432454,0.380067656250006,67,,28,0
69,92.432454,0.380067656250006,67,,28,0
37,92.8378595,0.376689277083329,64,,28,0
61,92.8378595,0.400337931249993,64,,28,0
42,93.243265,0.375000087499998,57,,28,0
45,93.243265,0.398648741666662,71,,28,0
61,93.243265,0.375000087499998,65,,28,0
37,93.6486705,0.376689277083329,64,,28,0
57,93.6486705,0.376689277083329,64,,28,0
-4,94.054076,3.24324399999999,-1,0,29,0
-1,94.054076,3.23324399999999,-1,5,29,0
28,94.054076,0.405405500000001,68,,29,0
66,94.054076,0.831081275000003,69,,29,0
37,94.4594815,0.378378466666661,64,,29,0
40,94.864887,0.375000087499998,57,,29,0
44,94.864887,0.398648741666662,71,,29,0
68,94.864887,0.802365052083346,65,,29,0
37,95.2702925,0.380067656250006,64,,29,0
40,95.675698,0.380067656250006,67,,29,0
64,95.675698,0.380067656250006,67,,29,0
37,96.0811035,0.376689277083329,64,,29,0
66,96.0811035,0.400337931249993,64,,29,0
44,96.486509,0.375000087499998,65,,29,0
66,96.486509,0.375000087499998,65,,29,0
37,96.8919145,0.376689277083329,64,,29,0
64,96.8919145,0.402027120833324,64,,29,0
-4,97.29732,3.24324399999998,-1,0,30,0
-1,97.29732,1.61162199999999,-1,5,30,0
26,97.29732,0.405405500000001,68,,30,0
64,97.29732,0.405405500000001,69,,30,0
33,97.7027255,0.378378466666661,64,,30,0
66,97.7027255,0.402027120833324,64,,30,0
38,98.108131,0.375000087499998,57,,30,0
42,98.108131,0.398648741666662,71,,30,0
66,98.108131,0.375000087499998,65,,30,0
33,98.5135365,0.380067656250006,64,,30,0
64,98.5135365,0.403716310416669,64,,30,0
-1,98.918942,1.61162199999999,-1,5,30,0
28,98.918942,0.380067656250006,66,,30,0
64,98.918942,0.380067656250006,67,,30,0
35,99.3243475,0.376689277083329,64,,30,0
68,99.3243475,0.400337931249993,64,,30,0
40,99.7297529999999,0.375000087499998,57,,30,0
44,99.7297529999999,0.398648741666662,71,,30,0
68,99.7297529999999,0.8006758625,65,,30,0
35,100.1351585,0.376689277083329,64,,30,0
-4,100.540564,3.24324399999998,-1,0,31,0
-1,100.540564,1.61162199999999,-1,5,31,0
25,100.540564,0.405405500000001,69,,31,0
64,100.540564,0.405405500000001,69,,31,0
32,100.9459695,0.378378466666661,64,,31,0
71,100.9459695,0.402027120833324,64,,31,0
37,101.351375,0.375000087499998,57,,31,0
41,101.351375,0.398648741666662,71,,31,0
71,101.351375,0.375000087499998,65,,31,0
32,101.7567805,0.380067656250006,64,,31,0
61,101.7567805,0.403716310416669,64,,31,0
-1,102.162186,1.61162199999999,-1,5,31,0
30,102.162186,0.380067656250006,67,,31,0
61,102.162186,0.380067656250006,67,,31,0
37,102.5675915,0.376689277083329,64,,31,0
69,102.5675915,0.400337931249993,64,,31,0
42,102.972997,0.8006758625,65,,31,0
69,102.972997,0.8006758625,65,,31,0
-4,103.783808,3.24324399999999,-1,0,32,0
-1,103.783808,3.23324399999999,-1,5,32,0
35,103.783808,0.405405500000001,69,,32,0
42,104.1892135,0.378378466666661,64,,32,0
62,104.1892135,0.402027120833324,64,,32,0
47,104.594619,0.375000087499998,57,,32,0
50,104.594619,0.398648741666662,71,,32,0
62,104.594619,0.375000087499998,65,,32,0
42,105.0000245,0.380067656250006,64,,32,0
61,105.0000245,0.380067656250006,64,,32,0
50,105.40543,0.380067656250006,59,,32,0
54,105.40543,0.403716310416669,73,,32,0
62,105.40543,0.380067656250006,67,,32,0
42,105.8108355,0.376689277083329,64,,32,0
64,105.8108355,0.376689277083329,64,,32,0
47,106.216241,0.375000087499998,57,,32,0
50,106.216241,0.398648741666662,71,,32,0
66,106.216241,0.398648741666662,65,,32,0
42,106.6216465,0.376689277083329,64,,32,0
66,106.6216465,0.80912181041667,64,,32,0
-4,107.027052,3.243244,-1,0,33,0
-1,107.027052,3.233244,-1,5,33,0
28,107.027052,0.403716310416669,68,,33,0
35,107.430768310417,0.380067656250006,64,,33,0
64,107.430768310417,1.20777055208335,64,,33,0
40,107.837863,0.375000087499998,57,,33,0
44,107.837863,0.398648741666662,71,,33,0
35,108.2432685,0.380067656250006,64,,33,0
40,108.648674,0.804054241666663,59,,33,0
44,108.648674,0.804054241666663,73,,33,0
64,108.648674,0.403716310416669,67,,33,0
64,109.0540795,0.400337931249993,64,,33,0
35,109.459485,0.8006758625,65,,33,0
64,109.459485,0.398648741666662,65,,33,0
64,109.8648905,0.402027120833338,64,,33,0
-4,110.270296,3.24324399999999,-1,0,34,0
-1,110.270296,3.23324399999999,-1,5,34,0
33,110.270296,0.405405500000001,69,,34,0
64,110.270296,0.831081275000003,69,,34,0
40,110.6757015,0.378378466666661,64,,34,0
45,111.081107,0.375000087499998,57,,34,0
49,111.081107,0.398648741666662,71,,34,0
57,111.081107,0.802365052083346,65,,34,0
40,111.4865125,0.380067656250006,64,,34,0
47,111.891918,0.380067656250006,67,,34,0
52,111.891918,0.380067656250006,67,,34,0
40,112.2973235,0.376689277083329,64,,34,0
64,112.2973235,0.400337931249993,64,,34,0
49,112.702729,0.375000087499998,65,,34,0
64,112.702729,0.375000087499998,65,,34,0
40,113.1081345,0.376689277083329,64,,34,0
62,113.1081345,0.402027120833324,64,,34,0
-4,113.51354,3.243244,-1,0,35,0
-1,113.51354,3.233244,-1,5,35,0
32,113.51354,0.405405500000001,69,,35,0
62,113.51354,0.831081275000003,69,,35,0
40,113.9189455,0.378378466666661,64,,35,0
44,114.324351,0.375000087499998,57,,35,0
47,114.324351,0.398648741666662,71,,35,0
61,114.324351,0.802365052083346,65,,35,0
40,114.7297565,0.380067656250006,64,,35,0
44,115.135162,0.380067656250006,67,,35,0
61,115.135162,0.380067656250006,67,,35,0
40,115.5405675,0.376689277083329,64,,35,0
68,115.5405675,0.400337931249993,64,,35,0
47,115.945973,0.375000087499998,65,,35,0
68,115.945973,0.375000087499998,65,,35,0
40,116.3513785,0.376689277083329,64,,35,0
61,116.3513785,0.376689277083329,64,,35,0
-4,116.756784,3.243244,-1,0,36,0
-1,116.756784,3.233244,-1,5,36,0
30,116.756784,0.405405500000001,69,,36,0
71,116.756784,0.831081275000003,69,,36,0
37,117.1621895,0.378378466666661,64,,36,0
42,117.567595,0.375000087499998,65,,36,0
69,117.567595,0.802365052083346,65,,36,0
37,117.9730005,0.380067656250006,64,,36,0
44,118.378406,0.380067656250006,67,,36,0
69,118.378406,0.380067656250006,67,,36,0
37,118.7838115,0.376689277083329,64,,36,0
61,118.7838115,0.400337931249993,64,,36,0
42,119.189217,0.375000087499998,65,,36,0
61,119.189217,0.375000087499998,65,,36,0
37,119.5946225,0.376689277083329,64,,36,0
45,119.5946225,0.376689277083329,64,,36,0
-4,120.000028,3.24324399999999,-1,0,37,0
-1,120.000028,3.23324399999999,-1,5,37,0
25,120.000028,0.405405500000001,68,,37,0
66,120.000028,0.831081275000003,69,,37,0
32,120.4054335,0.378378466666661,64,,37,0
37,120.810839,0.375000087499998,57,,37,0
40,120.810839,0.398648741666662,71,,37,0
68,120.810839,0.802365052083346,65,,37,0
32,121.2162445,0.380067656250006,64,,37,0
37,121.62165,0.380067656250006,59,,37,0
40,121.62165,0.403716310416669,73,,37,0
64,121.62165,0.380067656250006,67,,37,0
32,122.0270555,0.376689277083329,64,,37,0
66,122.0270555,0.400337931249993,64,,37,0
37,122.432461,0.375000087499998,57,,37,0
40,122.432461,0.398648741666662,71,,37,0
66,122.432461,0.375000087499998,65,,37,0
32,122.8378665,0.376689277083329,64,,37,0
64,122.8378665,0.402027120833324,64,,37,0
-4,123.243272,3.24324399999998,-1,0,38,0
-1,123.243272,1.61162199999999,-1,5,38,0
26,123.243272,0.405405500000001,68,,38,0
64,123.243272,0.405405500000001,69,,38,0
33,123.6486775,0.378378466666661,64,,38,0
66,123.6486775,0.402027120833324,64,,38,0
38,124.054083,0.375000087499998,57,,38,0
42,124.054083,0.398648741666662,71,,38,0
66,124.054083,0.375000087499998,65,,38,0
33,124.4594885,0.380067656250006,64,,38,0
64,124.4594885,0.403716310416669,64,,38,0
-1,124.864894,1.61162199999999,-1,5,38,0
28,124.864894,0.380067656250006,66,,38,0
64,124.864894,0.380067656250006,67,,38,0
35,125.2702995,0.376689277083329,64,,38,0
68,125.2702995,0.400337931249993,64,,38,0
40,125.675705,0.375000087499998,57,,38,0
44,125.675705,0.398648741666662,71,,38,0
68,125.675705,0.8006758625,65,,38,0
35,126.0811105,0.376689277083329,64,,38,0
-4,126.486516,3.24324399999998,-1,0,39,0
-1,126.486516,1.611622,-1,5,39,0
25,126.486516,0.405405500000001,69,,39,0
64,126.486516,0.405405500000001,69,,39,0
32,126.8919215,0.378378466666661,64,,39,0
71,126.8919215,0.402027120833324,64,,39,0
37,127.297327,0.375000087499998,57,,39,0
41,127.297327,0.398648741666662,71,,39,0
71,127.297327,0.375000087499998,65,,39,0
32,127.7027325,0.380067656250006,64,,39,0
61,127.7027325,0.403716310416669,64,,39,0
-1,128.108138,1.61162199999997,-1,5,39,0
30,128.108138,0.380067656249992,67,,39,0
61,128.108138,0.380067656249992,67,,39,0
37,128.5135435,0.376689277083329,64,,39,0
69,128.5135435,0.400337931249993,64,,39,0
42,128.918949,0.800675862499986,65,,39,0
69,128.918949,0.800675862499986,65,,39,0
-4,129.72976,3.24324399999998,-1,0,40,0
-1,129.72976,3.23324399999998,-1,5,40,0
35,129.72976,3.23986562083331,67,,40,0
42,129.72976,3.23986562083331,67,,40,0
47,129.72976,3.23986562083331,62,,40,0
62,130.1351655,0.402027120833338,64,,40,0
62,130.540571,0.375000087500013,65,,40,0
61,130.9459765,0.380067656249992,64,,40,0
62,131.351382,0.380067656249992,67,,40,0
64,131.7567875,0.376689277083329,64,,40,0
66,132.162193,0.800675862499986,65,,40,0
-4,132.973004,3.243244,-1,0,41,0
-1,132.973004,3.233244,-1,5,41,0
40,132.973004,3.23986562083334,67,,41,0
44,132.973004,3.23986562083334,67,,41,0
47,132.973004,3.23986562083334,62,,41,0
64,132.973004,3.23986562083334,64,,41,0
-4,136.216248,3.24324399999998,-1,0,42,0
-1,136.216248,3.23324399999998,-1,5,42,0
33,136.216248,0.831081275000003,69,,42,0
52,136.216248,0.405405500000001,61,,42,0
57,136.216248,0.405405500000001,75,,42,0
57,136.6216535,0.0236486541666636,64,,42,0
40,137.027059,0.802365052083331,57,,42,0
45,137.027059,0.802365052083331,57,,42,0
49,137.027059,0.802365052083331,67,,42,0
57,137.027059,0.398648741666676,65,,42,0
57,137.4324645,0.403716310416655,64,,42,0
40,137.83787,0.804054241666677,59,,42,0
45,137.83787,0.804054241666677,59,,42,0
49,137.83787,0.804054241666677,69,,42,0
57,137.83787,0.195945991666662,67,,42,0
59,138.04057275,0.194256802083345,64,,42,0
59,138.2432755,0.400337931250021,64,,42,0
40,138.648681,0.800675862499958,57,,42,0
45,138.648681,0.800675862499958,57,,42,0
49,138.648681,0.800675862499958,67,,42,0
52,138.648681,0.190878422916654,57,,42,0
59,138.648681,0.202702749999986,71,,42,0
59,138.85138375,0,64,,42,0
59,139.0540865,0.195945991666662,64,,42,0
59,139.25678925,0.202702749999986,64,,42,0
-4,139.459492,3.243244,-1,0,43,0
-1,139.459492,3.233244,-1,5,43,0
26,139.459492,0.831081275000003,68,,43,0
50,139.459492,0.219594645833354,61,,43,0
59,139.459492,0.0016891895833453,75,,43,0
61,139.66219475,0.195945991666662,64,,43,0
61,139.8648975,0.402027120833338,64,,43,0
33,140.270303,0.802365052083331,57,,43,0
38,140.270303,0.802365052083331,57,,43,0
42,140.270303,0.802365052083331,67,,43,0
61,140.270303,0.398648741666676,65,,43,0
61,140.6757085,0.195945991666662,64,,43,0
61,140.87841125,0.202702750000014,64,,43,0
33,141.081114,0.804054241666677,59,,43,0
38,141.081114,0.804054241666677,59,,43,0
42,141.081114,0.804054241666677,69,,43,0
61,141.081114,0.00337837916666217,67,,43,0
57,141.28381675,0.194256802083345,64,,43,0
57,141.4865195,0.400337931250021,64,,43,0
33,141.891925,0.800675862499986,57,,43,0
38,141.891925,0.800675862499986,57,,43,0
42,141.891925,0.800675862499986,67,,43,0
57,141.891925,0.398648741666676,65,,43,0
57,142.2973305,0.195945991666662,64,,43,0
57,142.50003325,0.202702749999986,64,,43,0
-4,142.702736,3.243244,-1,0,44,0
-1,142.702736,3.233244,-1,5,44,0
30,142.702736,0.831081275000003,69,,44,0
49,142.702736,0.405405500000001,61,,44,0
57,142.702736,0.0016891895833453,75,,44,0
52,143.1081415,0.402027120833338,64,,44,0
33,143.513547,0.802365052083331,57,,44,0
37,143.513547,0.802365052083331,57,,44,0
42,143.513547,0.802365052083331,67,,44,0
52,143.513547,0.398648741666676,65,,44,0
52,143.9189525,0.403716310416655,64,,44,0
33,144.324358,0.804054241666677,59,,44,0
37,144.324358,0.804054241666677,59,,44,0
42,144.324358,0.804054241666677,69,,44,0
52,144.324358,0.380067656249992,67,,44,0
57,144.7297635,0.400337931250021,64,,44,0
33,145.135169,0.800675862499986,57,,44,0
37,145.135169,0.800675862499986,57,,44,0
42,145.135169,0.800675862499986,67,,44,0
57,145.135169,0.398648741666676,65,,44,0
57,145.5405745,0.195945991666662,64,,44,0
57,145.74327725,0.202702749999986,64,,44,0
-4,145.94598,3.243244,-1,0,45,0
-1,145.94598,1.611622,-1,5,45,0
28,145.94598,0.831081275000003,68,,45,0
57,145.94598,0.0016891895833453,69,,45,0
57,146.3513855,0.0236486541666636,64,,45,0
35,146.756791,0.802365052083331,57,,45,0
40,146.756791,0.802365052083331,57,,45,0
45,146.756791,0.802365052083331,71,,45,0
57,146.756791,0.398648741666676,65,,45,0
57,147.1621965,0.18412166458333,64,,45,0
59,147.36489925,0.202702750000014,64,,45,0
-1,147.567602,1.611622,-1,5,45,0
35,147.567602,1.60473010416666,59,,45,0
40,147.567602,1.60473010416666,59,,45,0
44,147.567602,1.60473010416666,73,,45,0
56,147.567602,1.60473010416666,59,,45,0
59,147.567602,0.00337837916666217,73,,45,0
-4,149.189224,3.243244,-1,0,46,0
-1,149.189224,3.233244,-1,5,46,0
33,149.189224,0.405405500000001,69,,46,0
40,149.5946295,0.378378466666675,64,,46,0
49,149.5946295,0.378378466666675,64,,46,0
45,150.000035,0.375000087500013,57,,46,0
47,150.000035,0.398648741666676,71,,46,0
52,150.000035,0.375000087500013,65,,46,0
40,150.4054405,0.380067656249992,64,,46,0
61,150.4054405,0.380067656249992,64,,46,0
45,150.810846,0.804054241666677,59,,46,0
47,150.810846,0.804054241666677,69,,46,0
59,150.810846,0.380067656249992,67,,46,0
57,151.2162515,0.376689277083329,64,,46,0
45,151.621657,0.800675862500015,57,,46,0
47,151.621657,0.800675862500015,67,,46,0
56,151.621657,0.375000087500013,65,,46,0
57,152.0270625,0.809121810416656,64,,46,0
-4,152.432468,3.24324399999998,-1,0,47,0
-1,152.432468,3.23324399999998,-1,5,47,0
32,152.432468,0.403716310416655,69,,47,0
40,152.836184310416,0.380067656249992,64,,47,0
52,152.836184310416,2.81250065624999,64,,47,0
44,153.243279,0.375000087500013,57,,47,0
47,153.243279,0.398648741666676,71,,47,0
40,153.6486845,0.380067656249992,64,,47,0
44,154.05409,0.804054241666677,59,,47,0
47,154.05409,0.804054241666677,69,,47,0
44,154.864901,0.375000087500013,57,,47,0
47,154.864901,0.398648741666676,67,,47,0
41,155.2703065,0.376689277083329,64,,47,0
-4,155.675712,3.243244,-1,0,48,0
-1,155.675712,3.233244,-1,5,48,0
30,155.675712,0.405405500000001,69,,48,0
37,156.0811175,0.378378466666675,64,,48,0
49,156.0811175,0.378378466666675,64,,48,0
42,156.486523,0.375000087500013,57,,48,0
45,156.486523,0.398648741666676,71,,48,0
52,156.486523,0.375000087500013,65,,48,0
37,156.8919285,0.380067656249992,64,,48,0
61,156.8919285,0.380067656249992,64,,48,0
42,157.297334,0.804054241666677,59,,48,0
45,157.297334,0.804054241666677,69,,48,0
59,157.297334,0.380067656249992,67,,48,0
57,157.7027395,0.376689277083329,64,,48,0
42,158.108145,0.800675862500015,57,,48,0
45,158.108145,0.800675862500015,67,,48,0
56,158.108145,0.375000087500013,65,,48,0
57,158.5135505,0.809121810416656,64,,48,0
-4,158.918956,3.24324399999998,-1,0,49,0
-1,158.918956,2.42243299999998,-1,5,49,0
25,158.918956,0.403716310416655,68,,49,0
32,159.322672310416,0.380067656249992,64,,49,0
56,159.322672310416,2.81250065624999,64,,49,0
37,159.729767,0.375000087500013,57,,49,0
40,159.729767,0.398648741666676,71,,49,0
32,160.1351725,0.380067656249992,64,,49,0
37,160.540578,0.804054241666677,59,,49,0
40,160.540578,0.804054241666677,73,,49,0
-1,161.351389,0.800811000000001,-1,5,49,0
33,161.351389,0.800675862500015,57,,49,0
43,161.351389,0.800675862500015,71,,49,0
-4,162.1622,3.243244,-1,0,50,0
-1,162.1622,1.611622,-1,5,50,0
26,162.1622,0.405405500000001,68,,50,0
33,162.5676055,0.378378466666675,64,,50,0
54,162.5676055,0.378378466666675,64,,50,0
38,162.973011,0.375000087500013,57,,50,0
42,162.973011,0.398648741666676,71,,50,0
57,162.973011,0.375000087500013,65,,50,0
33,163.3784165,0.380067656249992,64,,50,0
66,163.3784165,0.380067656249992,64,,50,0
-1,163.783822,1.611622,-1,5,50,0
28,163.783822,0.380067656249992,66,,50,0
64,163.783822,0.380067656249992,67,,50,0
35,164.1892275,0.376689277083329,64,,50,0
62,164.1892275,0.376689277083329,64,,50,0
40,164.594633,0.375000087500013,57,,50,0
44,164.594633,0.398648741666676,71,,50,0
61,164.594633,0.375000087500013,65,,50,0
35,165.0000385,0.376689277083329,64,,50,0
62,165.0000385,0.376689277083329,64,,50,0
-4,165.405444,3.24324399999998,-1,0,51,0
-1,165.405444,1.611622,-1,5,51,0
25,165.405444,0.405405500000001,68,,51,0
61,165.405444,0.831081275000003,69,,51,0
32,165.8108495,0.378378466666675,64,,51,0
37,166.216255,0.375000087500013,57,,51,0
40,166.216255,0.398648741666676,71,,51,0
64,166.216255,0.802365052083331,65,,51,0
32,166.6216605,0.380067656249992,64,,51,0
-1,167.027066,1.61162199999997,-1,5,51,0
30,167.027066,0.380067656249992,67,,51,0
57,167.027066,1.60473010416666,67,,51,0
37,167.4324715,0.376689277083329,64,,51,0
42,167.837877,0.800675862499986,57,,51,0
45,167.837877,0.800675862499986,71,,51,0
-4,168.648688,3.243244,-1,0,52,0
-1,168.648688,3.233244,-1,5,52,0
35,168.648688,0.405405500000001,67,,52,0
42,169.0540935,0.378378466666675,64,,52,0
54,169.0540935,0.378378466666675,64,,52,0
47,169.459499,0.375000087500013,57,,52,0
50,169.459499,0.398648741666676,71,,52,0
57,169.459499,0.375000087500013,65,,52,0
42,169.8649045,0.380067656249992,64,,52,0
62,169.8649045,0.403716310416655,64,,52,0
47,170.27031,0.380067656249992,59,,52,0
50,170.27031,0.403716310416655,73,,52,0
62,170.27031,0.380067656249992,67,,52,0
42,170.6757155,0.376689277083329,64,,52,0
61,170.6757155,0.376689277083329,64,,52,0
47,171.081121,0.800675862500015,57,,52,0
50,171.081121,0.800675862500015,71,,52,0
62,171.081121,0.375000087500013,65,,52,0
64,171.4865265,0.810811000000001,64,,52,0
-4,171.891932,3.243244,-1,0,53,0
-1,171.891932,3.233244,-1,5,53,0
28,171.891932,0.405405500000001,68,,53,0
35,172.2973375,0.378378466666675,64,,53,0
64,172.2973375,0.0219594645833467,64,,53,0
40,172.702743,0.375000087500013,57,,53,0
44,172.702743,0.398648741666676,71,,53,0
35,173.1081485,0.380067656249992,64,,53,0
40,173.513554,0.804054241666677,59,,53,0
44,173.513554,0.804054241666677,73,,53,0
64,173.513554,0.403716310416655,67,,53,0
64,173.9189595,0.400337931250021,64,,53,0
35,174.324365,0.800675862500015,65,,53,0
64,174.324365,0.398648741666676,65,,53,0
64,174.7297705,0.402027120833338,64,,53,0
-4,175.135176,3.243244,-1,0,54,0
-1,175.135176,3.233244,-1,5,54,0
33,175.135176,0.405405500000001,69,,54,0
64,175.135176,0.831081275000003,69,,54,0
40,175.5405815,0.378378466666675,64,,54,0
45,175.945987,0.375000087500013,57,,54,0
49,175.945987,0.398648741666676,71,,54,0
57,175.945987,0.802365052083331,65,,54,0
40,176.3513925,0.380067656249992,64,,54,0
47,176.756798,0.380067656249992,67,,54,0
52,176.756798,0.380067656249992,67,,54,0
40,177.1622035,0.376689277083329,64,,54,0
64,177.1622035,0.400337931249993,64,,54,0
49,177.567609,0.375000087500013,65,,54,0
64,177.567609,0.375000087500013,65,,54,0
40,177.9730145,0.376689277083329,64,,54,0
62,177.9730145,0.402027120833338,64,,54,0
-4,178.37842,3.243244,-1,0,55,0
-1,178.37842,3.233244,-1,5,55,0
32,178.37842,0.405405500000001,69,,55,0
62,178.37842,0.831081275000003,69,,55,0
40,178.7838255,0.378378466666675,64,,55,0
44,179.189231,0.375000087500013,57,,55,0
47,179.189231,0.398648741666676,71,,55,0
61,179.189231,0.802365052083331,65,,55,0
40,179.5946365,0.380067656249992,64,,55,0
44,180.000042,0.380067656249992,67,,55,0
61,180.000042,0.380067656249992,67,,55,0
40,180.4054475,0.376689277083329,64,,55,0
68,180.4054475,0.400337931249993,64,,55,0
47,180.810853,0.375000087500013,65,,55,0
68,180.810853,0.375000087500013,65,,55,0
40,181.2162585,0.376689277083329,64,,55,0
61,181.2162585,0.376689277083329,64,,55,0
-4,181.621664,3.243244,-1,0,56,0
-1,181.621664,3.233244,-1,5,56,0
30,181.621664,0.405405500000001,69,,56,0
68,181.621664,0.831081275000003,69,,56,0
37,182.0270695,0.378378466666675,64,,56,0
42,182.432475,0.375000087500013,57,,56,0
45,182.432475,0.398648741666676,71,,56,0
69,182.432475,0.802365052083331,65,,56,0
37,182.8378805,0.380067656249992,64,,56,0
44,183.243286,0.380067656249992,67,,56,0
69,183.243286,0.380067656249992,67,,56,0
37,183.6486915,0.376689277083329,64,,56,0
61,183.6486915,0.400337931249993,64,,56,0
42,184.054097,0.375000087500013,57,,56,0
45,184.054097,0.398648741666676,71,,56,0
61,184.054097,0.375000087500013,65,,56,0
37,184.4595025,0.376689277083329,64,,56,0
57,184.4595025,0.376689277083329,64,,56,0
-4,184.864908,3.243244,-1,0,57,0
-1,184.864908,3.233244,-1,5,57,0
28,184.864908,0.405405500000001,68,,57,0
66,184.864908,0.831081275000003,69,,57,0
37,185.2703135,0.378378466666675,64,,57,0
40,185.675719,0.375000087500013,57,,57,0
44,185.675719,0.398648741666676,71,,57,0
68,185.675719,0.802365052083331,65,,57,0
37,186.0811245,0.380067656249992,64,,57,0
40,186.48653,0.380067656249992,67,,57,0
64,186.48653,0.380067656249992,67,,57,0
37,186.8919355,0.376689277083329,64,,57,0
66,186.8919355,0.400337931249993,64,,57,0
44,187.297341,0.375000087500013,65,,57,0
66,187.297341,0.375000087500013,65,,57,0
37,187.7027465,0.376689277083329,64,,57,0
64,187.7027465,0.402027120833338,64,,57,0
-4,188.108152,3.24324399999998,-1,0,58,0
-1,188.108152,1.611622,-1,5,58,0
26,188.108152,0.405405500000001,68,,58,0
64,188.108152,0.405405500000001,69,,58,0
33,188.5135575,0.378378466666675,64,,58,0
66,188.5135575,0.402027120833338,64,,58,0
38,188.918963,0.375000087500013,57,,58,0
42,188.918963,0.398648741666676,71,,58,0
66,188.918963,0.375000087500013,65,,58,0
33,189.3243685,0.380067656249992,64,,58,0
64,189.3243685,0.403716310416655,64,,58,0
-1,189.729774,1.61162199999997,-1,5,58,0
28,189.729774,0.380067656249992,66,,58,0
64,189.729774,0.380067656249992,67,,58,0
35,190.1351795,0.376689277083329,64,,58,0
68,190.1351795,0.400337931249993,64,,58,0
40,190.540585,0.375000087500013,57,,58,0
44,190.540585,0.398648741666676,71,,58,0
68,190.540585,0.800675862499986,65,,58,0
35,190.9459905,0.376689277083329,64,,58,0
-4,191.351396,3.24324399999998,-1,0,59,0
-1,191.351396,1.611622,-1,5,59,0
25,191.351396,0.405405500000001,69,,59,0
64,191.351396,0.405405500000001,69,,59,0
32,191.7568015,0.378378466666675,64,,59,0
71,191.7568015,0.402027120833338,64,,59,0
37,192.162207,0.375000087500013,57,,59,0
41,192.162207,0.398648741666676,71,,59,0
71,192.162207,0.375000087500013,65,,59,0
32,192.5676125,0.380067656249992,64,,59,0
61,192.5676125,0.403716310416655,64,,59,0
-1,192.973018,1.61162199999997,-1,5,59,0
30,192.973018,0.380067656249992,67,,59,0
61,192.973018,0.380067656249992,67,,59,0
37,193.3784235,0.376689277083329,64,,59,0
69,193.3784235,0.400337931249993,64,,59,0
42,193.783829,0.800675862499986,65,,59,0
69,193.783829,0.800675862499986,65,,59,0
-4,194.59464,3.243244,-1,0,60,0
-1,194.59464,3.233244,-1,5,60,0
35,194.59464,0.405405500000001,69,,60,0
42,195.0000455,0.378378466666675,64,,60,0
62,195.0000455,0.402027120833338,64,,60,0
47,195.405451,0.375000087500013,57,,60,0
50,195.405451,0.398648741666676,71,,60,0
62,195.405451,0.375000087500013,65,,60,0
42,195.8108565,0.380067656249992,64,,60,0
61,195.8108565,0.380067656249992,64,,60,0
50,196.216262,0.380067656249992,59,,60,0
54,196.216262,0.403716310416655,73,,60,0
62,196.216262,0.380067656249992,67,,60,0
42,196.6216675,0.376689277083329,64,,60,0
64,196.6216675,0.376689277083329,64,,60,0
47,197.027073,0.375000087500013,57,,60,0
50,197.027073,0.398648741666676,71,,60,0
66,197.027073,0.398648741666676,65,,60,0
42,197.4324785,0.376689277083329,64,,60,0
66,197.4324785,0.809121810416656,64,,60,0
-4,197.837884,3.24324399999995,-1,0,61,0
-1,197.837884,3.23324399999995,-1,5,61,0
28,197.837884,0.403716310416655,68,,61,0
35,198.241600310416,0.380067656249992,64,,61,0
64,198.241600310416,1.2077705520833,64,,61,0
40,198.648695,0.375000087500013,57,,61,0
44,198.648695,0.398648741666676,71,,61,0
35,199.0541005,0.380067656249992,64,,61,0
44,199.459506,0.380067656249992,59,,61,0
47,199.459506,0.403716310416655,73,,61,0
64,199.459506,0.403716310416655,67,,61,0
35,199.8649115,0.376689277083329,64,,61,0
64,199.8649115,0.400337931249993,64,,61,0
40,200.270317,0.800675862500015,57,,61,0
44,200.270317,0.800675862500015,71,,61,0
64,200.270317,0.398648741666676,65,,61,0
64,200.6757225,0.402027120833338,64,,61,0
-4,201.081128,3.243244,-1,0,62,0
-1,201.081128,3.233244,-1,5,62,0
33,201.081128,0.405405500000001,69,,62,0
64,201.081128,0.831081275000003,69,,62,0
40,201.4865335,0.378378466666675,64,,62,0
45,201.891939,0.375000087500013,57,,62,0
49,201.891939,0.398648741666676,71,,62,0
57,201.891939,0.802365052083331,65,,62,0
40,202.2973445,0.380067656249992,64,,62,0
47,202.70275,0.380067656249992,67,,62,0
52,202.70275,0.380067656249992,67,,62,0
40,203.1081555,0.376689277083329,64,,62,0
64,203.1081555,0.400337931249993,64,,62,0
49,203.513561,0.375000087500013,65,,62,0
64,203.513561,0.375000087500013,65,,62,0
40,203.9189665,0.376689277083329,64,,62,0
62,203.9189665,0.402027120833338,64,,62,0
-4,204.324372,3.243244,-1,0,63,0
-1,204.324372,3.233244,-1,5,63,0
32,204.324372,0.405405500000001,69,,63,0
62,204.324372,0.831081275000003,69,,63,0
40,204.7297775,0.378378466666675,64,,63,0
44,205.135183,0.375000087500013,57,,63,0
47,205.135183,0.398648741666676,71,,63,0
61,205.135183,0.802365052083331,65,,63,0
40,205.5405885,0.380067656249992,64,,63,0
44,205.945994,0.380067656249992,67,,63,0
61,205.945994,0.380067656249992,67,,63,0
40,206.3513995,0.376689277083329,64,,63,0
68,206.3513995,0.400337931249993,64,,63,0
47,206.756805,0.375000087500013,65,,63,0
68,206.756805,0.375000087500013,65,,63,0
40,207.1622105,0.376689277083329,64,,63,0
61,207.1622105,0.376689277083329,64,,63,0
-4,207.567616,3.243244,-1,0,64,0
-1,207.567616,3.233244,-1,5,64,0
30,207.567616,0.405405500000001,69,,64,0
71,207.567616,0.831081275000003,69,,64,0
37,207.9730215,0.378378466666675,64,,64,0
42,208.378427,0.375000087500013,65,,64,0
69,208.378427,0.802365052083331,65,,64,0
37,208.7838325,0.380067656249992,64,,64,0
44,209.189238,0.380067656249992,67,,64,0
69,209.189238,0.380067656249992,67,,64,0
37,209.5946435,0.376689277083329,64,,64,0
61,209.5946435,0.400337931249993,64,,64,0
42,210.000049,0.375000087500013,65,,64,0
61,210.000049,0.375000087500013,65,,64,0
37,210.4054545,0.376689277083329,64,,64,0
57,210.4054545,0.376689277083329,64,,64,0
-4,210.81086,3.243244,-1,0,65,0
-1,210.81086,3.233244,-1,5,65,0
25,210.81086,0.405405500000001,68,,65,0
66,210.81086,0.831081275000003,69,,65,0
32,211.2162655,0.378378466666675,64,,65,0
37,211.621671,0.375000087500013,57,,65,0
40,211.621671,0.398648741666676,71,,65,0
68,211.621671,0.802365052083331,65,,65,0
32,212.0270765,0.380067656249992,64,,65,0
37,212.432482,0.380067656249992,59,,65,0
40,212.432482,0.403716310416655,73,,65,0
64,212.432482,0.380067656249992,67,,65,0
32,212.8378875,0.376689277083329,64,,65,0
66,212.8378875,0.400337931249993,64,,65,0
37,213.243293,0.375000087500013,57,,65,0
40,213.243293,0.398648741666676,71,,65,0
66,213.243293,0.375000087500013,65,,65,0
32,213.6486985,0.376689277083329,64,,65,0
64,213.6486985,0.402027120833338,64,,65,0
-4,214.054104,3.24324399999998,-1,0,66,0
-1,214.054104,1.611622,-1,5,66,0
26,214.054104,0.405405500000001,68,,66,0
64,214.054104,0.405405500000001,69,,66,0
33,214.4595095,0.378378466666675,64,,66,0
66,214.4595095,0.402027120833338,64,,66,0
38,214.864915,0.375000087500013,57,,66,0
42,214.864915,0.398648741666676,71,,66,0
66,214.864915,0.375000087500013,65,,66,0
33,215.2703205,0.380067656249992,64,,66,0
64,215.2703205,0.403716310416655,64,,66,0
-1,215.675726,1.61162199999997,-1,5,66,0
28,215.675726,0.380067656249992,66,,66,0
64,215.675726,0.380067656249992,67,,66,0
35,216.0811315,0.376689277083329,64,,66,0
68,216.0811315,0.400337931249993,64,,66,0
40,216.486537,0.375000087500013,57,,66,0
44,216.486537,0.398648741666676,71,,66,0
68,216.486537,0.800675862499986,65,,66,0
35,216.8919425,0.376689277083329,64,,66,0
-4,217.297348,3.24324399999998,-1,0,67,0
-1,217.297348,1.611622,-1,5,67,0
25,217.297348,0.405405500000001,69,,67,0
64,217.297348,0.405405500000001,69,,67,0
32,217.7027535,0.378378466666675,64,,67,0
71,217.7027535,0.402027120833338,64,,67,0
37,218.108159,0.375000087500013,57,,67,0
41,218.108159,0.398648741666676,71,,67,0
71,218.108159,0.375000087500013,65,,67,0
32,218.5135645,0.380067656249992,64,,67,0
61,218.5135645,0.403716310416655,64,,67,0
-1,218.91897,1.61162199999997,-1,5,67,0
30,218.91897,0.380067656249992,67,,67,0
61,218.91897,0.380067656249992,67,,67,0
37,219.3243755,0.376689277083329,64,,67,0
69,219.3243755,0.400337931249993,64,,67,0
42,219.729781,0.800675862499986,65,,67,0
69,219.729781,0.800675862499986,65,,67,0
-4,220.540592,3.24324399999998,-1,0,68,0
-1,220.540592,3.23324399999998,-1,5,68,0
35,220.540592,3.23986562083331,67,,68,0
42,220.540592,3.23986562083331,67,,68,0
47,220.540592,3.23986562083331,62,,68,0
62,220.9459975,0.402027120833338,64,,68,0
62,221.351403,0.375000087500013,65,,68,0
61,221.7568085,0.380067656249992,64,,68,0
62,222.162214,0.380067656249992,67,,68,0
64,222.5676195,0.376689277083329,64,,68,0
66,222.973025,0.800675862499986,65,,68,0
-4,223.783836,3.24324400000003,-1,0,69,0
-1,223.783836,3.23324400000003,-1,5,69,0
40,223.783836,3.23986562083337,56,,69,0
44,223.783836,3.23986562083337,56,,69,0
47,223.783836,3.23986562083337,70,,69,0
64,223.783836,1.621622,69,,69,0
64,225.405458,0.0135135166666771,67,,69,0
64,225.8108635,0.400337931249993,64,,69,0
64,226.216269,0.398648741666676,65,,69,0
64,226.6216745,0.402027120833338,64,,69,0
-4,227.02708,3.243244,-1,0,70,0
-1,227.02708,3.233244,-1,5,70,0
33,227.02708,3.23986562083334,56,,70,0
40,227.02708,3.23986562083334,56,,70,0
45,227.02708,3.23986562083334,70,,70,0
64,227.02708,0.831081275000003,69,,70,0
57,227.837891,0.802365052083331,65,,70,0
52,228.648702,0.380067656249992,67,,70,0
64,229.0541075,0.400337931249993,64,,70,0
64,229.459513,0.375000087500013,65,,70,0
62,229.8649185,0.402027120833338,64,,70,0
-4,230.270324,3.24324399999995,-1,0,71,0
-1,230.270324,3.23324399999995,-1,5,71,0
37,230.270324,2.43918975833333,56,,71,0
44,230.270324,2.432433,56,,71,0
49,230.270324,2.43918975833333,70,,71,0
62,230.270324,0.831081275000003,69,,71,0
61,231.081135,0.802365052083331,65,,71,0
61,231.891946,0.380067656249992,67,,71,0
68,232.2973515,0.400337931249993,64,,71,0
44,232.702757,0.00675675833332434,57,,71,0
47,232.702757,0.800675862499958,71,,71,0
68,232.702757,0.375000087499984,65,,71,0
61,233.1081625,0.376689277083329,64,,71,0
-4,233.513568,3.24324399999995,-1,0,72,0
-1,233.513568,3.23324399999995,-1,5,72,0
42,233.513568,2.432433,56,,72,0
49,233.513568,2.432433,56,,72,0
54,233.513568,2.43918975833333,70,,72,0
68,233.513568,0.831081275000003,69,,72,0
69,234.324379,0.802365052083331,65,,72,0
69,235.13519,0.380067656249992,67,,72,0
61,235.5405955,0.400337931249993,64,,72,0
42,235.946001,0.00675675833332434,57,,72,0
49,235.946001,0.00675675833332434,71,,72,0
61,235.946001,0.375000087499984,65,,72,0
57,236.3514065,0.376689277083329,64,,72,0
-4,236.756812,3.243244,-1,0,73,0
-1,236.756812,3.233244,-1,5,73,0
37,236.756812,3.23986562083334,67,,73,0
44,236.756812,3.23986562083334,67,,73,0
49,236.756812,3.23986562083334,62,,73,0
66,236.756812,0.831081275000003,69,,73,0
68,237.567623,0.802365052083331,65,,73,0
64,238.378434,0.380067656249992,67,,73,0
66,238.7838395,0.400337931249993,64,,73,0
66,239.189245,0.375000087500013,65,,73,0
64,239.5946505,0.402027120833338,64,,73,0
-4,240.000056,3.24324399999998,-1,0,74,0
-1,240.000056,1.611622,-1,5,74,0
26,240.000056,0.405405500000001,68,,74,0
64,240.000056,0.405405500000001,69,,74,0
33,240.4054615,0.378378466666675,64,,74,0
66,240.4054615,0.402027120833338,64,,74,0
38,240.810867,0.375000087500013,57,,74,0
42,240.810867,0.398648741666676,71,,74,0
66,240.810867,0.375000087500013,65,,74,0
33,241.2162725,0.380067656249992,64,,74,0
64,241.2162725,0.403716310416655,64,,74,0
-1,241.621678,1.61162199999997,-1,5,74,0
28,241.621678,0.380067656249992,66,,74,0
64,241.621678,0.380067656249992,67,,74,0
35,242.0270835,0.376689277083329,64,,74,0
68,242.0270835,0.400337931249993,64,,74,0
40,242.432489,0.375000087500013,57,,74,0
44,242.432489,0.398648741666676,71,,74,0
68,242.432489,0.800675862499986,65,,74,0
35,242.8378945,0.376689277083329,64,,74,0
-4,243.2433,3.24324399999998,-1,0,75,0
-1,243.2433,1.611622,-1,5,75,0
25,243.2433,0.405405500000001,69,,75,0
64,243.2433,0.405405500000001,69,,75,0
32,243.6487055,0.378378466666675,64,,75,0
71,243.6487055,0.402027120833338,64,,75,0
37,244.054111,0.375000087500013,57,,75,0
41,244.054111,0.398648741666676,71,,75,0
71,244.054111,0.375000087500013,65,,75,0
32,244.4595165,0.380067656249992,64,,75,0
61,244.4595165,0.403716310416655,64,,75,0
-1,244.864922,1.61162199999997,-1,5,75,0
30,244.864922,0.380067656249992,67,,75,0
61,244.864922,0.380067656249992,67,,75,0
37,245.2703275,0.376689277083329,64,,75,0
69,245.2703275,0.400337931249993,64,,75,0
42,245.675733,0.800675862499986,65,,75,0
69,245.675733,0.800675862499986,65,,75,0
-4,246.486544,3.243244,-1,0,76,0
-1,246.486544,3.233244,-1,5,76,0
35,246.486544,0.405405500000001,69,,76,0
42,246.8919495,0.378378466666675,64,,76,0
62,246.8919495,0.402027120833338,64,,76,0
47,247.297355,0.375000087500013,57,,76,0
50,247.297355,0.398648741666676,71,,76,0
62,247.297355,0.375000087500013,65,,76,0
42,247.7027605,0.380067656249992,64,,76,0
61,247.7027605,0.380067656249992,64,,76,0
50,248.108166,0.380067656249992,59,,76,0
54,248.108166,0.403716310416655,73,,76,0
62,248.108166,0.380067656249992,67,,76,0
42,248.5135715,0.376689277083329,64,,76,0
64,248.5135715,0.376689277083329,64,,76,0
47,248.918977,0.375000087500013,57,,76,0
50,248.918977,0.398648741666676,71,,76,0
66,248.918977,0.398648741666676,65,,76,0
42,249.3243825,0.376689277083329,64,,76,0
66,249.3243825,0.809121810416656,64,,76,0
-4,249.729788,3.24324399999995,-1,0,77,0
-1,249.729788,3.23324399999995,-1,5,77,0
28,249.729788,0.403716310416655,68,,77,0
35,250.133504310416,0.380067656249992,64,,77,0
64,250.133504310416,1.2077705520833,64,,77,0
40,250.540599,0.375000087500013,57,,77,0
44,250.540599,0.398648741666676,71,,77,0
35,250.9460045,0.380067656249992,64,,77,0
44,251.351409999999,0.380067656249992,59,,77,0
47,251.351409999999,0.403716310416655,73,,77,0
64,251.351409999999,0.403716310416655,67,,77,0
35,251.756815499999,0.376689277083329,64,,77,0
64,251.756815499999,0.400337931249993,64,,77,0
40,252.162220999999,0.800675862500015,57,,77,0
44,252.162220999999,0.800675862500015,71,,77,0
64,252.162220999999,0.398648741666676,65,,77,0
64,252.567626499999,0.402027120833338,64,,77,0
-4,252.973031999999,3.243244,-1,0,78,0
-1,252.973031999999,3.233244,-1,5,78,0
33,252.973031999999,0.405405500000001,69,,78,0
64,252.973031999999,0.831081275000003,69,,78,0
40,253.378437499999,0.378378466666675,64,,78,0
45,253.783842999999,0.375000087500013,57,,78,0
49,253.783842999999,0.398648741666676,71,,78,0
57,253.783842999999,0.802365052083331,65,,78,0
40,254.189248499999,0.380067656249992,64,,78,0
47,254.594653999999,0.380067656249992,67,,78,0
52,254.594653999999,0.380067656249992,67,,78,0
40,255.000059499999,0.376689277083329,64,,78,0
64,255.000059499999,0.400337931249993,64,,78,0
49,255.405464999999,0.375000087500013,65,,78,0
64,255.405464999999,0.375000087500013,65,,78,0
40,255.810870499999,0.376689277083329,64,,78,0
62,255.810870499999,0.40202712083331,64,,78,0
-4,256.216275999999,3.24324399999995,-1,0,79,0
-1,256.216275999999,3.23324399999995,-1,5,79,0
32,256.216275999999,0.405405499999972,69,,79,0
62,256.216275999999,0.831081274999974,69,,79,0
40,256.621681499999,0.378378466666675,64,,79,0
44,257.027086999999,0.375000087499984,57,,79,0
47,257.027086999999,0.398648741666648,71,,79,0
61,257.027086999999,0.802365052083303,65,,79,0
40,257.432492499999,0.380067656249992,64,,79,0
44,257.837897999999,0.380067656249992,67,,79,0
61,257.837897999999,0.380067656249992,67,,79,0
40,258.243303499999,0.376689277083358,64,,79,0
68,258.243303499999,0.400337931250021,64,,79,0
47,258.648708999999,0.375000087499984,65,,79,0
68,258.648708999999,0.375000087499984,65,,79,0
40,259.054114499999,0.376689277083358,64,,79,0
61,259.054114499999,0.376689277083358,64,,79,0
-4,259.459519999999,3.24324399999995,-1,0,80,0
-1,259.459519999999,3.23324399999995,-1,5,80,0
30,259.459519999999,0.405405499999972,69,,80,0
71,259.459519999999,0.831081274999974,69,,80,0
37,259.864925499999,0.378378466666675,64,,80,0
42,260.270330999999,0.375000087499984,57,,80,0
45,260.270330999999,0.398648741666648,71,,80,0
69,260.270330999999,0.802365052083303,65,,80,0
37,260.675736499999,0.380067656249992,64,,80,0
44,261.081141999999,0.380067656249992,67,,80,0
69,261.081141999999,0.380067656249992,67,,80,0
37,261.486547499999,0.376689277083358,64,,80,0
61,261.486547499999,0.400337931250021,64,,80,0
42,261.891952999999,0.375000087499984,57,,80,0
45,261.891952999999,0.398648741666648,71,,80,0
61,261.891952999999,0.375000087499984,65,,80,0
37,262.297358499999,0.376689277083358,64,,80,0
57,262.297358499999,0.376689277083358,64,,80,0
-4,262.702763999999,3.24324399999995,-1,0,81,0
-1,262.702763999999,3.23324399999995,-1,5,81,0
25,262.702763999999,0.405405499999972,68,,81,0
66,262.702763999999,0.831081274999974,69,,81,0
32,263.108169499999,0.378378466666675,64,,81,0
37,263.513574999999,0.375000087499984,57,,81,0
40,263.513574999999,0.398648741666648,71,,81,0
68,263.513574999999,0.802365052083303,65,,81,0
32,263.918980499999,0.380067656249992,64,,81,0
37,264.324385999999,0.380067656249992,59,,81,0
40,264.324385999999,0.403716310416655,73,,81,0
64,264.324385999999,0.380067656249992,67,,81,0
32,264.729791499999,0.376689277083358,64,,81,0
66,264.729791499999,0.400337931250021,64,,81,0
37,265.135196999999,0.375000087499984,57,,81,0
40,265.135196999999,0.398648741666648,71,,81,0
66,265.135196999999,0.375000087499984,65,,81,0
32,265.540602499999,0.376689277083358,64,,81,0
64,265.540602499999,0.402027120833338,64,,81,0
-4,265.946007999999,3.24324399999995,-1,0,82,0
-1,265.946007999999,1.61162199999995,-1,5,82,0
26,265.946007999999,0.405405499999972,68,,82,0
64,265.946007999999,0.405405499999972,69,,82,0
33,266.351413499999,0.378378466666675,64,,82,0
66,266.351413499999,0.402027120833338,64,,82,0
38,266.756818999999,0.375000087499984,57,,82,0
42,266.756818999999,0.398648741666648,71,,82,0
66,266.756818999999,0.375000087499984,65,,82,0
33,267.162224499999,0.380067656249992,64,,82,0
64,267.162224499999,0.403716310416655,64,,82,0
-1,267.567629999999,1.611622,-1,5,82,0
28,267.567629999999,0.380067656249992,66,,82,0
64,267.567629999999,0.380067656249992,67,,82,0
35,267.973035499999,0.376689277083358,64,,82,0
68,267.973035499999,0.400337931250021,64,,82,0
40,268.378440999999,0.375000087499984,57,,82,0
44,268.378440999999,0.398648741666648,71,,82,0
68,268.378440999999,0.800675862499986,65,,82,0
35,268.783846499999,0.376689277083358,64,,82,0
-4,269.189251999999,3.24324399999995,-1,0,83,0
-1,269.189251999999,1.61162199999995,-1,5,83,0
25,269.189251999999,0.405405499999972,69,,83,0
64,269.189251999999,0.405405499999972,69,,83,0
32,269.594657499999,0.378378466666675,64,,83,0
71,269.594657499999,0.402027120833338,64,,83,0
37,270.000062999999,0.375000087499984,57,,83,0
41,270.000062999999,0.398648741666648,71,,83,0
71,270.000062999999,0.375000087499984,65,,83,0
32,270.405468499999,0.380067656249992,64,,83,0
61,270.405468499999,0.403716310416655,64,,83,0
-1,270.810873999999,1.611622,-1,5,83,0
30,270.810873999999,0.380067656249992,67,,83,0
61,270.810873999999,0.380067656249992,67,,83,0
37,271.216279499999,0.376689277083358,64,,83,0
69,271.216279499999,0.400337931250021,64,,83,0
42,271.621684999999,0.800675862499986,65,,83,0
69,271.621684999999,0.800675862499986,65,,83,0
-4,272.432495999999,3.24324399999995,-1,0,84,0
-1,272.432495999999,3.23324399999995,-1,5,84,0
35,272.432495999999,2.43918975833327,67,,84,0
42,272.432495999999,2.43243299999995,56,,84,0
47,272.432495999999,2.43243299999995,62,,84,0
62,272.837901499999,0.402027120833338,64,,84,0
62,273.243306999999,0.375000087499984,65,,84,0
61,273.648712499999,0.380067656249992,64,,84,0
62,274.054117999999,0.380067656249992,67,,84,0
64,274.459523499999,0.376689277083358,64,,84,0
42,274.864928999999,0.00675675833332434,68,,84,0
47,274.864928999999,0.00675675833332434,63,,84,0
66,274.864928999999,0.398648741666648,65,,84,0
66,275.270334499999,0.809121810416684,64,,84,0
-4,275.675739999999,3.24324399999995,-1,0,85,0
-1,275.675739999999,3.23324399999995,-1,5,85,0
40,275.675739999999,3.23986562083326,67,,85,0
44,275.675739999999,3.23986562083326,67,,85,0
47,275.675739999999,3.23986562083326,62,,85,0
64,276.081145499999,1.58614901874995,64,,85,0
64,278.108172999999,0.800675862499986,65,,85,0
-4,278.918983999999,3.24324399999995,-1,0,86,0
-1,278.918983999999,3.23324399999995,-1,5,86,0
33,278.918983999999,0.405405499999972,69,,86,0
61,278.918983999999,2.43918975833327,64,,86,0
40,279.324389499999,0.378378466666675,64,,86,0
45,279.729794999999,0.375000087499984,65,,86,0
40,280.135200499999,0.380067656249992,64,,86,0
45,280.540605999999,1.60473010416666,67,,86,0
71,281.351416999999,0.800675862499986,65,,86,0
-4,282.162227999999,3.24324399999995,-1,0,87,0
-1,282.162227999999,3.23324399999995,-1,5,87,0
32,282.162227999999,0.405405499999972,69,,87,0
68,282.162227999999,2.43918975833327,64,,87,0
40,282.567633499999,0.378378466666675,64,,87,0
44,282.973038999999,0.375000087499984,65,,87,0
40,283.378444499999,0.380067656249992,64,,87,0
44,283.783849999999,1.60473010416666,67,,87,0
64,284.594660999999,0.800675862499986,65,,87,0
-4,285.405471999999,3.24324399999995,-1,0,88,0
-1,285.405471999999,3.23324399999995,-1,5,88,0
30,285.405471999999,0.405405499999972,69,,88,0
61,285.405471999999,2.43918975833327,64,,88,0
37,285.810877499999,0.378378466666675,64,,88,0
42,286.216282999999,0.375000087499984,65,,88,0
37,286.621688499999,0.380067656249992,64,,88,0
42,287.027093999999,0.804054241666677,67,,88,0
40,287.837904999999,0.375000087499984,65,,88,0
68,287.837904999999,0.800675862499986,65,,88,0
35,288.243310499999,0.376689277083358,64,,88,0
-4,288.648715999999,-287.648716,-1,0,89,0
-1,288.648715999999,-287.648716,-1,5,89,0
26,288.648715999999,3.23986562083331,63,,89,0
66,288.648715999999,3.23986562083331,56,,89,0
69,288.648715999999,3.23986562083331,70,,89,0
