23,0,0.625,70,,0,0
23,0.625,0,70,,0,0
23,1.25,0,70,,0,0
23,1.875,0,70,,0,0
-4,2.5,2.5,-1,0,1,0
-1,2.5,1.24,-1,5,1,0
47,2.5,1.54947916666667,61,,1,0
54,2.5,1.54947916666667,61,,1,0
59,2.5,1.56770833333333,60,,1,0
68,2.5,0.30859375,69,,1,0
70,2.8125,0.291666666666667,64,,1,0
73,3.125,0.2890625,65,,1,0
66,3.4375,0.29296875,64,,1,0
-1,3.75,1.24,-1,5,1,0
68,3.75,0.29296875,67,,1,0
49,4.0625,0.92578125,56,,1,0
56,4.0625,0.92578125,56,,1,0
61,4.0625,0.92578125,61,,1,0
70,4.0625,0.290364583333333,64,,1,0
73,4.375,0.2890625,65,,1,0
66,4.6875,0.290364583333333,64,,1,0
-4,5,2.5,-1,0,2,0
-1,5,1.24,-1,5,2,0
51,5,1.55338541666667,61,,2,0
58,5,1.55338541666667,61,,2,0
63,5,1.57161458333333,66,,2,0
68,5,0.3125,69,,2,0
70,5.3125,0.291666666666667,64,,2,0
73,5.625,0.2890625,65,,2,0
75,5.9375,0.29296875,64,,2,0
-1,6.25,1.24,-1,5,2,0
68,6.25,0.29296875,67,,2,0
54,6.5625,0.92578125,56,,2,0
61,6.5625,0.92578125,61,,2,0
70,6.5625,0.290364583333333,64,,2,0
63,6.875,0.2890625,56,,2,0
66,7.1875,0.290364583333333,64,,2,0
-4,7.5,2.5,-1,0,3,0
-1,7.5,1.24,-1,5,3,0
47,7.5,1.55338541666667,61,,3,0
54,7.5,1.55338541666667,61,,3,0
59,7.5,1.57161458333333,68,,3,0
68,7.5,0.3125,69,,3,0
70,7.8125,0.291666666666666,64,,3,0
73,8.125,0.2890625,65,,3,0
66,8.4375,0.29296875,64,,3,0
-1,8.75,1.24,-1,5,3,0
68,8.75,0.29296875,67,,3,0
49,9.0625,0.92578125,56,,3,0
56,9.0625,0.92578125,56,,3,0
61,9.0625,0.92578125,61,,3,0
70,9.0625,0.290364583333334,64,,3,0
73,9.375,0.2890625,65,,3,0
66,9.6875,0.290364583333334,64,,3,0
-4,10,2.5,-1,0,4,0
-1,10,1.24,-1,5,4,0
51,10,1.55338541666667,61,,4,0
58,10,1.55338541666667,61,,4,0
63,10,1.57161458333333,66,,4,0
68,10,0.3125,69,,4,0
70,10.3125,0.291666666666666,64,,4,0
73,10.625,0.2890625,65,,4,0
75,10.9375,0.29296875,64,,4,0
-1,11.25,1.24,-1,5,4,0
68,11.25,0.29296875,67,,4,0
54,11.5625,0.92578125,56,,4,0
61,11.5625,0.92578125,61,,4,0
70,11.5625,0.290364583333334,64,,4,0
63,11.875,0.2890625,56,,4,0
66,12.1875,0.290364583333334,64,,4,0
-4,12.5,2.5,-1,0,5,0
-1,12.5,1.24,-1,5,5,0
35,12.5,1.55338541666667,61,,5,0
42,12.5,1.55338541666667,61,,5,0
47,12.5,1.57161458333333,66,,5,0
56,12.5,0.3125,69,,5,0
58,12.8125,0.291666666666666,64,,5,0
61,13.125,0.2890625,65,,5,0
54,13.4375,0.29296875,64,,5,0
-1,13.75,1.24,-1,5,5,0
56,13.75,0.29296875,67,,5,0
37,14.0625,0.92578125,56,,5,0
44,14.0625,0.92578125,56,,5,0
49,14.0625,0.92578125,61,,5,0
58,14.0625,0.290364583333334,64,,5,0
61,14.375,0.2890625,65,,5,0
54,14.6875,0.290364583333334,64,,5,0
-4,15,2.5,-1,0,6,0
-1,15,1.24,-1,5,6,0
39,15,1.55338541666667,61,,6,0
46,15,1.55338541666667,61,,6,0
51,15,1.57161458333333,66,,6,0
56,15,0.3125,69,,6,0
58,15.3125,0.291666666666666,64,,6,0
61,15.625,0.2890625,65,,6,0
54,15.9375,0.29296875,64,,6,0
-1,16.25,1.24,-1,5,6,0
56,16.25,0.29296875,67,,6,0
42,16.5625,0.92578125,56,,6,0
49,16.5625,0.92578125,61,,6,0
58,16.5625,0.290364583333332,64,,6,0
61,16.875,0.2890625,65,,6,0
54,17.1875,0.290364583333332,64,,6,0
-4,17.5,2.5,-1,0,7,0
-1,17.5,1.24,-1,5,7,0
35,17.5,1.55338541666667,61,,7,0
42,17.5,1.55338541666667,61,,7,0
47,17.5,1.57161458333333,66,,7,0
56,17.5,0.3125,69,,7,0
58,17.8125,0.291666666666668,64,,7,0
61,18.125,0.2890625,65,,7,0
54,18.4375,0.29296875,64,,7,0
-1,18.75,1.24,-1,5,7,0
56,18.75,0.29296875,67,,7,0
37,19.0625,0.92578125,56,,7,0
44,19.0625,0.92578125,56,,7,0
49,19.0625,0.92578125,61,,7,0
58,19.0625,0.290364583333332,64,,7,0
61,19.375,0.2890625,65,,7,0
54,19.6875,0.290364583333332,64,,7,0
-4,20,2.5,-1,0,8,0
-1,20,1.24,-1,5,8,0
39,20,1.55338541666667,61,,8,0
46,20,1.55338541666667,61,,8,0
51,20,1.57161458333333,66,,8,0
56,20,0.3125,69,,8,0
58,20.3125,0.291666666666668,64,,8,0
61,20.625,0.2890625,65,,8,0
54,20.9375,0.29296875,64,,8,0
-1,21.25,1.24,-1,5,8,0
56,21.25,0.29296875,67,,8,0
42,21.5625,0.92578125,56,,8,0
49,21.5625,0.625,61,,8,0
58,21.5625,0.290364583333332,64,,8,0
46,21.875,0.2890625,65,,8,0
49,22.1875,0.282552083333332,64,,8,0
-4,22.5,2.5,-1,0,9,0
-1,22.5,1.24,-1,5,9,0
35,22.5,0.3125,69,,9,0
51,22.5,0.640625,65,,9,0
42,22.8125,0.291666666666668,64,,9,0
47,23.125,0.618489583333332,65,,9,0
54,23.125,0.2890625,65,,9,0
56,23.4375,0.604166666666668,64,,9,0
-1,23.75,1.24,-1,5,9,0
37,23.75,0.29296875,67,,9,0
44,24.0625,0.290364583333332,64,,9,0
53,24.0625,0.290364583333332,64,,9,0
49,24.375,0.3125,65,,9,0
51,24.375,0.2890625,65,,9,0
49,24.6875,0.286458333333332,64,,9,0
-4,25,2.5,-1,0,10,0
-1,25,2.49,-1,5,10,0
39,25,0.3125,69,,10,0
46,25,0.3125,63,,10,0
46,25.3125,0.291666666666668,64,,10,0
49,25.3125,0.291666666666668,64,,10,0
51,25.625,0.911458333333332,65,,10,0
53,25.625,0.2890625,65,,10,0
54,25.9375,0.930989583333332,64,,10,0
46,26.5625,0.290364583333332,64,,10,0
51,26.875,0.6171875,65,,10,0
54,26.875,0.2890625,65,,10,0
53,27.1875,0.290364583333332,64,,10,0
-4,27.5,2.5,-1,0,11,0
-1,27.5,1.24,-1,5,11,0
35,27.5,0.3125,69,,11,0
51,27.5,0.640625,69,,11,0
42,27.8125,0.291666666666668,64,,11,0
47,28.125,0.618489583333332,65,,11,0
54,28.125,0.618489583333332,65,,11,0
-1,28.75,1.24,-1,5,11,0
37,28.75,0.29296875,67,,11,0
53,28.75,0.29296875,67,,11,0
44,29.0625,0.290364583333332,64,,11,0
49,29.0625,0.3125,61,,11,0
49,29.375,0.303385416666668,62,,11,0
49,29.6875,0.305989583333332,61,,11,0
-4,30,2.5,-1,0,12,0
-1,30,2.49,-1,5,12,0
39,30,0.3125,69,,12,0
46,30.3125,0.291666666666668,64,,12,0
51,30.625,0.911458333333332,65,,12,0
46,31.5625,0.290364583333332,64,,12,0
39,31.875,0.6171875,65,,12,0
46,31.875,0.2890625,65,,12,0
49,32.1875,0.290364583333336,64,,12,0
-4,32.5,2.5,-1,0,13,0
-1,32.5,1.24,-1,5,13,0
35,32.5,0.3125,69,,13,0
51,32.5,0.640625,69,,13,0
42,32.8125,0.291666666666664,64,,13,0
47,33.125,0.618489583333336,65,,13,0
54,33.125,0.2890625,65,,13,0
56,33.4375,0.604166666666664,64,,13,0
-1,33.75,1.24,-1,5,13,0
37,33.75,0.29296875,67,,13,0
44,34.0625,0.290364583333336,64,,13,0
53,34.0625,0.290364583333336,64,,13,0
49,34.375,0.3125,65,,13,0
51,34.375,0.2890625,65,,13,0
49,34.6875,0.286458333333336,64,,13,0
-4,35,2.50000000000001,-1,0,14,0
-1,35,2.47697916666667,-1,5,14,0
39,35,0.3125,63,,14,0
46,35,0.3125,69,,14,0
46,35.3125,0.291666666666664,64,,14,0
49,35.3125,0.291666666666664,64,,14,0
51,35.625,0.911458333333336,65,,14,0
53,35.625,0.2890625,65,,14,0
54,35.9375,0.930989583333336,64,,14,0
46,36.5625,0.290364583333336,68,,14,0
37,36.875,0.617187500000007,65,,14,0
54,36.875,0.2890625,65,,14,0
53,37.1875,0.290364583333336,64,,14,0
-1,37.4869791666667,1.24,-1,5,14,0
-4,37.5,2.49999999999999,-1,0,15,0
35,37.5,0.3125,69,,15,0
51,37.5,0.640625,69,,15,0
42,37.8125,0.291666666666664,64,,15,0
47,38.125,0.618489583333329,65,,15,0
54,38.125,0.618489583333329,65,,15,0
-1,38.7369791666667,1.23999999999999,-1,5,15,0
37,38.75,0.29296875,67,,15,0
53,38.75,0.29296875,67,,15,0
44,39.0625,0.92578125,64,,15,0
49,39.0625,0.30859375,64,,15,0
49,39.375,0.2890625,65,,15,0
51,39.6875,0.9375,64,,15,0
-1,39.9869791666667,2.49000000000001,-1,5,15,0
-4,40,2.50000000000001,-1,0,16,0
39,40,0.3125,69,,16,0
46,40.3125,0.291666666666664,64,,16,0
51,40.625,0.927083333333336,65,,16,0
46,41.5625,0.290364583333336,64,,16,0
39,41.875,0.617187500000007,65,,16,0
51,41.875,0.2890625,65,,16,0
53,42.1875,0.290364583333336,64,,16,0
-1,42.4869791666667,1.24,-1,5,16,0
-4,42.5,2.50000000000001,-1,0,17,0
35,42.5,0.3125,69,,17,0
54,42.5,0.930989583333336,69,,17,0
42,42.8125,0.291666666666664,64,,17,0
47,43.125,0.911458333333336,65,,17,0
53,43.4375,0.29296875,64,,17,0
-1,43.7369791666667,1.24000000000001,-1,5,17,0
51,43.75,0.29296875,67,,17,0
37,44.0625,0.290364583333336,64,,17,0
53,44.0625,0.290364583333336,64,,17,0
44,44.375,0.2890625,65,,17,0
54,44.375,0.932291666666671,65,,17,0
49,44.6875,0.290364583333336,64,,17,0
-1,44.9869791666667,2.49000000000001,-1,5,17,0
-4,45,2.50000000000001,-1,0,18,0
39,45,0.3125,69,,18,0
42,45.3125,0.291666666666664,64,,18,0
53,45.3125,0.291666666666664,64,,18,0
46,45.625,1.23828125,65,,18,0
51,45.625,0.2890625,65,,18,0
53,45.9375,0.29296875,64,,18,0
54,46.25,0.29296875,67,,18,0
53,46.5625,0.290364583333336,64,,18,0
42,46.875,0.2890625,65,,18,0
49,46.875,0.2890625,65,,18,0
39,47.1875,0.290364583333336,64,,18,0
51,47.1875,0.290364583333336,64,,18,0
-1,47.4869791666667,1.24,-1,5,18,0
-4,47.5,2.5,-1,0,19,0
35,47.5,0.3125,63,,19,0
49,47.5,0.3125,69,,19,0
39,47.8125,1.22265625,64,,19,0
42,47.8125,0.309895833333336,64,,19,0
42,48.125,0.2890625,65,,19,0
51,48.4375,0.29296875,64,,19,0
-1,48.7369791666667,1.24,-1,5,19,0
49,48.75,0.29296875,67,,19,0
37,49.0625,0.290364583333336,69,,19,0
42,49.0625,0.290364583333336,64,,19,0
41,49.375,0.6171875,65,,19,0
44,49.375,0.2890625,65,,19,0
46,49.6875,0.625,64,,19,0
-1,49.9869791666667,2.47177083333334,-1,5,19,0
-4,50,2.50000000000001,-1,0,20,0
39,50,0.3125,69,,20,0
46,50.3125,0.309895833333336,64,,20,0
51,50.625,0.911458333333336,65,,20,0
46,51.5625,0.28125,64,,20,0
39,51.875,0.617187500000007,65,,20,0
51,51.875,0.2890625,65,,20,0
53,52.1875,0.290364583333336,64,,20,0
-1,52.46875,1.24000000000001,-1,5,20,0
-4,52.5,2.5,-1,0,21,0
35,52.5,0.3125,69,,21,0
54,52.5,0.94921875,69,,21,0
42,52.8125,0.291666666666664,64,,21,0
47,53.125,0.911458333333336,65,,21,0
53,53.4375,0.29296875,64,,21,0
-1,53.71875,1.24,-1,5,21,0
51,53.75,0.29296875,67,,21,0
37,54.0625,0.290364583333336,64,,21,0
53,54.0625,0.290364583333336,64,,21,0
44,54.375,0.2890625,65,,21,0
54,54.375,0.932291666666664,65,,21,0
49,54.6875,0.290364583333336,64,,21,0
-1,54.96875,2.49000000000001,-1,5,21,0
-4,55,2.50000000000001,-1,0,22,0
39,55,0.3125,69,,22,0
46,55.3125,1.54947916666667,64,,22,0
53,55.3125,0.291666666666664,64,,22,0
51,55.625,0.2890625,65,,22,0
53,55.9375,0.29296875,64,,22,0
54,56.25,0.29296875,67,,22,0
56,56.5625,0.290364583333336,64,,22,0
46,56.875,0.2890625,65,,22,0
58,56.875,0.2890625,65,,22,0
39,57.1875,0.290364583333336,64,,22,0
59,57.1875,0.623697916666664,64,,22,0
-1,57.46875,1.27125,-1,5,22,0
-4,57.5,2.5,-1,0,23,0
35,57.5,1.88020833333334,64,,23,0
54,57.8125,0.309895833333336,64,,23,0
54,58.125,0.2890625,65,,23,0
58,58.4375,0.29296875,64,,23,0
-1,58.75,1.20875,-1,5,23,0
56,58.75,0.29296875,67,,23,0
54,59.0625,0.30859375,64,,23,0
37,59.375,0.6171875,58,,23,0
54,59.375,1.26041666666666,65,,23,0
-1,59.96875,2.49,-1,5,23,0
-4,60,2.5,-1,0,24,0
30,60,2.49739583333334,57,,24,0
58,61.875,0.2890625,65,,24,0
61,62.1875,0.141927083333336,64,,24,0
58,62.34375,0.1484375,64,,24,0
-1,62.46875,1.24,-1,5,24,0
-4,62.5,2.49999999999999,-1,0,25,0
35,62.5,0.640625,69,,25,0
56,62.5,0.3125,69,,25,0
54,62.8125,0.291666666666664,64,,25,0
42,63.125,0.2890625,57,,25,0
47,63.125,0.307291666666664,65,,25,0
51,63.125,0.1484375,59,,25,0
54,63.28125,0.283854166666664,64,,25,0
35,63.4375,0.29296875,64,,25,0
56,63.59375,0.778645833333321,64,,25,0
-1,63.71875,1.23999999999999,-1,5,25,0
37,63.75,0.311197916666664,67,,25,0
37,64.0625,0.290364583333329,64,,25,0
44,64.375,0.6171875,57,,25,0
49,64.375,0.6171875,65,,25,0
58,64.375,0.2890625,65,,25,0
61,64.6875,0.141927083333329,64,,25,0
58,64.84375,0.1484375,64,,25,0
-1,64.96875,2.52125,-1,5,25,0
-4,65,2.5,-1,0,26,0
39,65,0.640625,69,,26,0
56,65,0.3125,69,,26,0
54,65.3125,0.291666666666671,64,,26,0
42,65.625,0.2890625,57,,26,0
46,65.625,0.307291666666671,65,,26,0
49,65.625,0.1484375,59,,26,0
54,65.78125,0.302083333333329,64,,26,0
39,65.9375,0.622395833333329,64,,26,0
54,66.09375,0.778645833333329,64,,26,0
39,66.5625,0.290364583333329,64,,26,0
46,66.875,0.6171875,57,,26,0
51,66.875,0.6171875,63,,26,0
58,66.875,0.2890625,65,,26,0
61,67.1875,0.141927083333329,64,,26,0
58,67.34375,0.1484375,64,,26,0
-4,67.5,2.5,-1,0,27,0
-1,67.5,1.24,-1,5,27,0
35,67.5,0.3125,69,,27,0
56,67.5,0.640625,69,,27,0
35,67.8125,0.0182291666666714,64,,27,0
42,68.125,0.2890625,57,,27,0
47,68.125,0.307291666666671,65,,27,0
58,68.125,0.1484375,65,,27,0
61,68.28125,0.302083333333329,64,,27,0
35,68.4375,0.29296875,64,,27,0
61,68.59375,0.451822916666671,64,,27,0
-1,68.75,1.24,-1,5,27,0
37,68.75,0.311197916666671,67,,27,0
37,69.0625,0.290364583333329,64,,27,0
63,69.0625,0.290364583333329,64,,27,0
44,69.375,0.2890625,57,,27,0
49,69.375,0.307291666666671,65,,27,0
61,69.375,0.147135416666671,65,,27,0
58,69.53125,0.151041666666671,64,,27,0
37,69.6875,0.290364583333329,64,,27,0
58,69.6875,2.1875,64,,27,0
-4,70,2.5,-1,0,28,0
-1,70,1.24,-1,5,28,0
39,70,0.640625,69,,28,0
46,70.625,0.2890625,57,,28,0
51,70.625,0.307291666666671,65,,28,0
39,70.9375,0.622395833333329,64,,28,0
-1,71.25,1.24,-1,5,28,0
39,71.5625,0.290364583333329,64,,28,0
37,71.875,0.6171875,57,,28,0
44,71.875,0.6171875,57,,28,0
49,71.875,0.6171875,65,,28,0
58,71.875,0.00390625,65,,28,0
61,72.1875,0.141927083333329,64,,28,0
58,72.34375,0.1484375,64,,28,0
-4,72.5,2.5,-1,0,29,0
-1,72.5,1.24,-1,5,29,0
35,72.5,0.640625,69,,29,0
56,72.5,0.3125,69,,29,0
54,72.8125,0.291666666666671,64,,29,0
42,73.125,0.2890625,57,,29,0
47,73.125,0.307291666666671,66,,29,0
51,73.125,0.1484375,65,,29,0
54,73.28125,0.283854166666671,64,,29,0
35,73.4375,0.29296875,64,,29,0
56,73.59375,0.778645833333329,64,,29,0
-1,73.75,1.24,-1,5,29,0
37,73.75,0.311197916666671,67,,29,0
37,74.0625,0.290364583333329,64,,29,0
44,74.375,0.6171875,57,,29,0
49,74.375,0.6171875,66,,29,0
58,74.375,0.2890625,65,,29,0
61,74.6875,0.141927083333329,64,,29,0
58,74.84375,0.1484375,64,,29,0
-4,75,2.5,-1,0,30,0
-1,75,1.24,-1,5,30,0
39,75,0.640625,69,,30,0
56,75,0.3125,69,,30,0
54,75.3125,0.291666666666671,64,,30,0
42,75.625,0.2890625,57,,30,0
46,75.625,0.307291666666671,66,,30,0
49,75.625,0.1484375,60,,30,0
54,75.78125,0.302083333333329,64,,30,0
39,75.9375,0.622395833333329,64,,30,0
54,76.09375,0.778645833333329,64,,30,0
-1,76.25,1.24,-1,5,30,0
39,76.5625,0.290364583333329,64,,30,0
37,76.875,0.6171875,57,,30,0
44,76.875,0.6171875,57,,30,0
49,76.875,0.6171875,65,,30,0
54,76.875,0.147135416666671,65,,30,0
53,77.03125,0.141927083333329,64,,30,0
51,77.1875,0.141927083333329,64,,30,0
53,77.34375,0.1484375,64,,30,0
-4,77.5,2.5,-1,0,31,0
-1,77.5,1.24,-1,5,31,0
35,77.5,0.3125,69,,31,0
51,77.5,0.640625,69,,31,0
35,77.8125,0.0182291666666714,64,,31,0
42,78.125,0.2890625,57,,31,0
47,78.125,0.307291666666671,67,,31,0
58,78.125,0.618489583333329,65,,31,0
35,78.4375,0.29296875,64,,31,0
-1,78.75,1.24,-1,5,31,0
37,78.75,0.311197916666671,67,,31,0
53,78.75,0.29296875,67,,31,0
37,79.0625,0.290364583333329,64,,31,0
51,79.0625,0.290364583333329,64,,31,0
44,79.375,0.2890625,57,,31,0
49,79.375,0.307291666666671,71,,31,0
53,79.375,0.307291666666671,65,,31,0
37,79.6875,0.290364583333329,64,,31,0
53,79.6875,0.623697916666671,64,,31,0
-4,80,2.5,-1,0,32,0
-1,80,0.615,-1,5,32,0
35,80,0.640625,61,,32,0
42,80,0.640625,61,,32,0
47,80,0.640625,75,,32,0
54,80.3125,2.16666666666667,64,,32,0
-1,80.625,0.615,-1,5,32,0
37,80.625,0.618489583333329,57,,32,0
44,80.625,0.618489583333329,57,,32,0
49,80.625,0.618489583333329,71,,32,0
-1,81.25,1.24,-1,5,32,0
39,81.25,1.23697916666667,59,,32,0
46,81.25,1.23697916666667,59,,32,0
51,81.25,1.23697916666667,73,,32,0
-4,82.5,2.5,-1,0,33,0
-1,82.5,1.24,-1,5,33,0
35,82.5,1.55338541666667,61,,33,0
42,82.5,1.55338541666667,61,,33,0
47,82.5,1.57161458333333,66,,33,0
56,82.5,0.3125,69,,33,0
58,82.8125,0.291666666666671,64,,33,0
61,83.125,0.2890625,65,,33,0
54,83.4375,0.29296875,64,,33,0
-1,83.75,1.24,-1,5,33,0
56,83.75,0.29296875,67,,33,0
37,84.0625,0.92578125,56,,33,0
44,84.0625,0.92578125,56,,33,0
49,84.0625,0.92578125,61,,33,0
58,84.0625,0.290364583333329,64,,33,0
61,84.375,0.2890625,65,,33,0
54,84.6875,0.290364583333329,64,,33,0
-4,85,2.5,-1,0,34,0
-1,85,2.49,-1,5,34,0
39,85,1.55338541666667,61,,34,0
46,85,1.55338541666667,61,,34,0
51,85,1.57161458333333,66,,34,0
56,85,0.3125,69,,34,0
58,85.3125,0.291666666666671,64,,34,0
61,85.625,0.2890625,65,,34,0
54,85.9375,0.29296875,64,,34,0
56,86.25,0.29296875,67,,34,0
42,86.5625,0.92578125,56,,34,0
49,86.5625,0.92578125,61,,34,0
58,86.5625,0.290364583333329,64,,34,0
61,86.875,0.2890625,65,,34,0
54,87.1875,0.290364583333329,64,,34,0
-4,87.5,2.5,-1,0,35,0
-1,87.5,1.24,-1,5,35,0
35,87.5,1.55338541666667,61,,35,0
42,87.5,1.55338541666667,61,,35,0
47,87.5,1.57161458333333,59,,35,0
56,87.5,0.3125,69,,35,0
58,87.8125,0.291666666666671,64,,35,0
61,88.125,0.2890625,65,,35,0
54,88.4375,0.29296875,64,,35,0
-1,88.75,1.24,-1,5,35,0
56,88.75,0.29296875,67,,35,0
37,89.0625,0.92578125,56,,35,0
44,89.0625,0.92578125,56,,35,0
49,89.0625,0.92578125,63,,35,0
58,89.0625,0.290364583333329,64,,35,0
61,89.375,0.2890625,65,,35,0
54,89.6875,0.290364583333329,64,,35,0
-4,90,2.5,-1,0,36,0
-1,90,2.49,-1,5,36,0
39,90,1.55338541666667,61,,36,0
46,90,1.55338541666667,54,,36,0
51,90,1.57161458333333,68,,36,0
56,90,0.3125,69,,36,0
58,90.3125,0.291666666666671,64,,36,0
61,90.625,0.2890625,65,,36,0
54,90.9375,0.29296875,64,,36,0
56,91.25,0.29296875,67,,36,0
42,91.5625,0.92578125,56,,36,0
49,91.5625,0.92578125,63,,36,0
58,91.5625,0.290364583333329,64,,36,0
54,92.1875,0.141927083333329,64,,36,0
56,92.34375,0.1484375,64,,36,0
-4,92.5,2.49999999999999,-1,0,37,0
-1,92.5,1.24,-1,5,37,0
35,92.5,0.3125,69,,37,0
58,92.5,0.3125,69,,37,0
35,92.8125,0.0182291666666714,64,,37,0
56,92.8125,0.143229166666671,64,,37,0
54,92.96875,0.15625,64,,37,0
39,93.125,0.618489583333329,57,,37,0
42,93.125,0.618489583333329,71,,37,0
54,93.125,0.0013020833333286,65,,37,0
51,93.4375,0.141927083333329,64,,37,0
53,93.59375,0.149739583333329,64,,37,0
-1,93.75,1.23999999999999,-1,5,37,0
37,93.75,0.311197916666671,67,,37,0
54,93.75,0.29296875,67,,37,0
37,94.0625,0.290364583333329,64,,37,0
53,94.0625,0.141927083333329,64,,37,0
51,94.21875,0.147135416666657,64,,37,0
41,94.375,0.6171875,57,,37,0
44,94.375,0.6171875,67,,37,0
49,94.375,0.2890625,65,,37,0
46,94.6875,0.141927083333329,60,,37,0
49,94.84375,0.1484375,64,,37,0
-4,95,2.49999999999999,-1,0,38,0
-1,95,1.24,-1,5,38,0
39,95,0.3125,69,,38,0
51,95,0.3125,69,,38,0
39,95.3125,0.0182291666666714,64,,38,0
53,95.3125,0.143229166666671,64,,38,0
54,95.46875,0.1484375,64,,38,0
42,95.625,0.618489583333329,57,,38,0
46,95.625,0.618489583333329,67,,38,0
53,95.625,0.1484375,65,,38,0
49,95.78125,0.140625,64,,38,0
51,95.9375,0.29296875,64,,38,0
-1,96.25,1.23999999999999,-1,5,38,0
37,96.25,0.311197916666671,67,,38,0
49,96.25,0.619791666666657,67,,38,0
37,96.5625,0.290364583333329,64,,38,0
41,96.875,0.6171875,57,,38,0
44,96.875,0.6171875,71,,38,0
46,96.875,0.15625,63,,38,0
46,97.03125,0,64,,38,0
47,97.1875,0.141927083333329,64,,38,0
49,97.34375,0.1484375,64,,38,0
-4,97.5,2.49999999999999,-1,0,39,0
-1,97.5,1.24,-1,5,39,0
35,97.5,0.3125,69,,39,0
51,97.5,0.3125,69,,39,0
35,97.8125,0.0182291666666714,64,,39,0
53,97.8125,0.143229166666671,64,,39,0
54,97.96875,0.1484375,64,,39,0
39,98.125,0.618489583333329,57,,39,0
42,98.125,0.618489583333329,71,,39,0
53,98.125,0.2890625,65,,39,0
54,98.4375,0.141927083333329,64,,39,0
56,98.59375,0.149739583333329,64,,39,0
-1,98.75,1.23999999999999,-1,5,39,0
37,98.75,0.311197916666671,67,,39,0
58,98.75,0.29296875,67,,39,0
37,99.0625,0.290364583333329,64,,39,0
56,99.0625,0.141927083333329,64,,39,0
54,99.21875,0.147135416666657,64,,39,0
41,99.375,0.6171875,57,,39,0
44,99.375,0.6171875,67,,39,0
53,99.375,0.459635416666671,65,,39,0
49,99.84375,1.42057291666667,64,,39,0
-4,100,2.5,-1,0,40,0
-1,100,2.49,-1,5,40,0
39,100,0.3125,69,,40,0
39,100.3125,0.0182291666666714,64,,40,0
42,100.625,0.618489583333329,57,,40,0
46,100.625,0.618489583333329,68,,40,0
39,101.25,0.311197916666671,67,,40,0
39,101.5625,0.290364583333329,64,,40,0
42,101.875,0.2890625,57,,40,0
46,101.875,0.307291666666671,68,,40,0
37,102.1875,0.290364583333329,64,,40,0
54,102.1875,0.141927083333329,64,,40,0
56,102.34375,0.1484375,64,,40,0
-4,102.5,2.49999999999999,-1,0,41,0
-1,102.5,1.24,-1,5,41,0
35,102.5,0.3125,69,,41,0
58,102.5,0.3125,69,,41,0
35,102.8125,0.0182291666666714,64,,41,0
56,102.8125,0.143229166666671,64,,41,0
54,102.96875,0.15625,64,,41,0
39,103.125,0.618489583333329,57,,41,0
42,103.125,0.618489583333329,71,,41,0
54,103.125,0.0013020833333286,65,,41,0
51,103.4375,0.141927083333329,64,,41,0
53,103.59375,0.149739583333329,64,,41,0
-1,103.75,1.23999999999999,-1,5,41,0
37,103.75,0.311197916666671,67,,41,0
54,103.75,0.29296875,67,,41,0
37,104.0625,0.290364583333329,64,,41,0
53,104.0625,0.141927083333329,64,,41,0
51,104.21875,0.147135416666657,64,,41,0
41,104.375,0.6171875,57,,41,0
44,104.375,0.6171875,62,,41,0
49,104.375,0.307291666666671,65,,41,0
49,104.6875,0.151041666666671,64,,41,0
49,104.84375,0.1484375,64,,41,0
-4,105,2.5,-1,0,42,0
-1,105,1.24,-1,5,42,0
39,105,0.3125,69,,42,0
51,105,0.3125,69,,42,0
39,105.3125,0.0182291666666714,64,,42,0
51,105.3125,0.0182291666666714,64,,42,0
54,105.46875,0.1484375,64,,42,0
42,105.625,0.618489583333329,57,,42,0
46,105.625,0.618489583333329,62,,42,0
53,105.625,0.1484375,65,,42,0
49,105.78125,0.140625,64,,42,0
51,105.9375,0.462239583333329,64,,42,0
-1,106.25,1.24,-1,5,42,0
37,106.25,0.311197916666671,67,,42,0
49,106.40625,0.458333333333329,64,,42,0
37,106.5625,0.290364583333329,64,,42,0
41,106.875,0.6171875,57,,42,0
44,106.875,0.6171875,62,,42,0
51,106.875,0.459635416666671,65,,42,0
49,107.34375,0.47265625,64,,42,0
-4,107.5,2.5,-1,0,43,0
-1,107.5,1.24,-1,5,43,0
35,107.5,0.3125,69,,43,0
35,107.8125,0.0182291666666714,64,,43,0
51,107.8125,0.618489583333329,64,,43,0
39,108.125,0.618489583333329,57,,43,0
42,108.125,0.618489583333329,67,,43,0
54,108.4375,0.29296875,64,,43,0
-1,108.75,1.24,-1,5,43,0
37,108.75,0.311197916666671,67,,43,0
56,108.75,0.29296875,67,,43,0
37,109.0625,0.290364583333329,64,,43,0
58,109.0625,0.615885416666671,64,,43,0
41,109.375,0.6171875,57,,43,0
44,109.375,0.6171875,62,,43,0
56,109.6875,0.481770833333329,64,,43,0
-4,110,2.50000000000001,-1,0,44,0
-1,110,2.49000000000001,-1,5,44,0
39,110,0.3125,69,,44,0
54,110.15625,2.31901041666667,64,,44,0
39,110.3125,0.0182291666666714,64,,44,0
42,110.625,0.618489583333329,57,,44,0
46,110.625,0.618489583333329,62,,44,0
39,111.25,0.311197916666671,67,,44,0
39,111.5625,0.290364583333329,64,,44,0
42,111.875,0.2890625,57,,44,0
46,111.875,0.307291666666671,64,,44,0
37,112.1875,0.290364583333343,64,,44,0
-4,112.5,2.49999999999999,-1,0,45,0
-1,112.5,1.24,-1,5,45,0
35,112.5,0.3125,69,,45,0
63,112.5,0.640625,69,,45,0
35,112.8125,0.0182291666666714,64,,45,0
42,113.125,0.618489583333329,57,,45,0
47,113.125,0.618489583333329,65,,45,0
61,113.125,0.2890625,65,,45,0
59,113.4375,0.29296875,64,,45,0
-1,113.75,1.23999999999999,-1,5,45,0
37,113.75,0.311197916666671,67,,45,0
58,113.75,0.619791666666657,67,,45,0
37,114.0625,0.290364583333329,64,,45,0
44,114.375,0.6171875,57,,45,0
49,114.375,0.6171875,65,,45,0
56,114.375,0.147135416666671,65,,45,0
58,114.53125,0.141927083333329,64,,45,0
59,114.6875,0.481770833333329,64,,45,0
-4,115,2.5,-1,0,46,0
-1,115,1.24000000000001,-1,5,46,0
39,115,0.3125,69,,46,0
58,115.15625,0.141927083333329,64,,46,0
39,115.3125,0.0182291666666714,64,,46,0
56,115.3125,0.143229166666671,64,,46,0
54,115.46875,0.305989583333329,64,,46,0
46,115.625,0.618489583333343,57,,46,0
51,115.625,0.618489583333343,65,,46,0
56,115.78125,0.140625,64,,46,0
58,115.9375,0.141927083333329,64,,46,0
59,116.09375,0.311197916666686,64,,46,0
-1,116.25,1.23999999999999,-1,5,46,0
37,116.25,0.311197916666671,67,,46,0
58,116.40625,0.140625,64,,46,0
37,116.5625,0.290364583333329,64,,46,0
56,116.5625,0.141927083333329,64,,46,0
54,116.71875,0.3046875,64,,46,0
44,116.875,0.2890625,57,,46,0
49,116.875,0.307291666666657,65,,46,0
51,117.03125,0.141927083333329,64,,46,0
37,117.1875,0.290364583333329,64,,46,0
53,117.1875,0.141927083333329,64,,46,0
54,117.34375,0.329427083333329,64,,46,0
-4,117.5,2.5,-1,0,47,0
-1,117.5,1.24,-1,5,47,0
35,117.5,0.3125,69,,47,0
53,117.65625,0.141927083333329,64,,47,0
35,117.8125,0.0182291666666714,64,,47,0
51,117.8125,0.143229166666671,64,,47,0
49,117.96875,0.466145833333329,64,,47,0
42,118.125,0.618489583333329,57,,47,0
47,118.125,0.618489583333329,71,,47,0
49,118.4375,0.29296875,64,,47,0
-1,118.75,1.24,-1,5,47,0
37,118.75,0.311197916666671,67,,47,0
51,118.75,0.462239583333329,67,,47,0
37,119.0625,0.290364583333329,64,,47,0
54,119.21875,0.446614583333329,64,,47,0
44,119.375,0.6171875,57,,47,0
49,119.375,0.6171875,71,,47,0
53,119.6875,0.481770833333329,64,,47,0
-4,120,2.50000000000001,-1,0,48,0
-1,120,2.49000000000001,-1,5,48,0
39,120,0.3125,69,,48,0
49,120.15625,0.462239583333343,64,,48,0
39,120.3125,0.0182291666666714,64,,48,0
42,120.625,0.618489583333329,57,,48,0
46,120.625,0.459635416666671,71,,48,0
46,120.625,0,65,,48,0
51,121.09375,0.778645833333329,59,,48,0
39,121.25,0.311197916666671,67,,48,0
39,121.5625,0.290364583333329,64,,48,0
42,121.875,0.2890625,57,,48,0
46,121.875,0.307291666666671,71,,48,0
37,122.1875,0.290364583333329,64,,48,0
-4,122.5,2.49999999999999,-1,0,49,0
-1,122.5,1.24,-1,5,49,0
35,122.5,0.3125,69,,49,0
63,122.5,0.640625,69,,49,0
35,122.8125,0.0182291666666714,64,,49,0
42,123.125,0.618489583333329,57,,49,0
47,123.125,0.618489583333329,66,,49,0
61,123.125,0.2890625,65,,49,0
59,123.4375,0.29296875,64,,49,0
-1,123.75,1.23999999999999,-1,5,49,0
37,123.75,0.311197916666671,67,,49,0
58,123.75,0.619791666666657,67,,49,0
37,124.0625,0.290364583333329,64,,49,0
44,124.375,0.6171875,57,,49,0
49,124.375,0.6171875,66,,49,0
56,124.375,0.147135416666671,65,,49,0
58,124.53125,0.141927083333329,64,,49,0
59,124.6875,0.953125,64,,49,0
-4,125,2.5,-1,0,50,0
-1,125,1.24,-1,5,50,0
39,125,0.3125,69,,50,0
39,125.3125,0.0182291666666714,64,,50,0
46,125.625,0.2890625,57,,50,0
51,125.625,0.307291666666671,66,,50,0
58,125.625,0.1484375,65,,50,0
56,125.78125,0.140625,64,,50,0
39,125.9375,0.29296875,64,,50,0
58,125.9375,1.54817708333333,64,,50,0
-1,126.25,1.24,-1,5,50,0
37,126.25,0.311197916666671,67,,50,0
37,126.5625,0.290364583333329,64,,50,0
44,126.875,0.2890625,57,,50,0
49,126.875,0.307291666666671,66,,50,0
37,127.1875,0.290364583333329,64,,50,0
-4,127.5,2.5,-1,0,51,0
-1,127.5,1.24,-1,5,51,0
35,127.5,0.3125,69,,51,0
35,127.8125,0.0182291666666714,64,,51,0
42,128.125,0.2890625,57,,51,0
47,128.125,0.307291666666657,66,,51,0
35,128.4375,0.29296875,64,,51,0
59,128.4375,0.29296875,64,,51,0
-1,128.75,1.24,-1,5,51,0
37,128.75,0.311197916666657,67,,51,0
58,128.75,0.29296875,67,,51,0
37,129.0625,0.290364583333343,64,,51,0
56,129.0625,0.290364583333343,64,,51,0
44,129.375,0.2890625,57,,51,0
49,129.375,0.307291666666657,68,,51,0
54,129.375,0.307291666666657,65,,51,0
37,129.6875,0.290364583333343,64,,51,0
54,129.6875,0.290364583333343,64,,51,0
-4,130,2.50000000000003,-1,0,52,0
-1,130,2.49000000000003,-1,5,52,0
39,130,0.640625,69,,52,0
46,130,0.625,61,,52,0
51,130,0.625,71,,52,0
46,130.625,0.015625,57,,52,0
51,130.625,0.015625,67,,52,0
39,130.9375,0.311197916666686,64,,52,0
46,131.09375,0.149739583333343,56,,52,0
51,131.09375,0.158854166666686,66,,52,0
39,131.25,0.311197916666657,67,,52,0
39,131.5625,0.290364583333343,64,,52,0
46,131.875,0.6171875,57,,52,0
51,131.875,0.6171875,67,,52,0
39,132.1875,0.290364583333343,64,,52,0
-4,132.5,2.50000000000003,-1,0,53,0
-1,132.5,0.615,-1,5,53,0
35,132.5,0.3125,61,,53,0
42,132.5,0.3125,75,,53,0
47,132.5,0.640625,69,,53,0
42,132.8125,0.0182291666666572,64,,53,0
-1,133.125,0.615,-1,5,53,0
37,133.125,0.2890625,57,,53,0
44,133.125,0.307291666666657,71,,53,0
49,133.125,0.618489583333343,65,,53,0
44,133.4375,0.29296875,64,,53,0
-1,133.75,0.615000000000028,-1,5,53,0
39,133.75,0.29296875,59,,53,0
46,133.75,0.311197916666657,73,,53,0
51,133.75,0.619791666666686,67,,53,0
46,134.0625,0.290364583333343,64,,53,0
-1,134.375,0.615,-1,5,53,0
35,134.375,0.2890625,57,,53,0
42,134.375,0.307291666666657,71,,53,0
47,134.375,0.6171875,65,,53,0
42,134.6875,0.290364583333343,64,,53,0
-4,135,2.5,-1,0,54,0
-1,135,2.49,-1,5,54,0
25,135,0.3125,60,,54,0
37,135,0.3125,71,,54,0
42,135,0.624999999999972,61,,54,0
49,135,0.624999999999972,71,,54,0
25,135.3125,0.0182291666666572,55,,54,0
37,135.3125,0.0182291666666572,66,,54,0
42,135.625,0.015625,57,,54,0
49,135.625,0.015625,67,,54,0
25,135.9375,0.311197916666686,55,,54,0
37,135.9375,0.311197916666686,66,,54,0
42,136.09375,0.149739583333343,56,,54,0
49,136.09375,0.158854166666686,66,,54,0
25,136.25,0.311197916666657,58,,54,0
37,136.25,0.311197916666657,69,,54,0
25,136.5625,0.290364583333343,55,,54,0
37,136.5625,0.30859375,66,,54,0
42,136.875,0.6171875,68,,54,0
49,136.875,0.6171875,63,,54,0
25,137.1875,0.309895833333343,55,,54,0
37,137.1875,0.309895833333343,66,,54,0
-4,137.5,2.49999999999997,-1,0,55,0
-1,137.5,1.23999999999997,-1,5,55,0
25,137.5,0.3125,60,,55,0
37,137.5,0.3125,71,,55,0
41,137.5,1.24999999999997,72,,55,0
49,137.5,1.24999999999997,67,,55,0
25,137.8125,0.0182291666666572,55,,55,0
37,137.8125,0.0182291666666572,66,,55,0
25,138.125,0.307291666666657,56,,55,0
37,138.125,0.307291666666657,67,,55,0
25,138.4375,0.311197916666657,55,,55,0
37,138.4375,0.311197916666657,66,,55,0
-1,138.75,1.24,-1,5,55,0
25,138.75,0.619791666666657,58,,55,0
37,138.75,0.619791666666657,69,,55,0
41,138.75,0.0104166666666572,59,,55,0
49,138.75,0.0104166666666572,69,,55,0
58,139.375,0.2890625,65,,55,0
61,139.6875,0.141927083333343,64,,55,0
58,139.84375,0.1484375,64,,55,0
-4,140,2.5,-1,0,56,0
-1,140,1.24,-1,5,56,0
35,140,0.640625,69,,56,0
56,140,0.3125,69,,56,0
54,140.3125,0.291666666666657,64,,56,0
42,140.625,0.2890625,57,,56,0
47,140.625,0.307291666666657,71,,56,0
51,140.625,0.1484375,65,,56,0
54,140.78125,0.283854166666657,64,,56,0
35,140.9375,0.29296875,64,,56,0
56,141.09375,0.778645833333343,64,,56,0
-1,141.25,1.24,-1,5,56,0
37,141.25,0.311197916666657,67,,56,0
37,141.5625,0.290364583333343,64,,56,0
44,141.875,0.6171875,57,,56,0
49,141.875,0.6171875,71,,56,0
58,141.875,0.2890625,65,,56,0
61,142.1875,0.141927083333343,64,,56,0
58,142.34375,0.1484375,64,,56,0
-4,142.5,2.5,-1,0,57,0
-1,142.5,2.49,-1,5,57,0
39,142.5,0.640625,69,,57,0
56,142.5,0.3125,69,,57,0
54,142.8125,0.291666666666657,64,,57,0
42,143.125,0.2890625,57,,57,0
46,143.125,0.307291666666657,71,,57,0
49,143.125,0.1484375,65,,57,0
54,143.28125,0.302083333333343,64,,57,0
39,143.4375,0.622395833333343,64,,57,0
54,143.59375,0.778645833333343,64,,57,0
39,144.0625,0.290364583333343,64,,57,0
42,144.375,0.6171875,57,,57,0
46,144.375,0.6171875,71,,57,0
58,144.375,0.2890625,65,,57,0
61,144.6875,0.141927083333343,64,,57,0
58,144.84375,0.1484375,64,,57,0
-4,145,2.5,-1,0,58,0
-1,145,1.24,-1,5,58,0
35,145,0.3125,69,,58,0
56,145,0.640625,69,,58,0
35,145.3125,0.0182291666666572,64,,58,0
42,145.625,0.2890625,57,,58,0
47,145.625,0.307291666666657,71,,58,0
58,145.625,0.1484375,65,,58,0
61,145.78125,0.302083333333343,64,,58,0
35,145.9375,0.29296875,64,,58,0
61,146.09375,0.451822916666657,64,,58,0
-1,146.25,1.24,-1,5,58,0
37,146.25,0.311197916666657,67,,58,0
37,146.5625,0.290364583333343,64,,58,0
63,146.5625,0.290364583333343,64,,58,0
44,146.875,0.2890625,57,,58,0
49,146.875,0.307291666666657,71,,58,0
61,146.875,0.147135416666657,65,,58,0
58,147.03125,0.151041666666657,64,,58,0
37,147.1875,0.290364583333343,64,,58,0
58,147.1875,2.1875,64,,58,0
-4,147.5,2.5,-1,0,59,0
-1,147.5,2.49,-1,5,59,0
39,147.5,0.640625,69,,59,0
46,148.125,0.2890625,57,,59,0
51,148.125,0.307291666666657,71,,59,0
39,148.4375,0.622395833333343,64,,59,0
39,149.0625,0.290364583333343,64,,59,0
37,149.375,0.6171875,57,,59,0
44,149.375,0.6171875,71,,59,0
58,149.375,0.00390625,65,,59,0
61,149.6875,0.141927083333343,64,,59,0
58,149.84375,0.1484375,64,,59,0
-4,150,2.5,-1,0,60,0
-1,150,1.24,-1,5,60,0
35,150,0.640625,69,,60,0
56,150,0.3125,69,,60,0
54,150.3125,0.291666666666657,64,,60,0
42,150.625,0.2890625,57,,60,0
47,150.625,0.307291666666657,71,,60,0
51,150.625,0.1484375,65,,60,0
54,150.78125,0.283854166666657,64,,60,0
35,150.9375,0.29296875,64,,60,0
56,151.09375,0.778645833333343,64,,60,0
-1,151.25,1.24,-1,5,60,0
37,151.25,0.311197916666657,67,,60,0
37,151.5625,0.290364583333343,64,,60,0
44,151.875,0.6171875,57,,60,0
49,151.875,0.6171875,71,,60,0
58,151.875,0.2890625,65,,60,0
61,152.1875,0.141927083333343,64,,60,0
58,152.34375,0.1484375,64,,60,0
-4,152.5,2.5,-1,0,61,0
-1,152.5,2.49,-1,5,61,0
39,152.5,0.640625,69,,61,0
56,152.5,0.3125,69,,61,0
54,152.8125,0.291666666666657,64,,61,0
42,153.125,0.2890625,57,,61,0
46,153.125,0.307291666666657,71,,61,0
49,153.125,0.1484375,65,,61,0
54,153.28125,0.302083333333343,64,,61,0
39,153.4375,0.622395833333343,64,,61,0
54,153.59375,0.778645833333343,64,,61,0
39,154.0625,0.290364583333343,64,,61,0
37,154.375,0.6171875,57,,61,0
44,154.375,0.6171875,71,,61,0
54,154.375,0.147135416666657,65,,61,0
53,154.53125,0.141927083333343,64,,61,0
51,154.6875,0.141927083333343,64,,61,0
53,154.84375,0.1484375,64,,61,0
-4,155,2.5,-1,0,62,0
-1,155,1.24,-1,5,62,0
35,155,0.3125,69,,62,0
51,155,0.640625,69,,62,0
35,155.3125,0.0182291666666572,64,,62,0
42,155.625,0.2890625,57,,62,0
47,155.625,0.307291666666657,71,,62,0
56,155.625,0.618489583333343,65,,62,0
35,155.9375,0.29296875,64,,62,0
-1,156.25,1.24,-1,5,62,0
37,156.25,0.311197916666657,67,,62,0
53,156.25,0.29296875,67,,62,0
37,156.5625,0.290364583333343,64,,62,0
49,156.5625,0.290364583333343,64,,62,0
41,156.875,0.2890625,57,,62,0
44,156.875,0.307291666666657,71,,62,0
46,156.875,0.2890625,65,,62,0
37,157.1875,0.290364583333343,64,,62,0
53,157.1875,0.623697916666657,64,,62,0
-4,157.5,2.5,-1,0,63,0
-1,157.5,0.615,-1,5,63,0
35,157.5,0.640625,61,,63,0
42,157.5,0.640625,61,,63,0
47,157.5,0.640625,75,,63,0
54,157.8125,2.16666666666666,64,,63,0
-1,158.125,0.615,-1,5,63,0
37,158.125,0.618489583333343,57,,63,0
44,158.125,0.618489583333343,57,,63,0
49,158.125,0.618489583333343,71,,63,0
-1,158.75,1.24,-1,5,63,0
39,158.75,1.23697916666666,59,,63,0
46,158.75,1.23697916666666,59,,63,0
51,158.75,1.23697916666666,73,,63,0
-4,160,2.50000000000006,-1,0,64,0
-1,160,2.49000000000006,-1,5,64,0
35,160,0.640625,66,,64,0
61,160.3125,0.291666666666657,64,,64,0
42,160.625,0.2890625,54,,64,0
47,160.625,0.307291666666657,68,,64,0
58,160.625,0.1484375,65,,64,0
56,160.78125,0.140625,64,,64,0
35,160.9375,0.311197916666657,61,,64,0
54,160.9375,0.141927083333343,64,,64,0
56,161.09375,0.15625,64,,64,0
35,161.25,0.619791666666686,64,,64,0
56,161.25,0.00260416666665719,67,,64,0
61,161.5625,0.290364583333343,64,,64,0
42,161.875,0.2890625,54,,64,0
47,161.875,0.307291666666686,68,,64,0
58,161.875,0.147135416666657,65,,64,0
56,162.03125,0.141927083333343,64,,64,0
35,162.1875,0.309895833333343,61,,64,0
54,162.1875,0.141927083333343,64,,64,0
56,162.34375,0.15625,64,,64,0
-4,162.5,2.50000000000006,-1,0,65,0
-1,162.5,2.49000000000006,-1,5,65,0
35,162.5,0.640625,66,,65,0
56,162.5,0.00130208333334281,69,,65,0
61,162.8125,0.291666666666657,64,,65,0
42,163.125,0.2890625,54,,65,0
47,163.125,0.307291666666657,68,,65,0
58,163.125,0.1484375,65,,65,0
56,163.28125,0.140625,64,,65,0
35,163.4375,0.311197916666657,61,,65,0
54,163.4375,0.141927083333343,64,,65,0
56,163.59375,0.15625,64,,65,0
35,163.75,0.619791666666686,64,,65,0
56,163.75,0.00260416666665719,67,,65,0
61,164.0625,0.290364583333343,64,,65,0
42,164.375,0.2890625,54,,65,0
47,164.375,0.307291666666686,68,,65,0
58,164.375,0.147135416666657,65,,65,0
56,164.53125,0.141927083333343,64,,65,0
35,164.6875,0.290364583333343,61,,65,0
54,164.6875,0.141927083333343,64,,65,0
56,164.84375,0.15625,64,,65,0
-4,165,2.50000000000006,-1,0,66,0
-1,165,2.49000000000006,-1,5,66,0
25,165,0.640625,65,,66,0
56,165,0.00130208333334281,69,,66,0
61,165.3125,0.291666666666657,64,,66,0
32,165.625,0.2890625,54,,66,0
37,165.625,0.307291666666657,68,,66,0
58,165.625,0.1484375,65,,66,0
56,165.78125,0.140625,64,,66,0
25,165.9375,0.311197916666657,60,,66,0
54,165.9375,0.141927083333343,64,,66,0
56,166.09375,0.15625,64,,66,0
25,166.25,0.619791666666686,63,,66,0
56,166.25,0.00260416666665719,67,,66,0
61,166.5625,0.290364583333343,64,,66,0
32,166.875,0.2890625,54,,66,0
37,166.875,0.307291666666686,68,,66,0
58,166.875,0.147135416666657,65,,66,0
56,167.03125,0.141927083333343,64,,66,0
25,167.1875,0.309895833333343,60,,66,0
54,167.1875,0.141927083333343,64,,66,0
56,167.34375,0.15625,64,,66,0
-4,167.5,2.50000000000006,-1,0,67,0
-1,167.5,2.49000000000006,-1,5,67,0
25,167.5,0.640625,65,,67,0
56,167.5,0.00130208333334281,69,,67,0
63,167.8125,0.291666666666657,64,,67,0
32,168.125,0.2890625,54,,67,0
37,168.125,0.307291666666657,68,,67,0
61,168.125,0.1484375,65,,67,0
59,168.28125,0.140625,64,,67,0
25,168.4375,0.311197916666657,60,,67,0
58,168.4375,0.141927083333343,64,,67,0
61,168.59375,0.15625,64,,67,0
25,168.75,0.619791666666686,63,,67,0
61,168.75,0.00260416666665719,67,,67,0
63,169.0625,0.290364583333343,64,,67,0
32,169.375,0.2890625,54,,67,0
37,169.375,0.307291666666686,68,,67,0
61,169.375,0.147135416666657,65,,67,0
59,169.53125,0.141927083333343,64,,67,0
25,169.6875,0.290364583333343,60,,67,0
58,169.6875,0.141927083333343,64,,67,0
61,169.84375,0.15625,64,,67,0
-4,170,2.50000000000006,-1,0,68,0
-1,170,2.49000000000006,-1,5,68,0
27,170,0.640625,65,,68,0
61,170,0.00130208333334281,69,,68,0
61,170.3125,0.0182291666666572,64,,68,0
34,170.625,0.2890625,54,,68,0
39,170.625,0.307291666666657,68,,68,0
58,170.625,0.1484375,65,,68,0
56,170.78125,0.140625,64,,68,0
27,170.9375,0.311197916666657,60,,68,0
54,170.9375,0.141927083333343,64,,68,0
56,171.09375,0.15625,64,,68,0
27,171.25,0.619791666666686,63,,68,0
56,171.25,0.00260416666665719,67,,68,0
61,171.5625,0.290364583333343,64,,68,0
34,171.875,0.2890625,54,,68,0
39,171.875,0.307291666666686,68,,68,0
58,171.875,0.147135416666657,65,,68,0
56,172.03125,0.141927083333343,64,,68,0
27,172.1875,0.309895833333343,60,,68,0
54,172.1875,0.141927083333343,64,,68,0
56,172.34375,0.15625,64,,68,0
-4,172.5,2.50000000000006,-1,0,69,0
-1,172.5,2.49000000000006,-1,5,69,0
27,172.5,0.640625,65,,69,0
56,172.5,0.00130208333334281,69,,69,0
61,172.8125,0.291666666666657,64,,69,0
34,173.125,0.2890625,54,,69,0
39,173.125,0.307291666666657,68,,69,0
58,173.125,0.1484375,65,,69,0
56,173.28125,0.140625,64,,69,0
27,173.4375,0.311197916666657,60,,69,0
54,173.4375,0.141927083333343,64,,69,0
56,173.59375,0.15625,64,,69,0
27,173.75,0.619791666666686,63,,69,0
56,173.75,0.00260416666665719,67,,69,0
61,174.0625,0.290364583333343,64,,69,0
34,174.375,0.2890625,54,,69,0
39,174.375,0.307291666666686,68,,69,0
58,174.375,0.147135416666657,65,,69,0
56,174.53125,0.141927083333343,64,,69,0
27,174.6875,0.290364583333343,60,,69,0
54,174.6875,0.141927083333343,64,,69,0
56,174.84375,0.15625,64,,69,0
-4,175,2.50000000000003,-1,0,70,0
-1,175,2.49000000000003,-1,5,70,0
25,175,0.3125,65,,70,0
56,175,0.00130208333334281,69,,70,0
25,175.3125,0.0182291666666572,60,,70,0
61,175.3125,0.291666666666657,64,,70,0
32,175.625,0.2890625,54,,70,0
37,175.625,0.307291666666657,68,,70,0
58,175.625,0.1484375,65,,70,0
56,175.78125,0.140625,64,,70,0
25,175.9375,0.311197916666657,60,,70,0
54,175.9375,0.141927083333343,64,,70,0
56,176.09375,0.15625,64,,70,0
25,176.25,0.311197916666657,63,,70,0
56,176.25,0.00260416666665719,67,,70,0
25,176.5625,0.290364583333343,60,,70,0
54,176.5625,0.141927083333343,64,,70,0
56,176.71875,0.147135416666686,64,,70,0
32,176.875,0.2890625,54,,70,0
37,176.875,0.307291666666657,68,,70,0
58,176.875,0.2890625,65,,70,0
25,177.1875,0.309895833333343,60,,70,0
59,177.1875,0.623697916666657,64,,70,0
-4,177.5,2.49999999999997,-1,0,71,0
-1,177.5,1.23999999999997,-1,5,71,0
25,177.5,0.3125,57,,71,0
37,177.5,0.3125,68,,71,0
25,177.8125,0.0182291666666572,52,,71,0
37,177.8125,0.0182291666666572,63,,71,0
56,177.8125,2.16666666666663,64,,71,0
25,178.125,0.307291666666657,53,,71,0
37,178.125,0.307291666666657,64,,71,0
25,178.4375,0.311197916666657,52,,71,0
37,178.4375,0.311197916666657,63,,71,0
-1,178.75,1.24,-1,5,71,0
25,178.75,1.23697916666666,55,,71,0
32,178.75,1.23697916666666,56,,71,0
37,178.75,1.23697916666666,70,,71,0
-4,180,2.5,-1,0,72,0
-1,180,1.24,-1,5,72,0
47,180,1.55338541666666,58,,72,0
54,180,1.55338541666666,61,,72,0
59,180,1.57161458333334,70,,72,0
68,180,0.3125,69,,72,0
70,180.3125,0.291666666666657,64,,72,0
73,180.625,0.2890625,65,,72,0
66,180.9375,0.29296875,64,,72,0
-1,181.25,1.24,-1,5,72,0
68,181.25,0.29296875,67,,72,0
49,181.5625,0.92578125,56,,72,0
56,181.5625,0.92578125,56,,72,0
61,181.5625,0.92578125,65,,72,0
70,181.5625,0.290364583333343,64,,72,0
73,181.875,0.2890625,65,,72,0
66,182.1875,0.290364583333343,64,,72,0
-4,182.5,2.5,-1,0,73,0
-1,182.5,2.49,-1,5,73,0
51,182.5,1.55338541666666,61,,73,0
58,182.5,1.55338541666666,61,,73,0
63,182.5,1.57161458333334,70,,73,0
68,182.5,0.3125,69,,73,0
70,182.8125,0.291666666666657,64,,73,0
73,183.125,0.2890625,65,,73,0
66,183.4375,0.29296875,64,,73,0
68,183.75,0.29296875,67,,73,0
54,184.0625,0.92578125,56,,73,0
61,184.0625,0.92578125,65,,73,0
70,184.0625,0.290364583333343,64,,73,0
73,184.375,0.2890625,65,,73,0
66,184.6875,0.290364583333343,64,,73,0
-4,185,2.5,-1,0,74,0
-1,185,1.24,-1,5,74,0
47,185,1.55338541666666,61,,74,0
54,185,1.55338541666666,61,,74,0
59,185,1.57161458333334,70,,74,0
68,185,0.3125,69,,74,0
70,185.3125,0.291666666666657,64,,74,0
73,185.625,0.2890625,65,,74,0
66,185.9375,0.29296875,64,,74,0
-1,186.25,1.24,-1,5,74,0
68,186.25,0.29296875,67,,74,0
49,186.5625,0.92578125,56,,74,0
56,186.5625,0.92578125,56,,74,0
61,186.5625,0.92578125,65,,74,0
70,186.5625,0.290364583333343,64,,74,0
73,186.875,0.2890625,65,,74,0
66,187.1875,0.290364583333343,64,,74,0
-4,187.5,2.5,-1,0,75,0
-1,187.5,2.49,-1,5,75,0
51,187.5,1.55338541666666,61,,75,0
58,187.5,1.55338541666666,61,,75,0
63,187.5,1.57161458333334,70,,75,0
68,187.5,0.3125,69,,75,0
70,187.8125,0.291666666666657,64,,75,0
73,188.125,0.2890625,65,,75,0
66,188.4375,0.29296875,64,,75,0
68,188.75,0.29296875,67,,75,0
54,189.0625,0.92578125,56,,75,0
61,189.0625,0.92578125,65,,75,0
70,189.0625,0.290364583333343,64,,75,0
46,189.375,0.2890625,65,,75,0
49,189.6875,0.290364583333343,64,,75,0
-4,190,2.5,-1,0,76,0
-1,190,1.24,-1,5,76,0
35,190,0.3125,69,,76,0
51,190,0.640625,66,,76,0
42,190.3125,0.291666666666657,64,,76,0
47,190.625,0.618489583333343,65,,76,0
54,190.625,0.2890625,65,,76,0
56,190.9375,0.604166666666657,64,,76,0
-1,191.25,1.24,-1,5,76,0
37,191.25,0.29296875,67,,76,0
44,191.5625,0.290364583333343,64,,76,0
53,191.5625,0.290364583333343,64,,76,0
49,191.875,0.3125,65,,76,0
51,191.875,0.2890625,65,,76,0
49,192.1875,0.286458333333343,64,,76,0
-4,192.5,2.5,-1,0,77,0
-1,192.5,2.49,-1,5,77,0
39,192.5,0.3125,69,,77,0
46,192.5,0.3125,69,,77,0
46,192.8125,0.291666666666657,64,,77,0
49,192.8125,0.291666666666657,64,,77,0
51,193.125,0.911458333333343,65,,77,0
53,193.125,0.2890625,65,,77,0
54,193.4375,0.930989583333343,64,,77,0
46,194.0625,0.290364583333343,64,,77,0
51,194.375,0.6171875,65,,77,0
54,194.375,0.2890625,65,,77,0
53,194.6875,0.290364583333343,64,,77,0
-4,195,2.5,-1,0,78,0
-1,195,1.24,-1,5,78,0
35,195,0.3125,69,,78,0
51,195,0.640625,69,,78,0
42,195.3125,0.291666666666657,64,,78,0
47,195.625,0.618489583333343,65,,78,0
54,195.625,0.618489583333343,65,,78,0
-1,196.25,1.24,-1,5,78,0
37,196.25,0.29296875,67,,78,0
53,196.25,0.29296875,67,,78,0
44,196.5625,0.290364583333343,64,,78,0
49,196.5625,0.3125,64,,78,0
49,196.875,0.303385416666657,65,,78,0
49,197.1875,0.305989583333343,64,,78,0
-4,197.5,2.5,-1,0,79,0
-1,197.5,2.49,-1,5,79,0
39,197.5,0.3125,69,,79,0
46,197.8125,0.291666666666657,64,,79,0
51,198.125,0.911458333333343,65,,79,0
46,199.0625,0.290364583333343,64,,79,0
39,199.375,0.6171875,65,,79,0
46,199.375,0.2890625,65,,79,0
49,199.6875,0.290364583333343,64,,79,0
-4,200,2.5,-1,0,80,0
-1,200,1.24,-1,5,80,0
35,200,0.3125,69,,80,0
51,200,0.640625,69,,80,0
42,200.3125,0.291666666666657,64,,80,0
47,200.625,0.618489583333343,65,,80,0
54,200.625,0.2890625,65,,80,0
56,200.9375,0.604166666666657,64,,80,0
-1,201.25,1.24,-1,5,80,0
37,201.25,0.29296875,67,,80,0
44,201.5625,0.290364583333343,64,,80,0
53,201.5625,0.290364583333343,64,,80,0
49,201.875,0.3125,65,,80,0
51,201.875,0.2890625,65,,80,0
49,202.1875,0.286458333333343,64,,80,0
-4,202.5,2.5,-1,0,81,0
-1,202.5,2.49,-1,5,81,0
39,202.5,0.3125,69,,81,0
46,202.5,0.3125,69,,81,0
46,202.8125,0.291666666666657,64,,81,0
49,202.8125,0.291666666666657,64,,81,0
51,203.125,0.911458333333343,65,,81,0
53,203.125,0.2890625,65,,81,0
54,203.4375,0.930989583333343,64,,81,0
46,204.0625,0.290364583333343,64,,81,0
51,204.375,0.6171875,65,,81,0
54,204.375,0.2890625,65,,81,0
53,204.6875,0.290364583333343,64,,81,0
-4,205,2.5,-1,0,82,0
-1,205,1.24,-1,5,82,0
35,205,0.3125,69,,82,0
51,205,0.640625,69,,82,0
42,205.3125,0.291666666666657,64,,82,0
47,205.625,0.618489583333343,65,,82,0
54,205.625,0.618489583333343,65,,82,0
-1,206.25,1.24,-1,5,82,0
37,206.25,0.29296875,67,,82,0
53,206.25,0.29296875,67,,82,0
44,206.5625,0.92578125,64,,82,0
49,206.5625,0.30859375,64,,82,0
49,206.875,0.2890625,65,,82,0
51,207.1875,0.9375,64,,82,0
-4,207.5,2.5,-1,0,83,0
-1,207.5,2.49,-1,5,83,0
39,207.5,0.3125,69,,83,0
46,207.8125,0.291666666666657,64,,83,0
51,208.125,0.927083333333343,65,,83,0
46,209.0625,0.290364583333343,64,,83,0
39,209.375,0.6171875,65,,83,0
58,209.375,0.2890625,65,,83,0
61,209.6875,0.141927083333343,64,,83,0
58,209.84375,0.1484375,64,,83,0
-4,210,2.5,-1,0,84,0
-1,210,1.24,-1,5,84,0
35,210,0.640625,69,,84,0
56,210,0.3125,69,,84,0
54,210.3125,0.291666666666657,64,,84,0
42,210.625,0.2890625,57,,84,0
47,210.625,0.307291666666657,71,,84,0
51,210.625,0.1484375,65,,84,0
54,210.78125,0.283854166666657,64,,84,0
35,210.9375,0.29296875,64,,84,0
56,211.09375,0.778645833333343,64,,84,0
-1,211.25,1.24,-1,5,84,0
37,211.25,0.311197916666657,67,,84,0
37,211.5625,0.290364583333343,64,,84,0
44,211.875,0.6171875,57,,84,0
49,211.875,0.6171875,71,,84,0
58,211.875,0.2890625,65,,84,0
61,212.1875,0.141927083333343,64,,84,0
58,212.34375,0.1484375,64,,84,0
-4,212.5,2.5,-1,0,85,0
-1,212.5,2.49,-1,5,85,0
39,212.5,0.640625,69,,85,0
56,212.5,0.3125,69,,85,0
54,212.8125,0.291666666666657,64,,85,0
42,213.125,0.2890625,57,,85,0
46,213.125,0.307291666666657,71,,85,0
49,213.125,0.1484375,65,,85,0
54,213.28125,0.302083333333343,64,,85,0
39,213.4375,0.622395833333343,64,,85,0
54,213.59375,0.778645833333343,64,,85,0
39,214.0625,0.290364583333343,64,,85,0
42,214.375,0.6171875,57,,85,0
46,214.375,0.6171875,71,,85,0
58,214.375,0.2890625,65,,85,0
61,214.6875,0.141927083333343,64,,85,0
58,214.84375,0.1484375,64,,85,0
-4,215,2.5,-1,0,86,0
-1,215,1.24,-1,5,86,0
35,215,0.3125,69,,86,0
56,215,0.640625,66,,86,0
35,215.3125,0.0182291666666572,64,,86,0
42,215.625,0.2890625,57,,86,0
47,215.625,0.307291666666657,71,,86,0
58,215.625,0.1484375,65,,86,0
61,215.78125,0.302083333333343,64,,86,0
35,215.9375,0.29296875,64,,86,0
61,216.09375,0.451822916666657,64,,86,0
-1,216.25,1.24,-1,5,86,0
37,216.25,0.311197916666657,67,,86,0
37,216.5625,0.290364583333343,64,,86,0
63,216.5625,0.290364583333343,64,,86,0
44,216.875,0.2890625,57,,86,0
49,216.875,0.307291666666657,71,,86,0
61,216.875,0.147135416666657,65,,86,0
58,217.03125,0.151041666666657,64,,86,0
37,217.1875,0.290364583333343,64,,86,0
58,217.1875,2.1875,64,,86,0
-4,217.5,2.5,-1,0,87,0
-1,217.5,2.49,-1,5,87,0
39,217.5,0.640625,69,,87,0
46,218.125,0.2890625,57,,87,0
51,218.125,0.307291666666657,71,,87,0
39,218.4375,0.622395833333343,64,,87,0
39,219.0625,0.290364583333343,64,,87,0
37,219.375,0.6171875,57,,87,0
44,219.375,0.6171875,57,,87,0
49,219.375,0.6171875,71,,87,0
58,219.375,0.00390625,65,,87,0
61,219.6875,0.141927083333343,64,,87,0
58,219.84375,0.1484375,64,,87,0
-4,220,2.5,-1,0,88,0
-1,220,1.24,-1,5,88,0
35,220,0.640625,69,,88,0
56,220,0.3125,69,,88,0
54,220.3125,0.291666666666657,64,,88,0
42,220.625,0.2890625,57,,88,0
47,220.625,0.307291666666657,71,,88,0
51,220.625,0.1484375,65,,88,0
54,220.78125,0.283854166666657,64,,88,0
35,220.9375,0.29296875,64,,88,0
56,221.09375,0.778645833333343,64,,88,0
-1,221.25,1.24,-1,5,88,0
37,221.25,0.311197916666657,67,,88,0
37,221.5625,0.290364583333343,64,,88,0
44,221.875,0.6171875,57,,88,0
49,221.875,0.6171875,71,,88,0
58,221.875,0.2890625,65,,88,0
61,222.1875,0.141927083333343,64,,88,0
58,222.34375,0.1484375,64,,88,0
-4,222.5,2.5,-1,0,89,0
-1,222.5,2.49,-1,5,89,0
39,222.5,0.640625,69,,89,0
56,222.5,0.3125,69,,89,0
54,222.8125,0.291666666666657,64,,89,0
42,223.125,0.2890625,57,,89,0
46,223.125,0.307291666666657,71,,89,0
49,223.125,0.1484375,65,,89,0
54,223.28125,0.302083333333343,64,,89,0
39,223.4375,0.622395833333343,64,,89,0
54,223.59375,0.778645833333343,64,,89,0
39,224.0625,0.290364583333343,64,,89,0
37,224.375,0.6171875,61,,89,0
44,224.375,0.6171875,57,,89,0
49,224.375,0.6171875,71,,89,0
54,224.375,0.147135416666657,65,,89,0
53,224.53125,0.141927083333343,64,,89,0
51,224.6875,0.141927083333343,64,,89,0
53,224.84375,0.1484375,64,,89,0
-4,225,2.5,-1,0,90,0
-1,225,1.24,-1,5,90,0
35,225,0.3125,69,,90,0
51,225,0.640625,69,,90,0
35,225.3125,0.0182291666666572,64,,90,0
42,225.625,0.2890625,57,,90,0
47,225.625,0.307291666666657,71,,90,0
58,225.625,0.618489583333343,65,,90,0
35,225.9375,0.29296875,64,,90,0
-1,226.25,1.24,-1,5,90,0
37,226.25,0.311197916666657,67,,90,0
53,226.25,0.29296875,67,,90,0
37,226.5625,0.290364583333343,64,,90,0
51,226.5625,0.290364583333343,64,,90,0
44,226.875,0.2890625,57,,90,0
49,226.875,0.307291666666657,71,,90,0
53,226.875,0.307291666666657,65,,90,0
37,227.1875,0.290364583333343,64,,90,0
53,227.1875,0.623697916666657,64,,90,0
-4,227.5,2.5,-1,0,91,0
-1,227.5,0.615,-1,5,91,0
35,227.5,0.640625,61,,91,0
42,227.5,0.640625,61,,91,0
47,227.5,0.640625,71,,91,0
54,227.8125,2.16666666666666,64,,91,0
-1,228.125,0.615,-1,5,91,0
37,228.125,0.618489583333343,57,,91,0
44,228.125,0.618489583333343,57,,91,0
49,228.125,0.618489583333343,66,,91,0
-1,228.75,1.24,-1,5,91,0
39,228.75,1.23697916666666,59,,91,0
46,228.75,1.23697916666666,59,,91,0
51,228.75,1.23697916666666,68,,91,0
-4,230,2.50000000000003,-1,0,92,0
-1,230,1.24,-1,5,92,0
35,230,0.3125,69,,92,0
51,230,0.94921875,64,,92,0
35,230.3125,0.0182291666666572,64,,92,0
42,230.625,0.2890625,57,,92,0
47,230.625,0.307291666666657,71,,92,0
35,230.9375,0.29296875,64,,92,0
54,230.9375,0.29296875,64,,92,0
-1,231.25,1.24000000000003,-1,5,92,0
37,231.25,0.311197916666657,67,,92,0
56,231.25,0.619791666666686,67,,92,0
37,231.5625,0.290364583333343,64,,92,0
44,231.875,0.2890625,57,,92,0
49,231.875,0.307291666666657,71,,92,0
58,231.875,0.6171875,65,,92,0
37,232.1875,0.290364583333343,64,,92,0
-4,232.5,2.50000000000003,-1,0,93,0
-1,232.5,1.24,-1,5,93,0
39,232.5,0.3125,69,,93,0
54,232.5,0.640625,69,,93,0
39,232.8125,0.0182291666666572,64,,93,0
46,233.125,0.2890625,57,,93,0
51,233.125,0.307291666666657,67,,93,0
58,233.125,0.1484375,65,,93,0
56,233.28125,0.140625,64,,93,0
39,233.4375,0.29296875,64,,93,0
54,233.4375,0.29296875,64,,93,0
-1,233.75,1.24000000000003,-1,5,93,0
37,233.75,0.311197916666657,67,,93,0
56,233.75,0.619791666666686,67,,93,0
37,234.0625,0.290364583333343,64,,93,0
44,234.375,0.2890625,57,,93,0
49,234.375,0.307291666666657,71,,93,0
61,234.375,0.6171875,65,,93,0
37,234.6875,0.290364583333343,64,,93,0
-4,235,2.50000000000003,-1,0,94,0
-1,235,1.24,-1,5,94,0
35,235,0.3125,69,,94,0
58,235,0.640625,69,,94,0
35,235.3125,0.0182291666666572,64,,94,0
42,235.625,0.2890625,57,,94,0
47,235.625,0.307291666666657,71,,94,0
54,235.625,0.2890625,65,,94,0
35,235.9375,0.29296875,64,,94,0
49,235.9375,0.29296875,64,,94,0
-1,236.25,1.24000000000003,-1,5,94,0
37,236.25,0.311197916666657,67,,94,0
51,236.25,0.619791666666686,67,,94,0
37,236.5625,0.290364583333343,64,,94,0
44,236.875,0.2890625,57,,94,0
49,236.875,0.2890625,65,,94,0
37,237.1875,0.290364583333343,64,,94,0
47,237.1875,0.290364583333343,64,,94,0
-4,237.5,2.50000000000009,-1,0,95,0
-1,237.5,2.49000000000009,-1,5,95,0
39,237.5,0.3125,69,,95,0
46,237.5,0.169270833333343,69,,95,0
54,237.65625,0.141927083333343,64,,95,0
39,237.8125,0.0182291666666572,64,,95,0
56,237.8125,0.291666666666657,64,,95,0
46,238.125,0.2890625,57,,95,0
51,238.125,0.307291666666657,71,,95,0
58,238.125,0.2890625,65,,95,0
39,238.4375,0.311197916666686,64,,95,0
56,238.4375,0.141927083333343,64,,95,0
58,238.59375,0.149739583333343,64,,95,0
39,238.75,0.311197916666657,67,,95,0
59,238.75,0.151041666666657,67,,95,0
56,238.90625,0.140625,64,,95,0
39,239.0625,0.290364583333343,64,,95,0
58,239.0625,0.141927083333343,64,,95,0
59,239.21875,0.147135416666686,64,,95,0
46,239.375,0.2890625,57,,95,0
51,239.375,0.307291666666686,71,,95,0
61,239.375,0.147135416666657,65,,95,0
63,239.53125,0.141927083333343,64,,95,0
39,239.687500000001,0.290364583333343,64,,95,0
58,239.687500000001,0.141927083333343,64,,95,0
56,239.843750000001,0.1484375,64,,95,0
-4,240.000000000001,2.50000000000003,-1,0,96,0
-1,240.000000000001,1.24,-1,5,96,0
35,240.000000000001,0.3125,69,,96,0
51,240.000000000001,0.94921875,69,,96,0
35,240.312500000001,0.0182291666666572,64,,96,0
42,240.625000000001,0.2890625,57,,96,0
47,240.625000000001,0.307291666666657,71,,96,0
35,240.937500000001,0.29296875,64,,96,0
54,240.937500000001,0.29296875,64,,96,0
-1,241.250000000001,1.24000000000003,-1,5,96,0
37,241.250000000001,0.311197916666657,67,,96,0
56,241.250000000001,0.619791666666686,67,,96,0
37,241.562500000001,0.290364583333343,64,,96,0
44,241.875000000001,0.2890625,57,,96,0
49,241.875000000001,0.307291666666657,71,,96,0
58,241.875000000001,0.6171875,65,,96,0
37,242.187500000001,0.290364583333343,64,,96,0
-4,242.500000000001,2.50000000000003,-1,0,97,0
-1,242.500000000001,1.24,-1,5,97,0
39,242.500000000001,0.3125,69,,97,0
54,242.500000000001,0.640625,69,,97,0
39,242.812500000001,0.0182291666666572,64,,97,0
46,243.125000000001,0.2890625,57,,97,0
51,243.125000000001,0.307291666666657,71,,97,0
58,243.125000000001,0.1484375,65,,97,0
56,243.281250000001,0.140625,64,,97,0
39,243.437500000001,0.29296875,64,,97,0
54,243.437500000001,0.29296875,64,,97,0
-1,243.750000000001,1.24000000000003,-1,5,97,0
37,243.750000000001,0.311197916666657,67,,97,0
56,243.750000000001,0.619791666666686,67,,97,0
37,244.062500000001,0.290364583333343,64,,97,0
44,244.375000000001,0.2890625,57,,97,0
49,244.375000000001,0.307291666666657,71,,97,0
61,244.375000000001,0.6171875,65,,97,0
37,244.687500000001,0.290364583333343,64,,97,0
-4,245.000000000001,2.50000000000003,-1,0,98,0
-1,245.000000000001,1.24,-1,5,98,0
35,245.000000000001,0.3125,69,,98,0
63,245.000000000001,0.94921875,69,,98,0
35,245.312500000001,0.0182291666666572,64,,98,0
42,245.625000000001,0.2890625,57,,98,0
47,245.625000000001,0.307291666666657,71,,98,0
35,245.937500000001,0.29296875,64,,98,0
58,245.937500000001,0.29296875,64,,98,0
-1,246.250000000001,1.24000000000003,-1,5,98,0
37,246.250000000001,0.311197916666657,67,,98,0
56,246.250000000001,0.927083333333343,67,,98,0
37,246.562500000001,0.290364583333343,64,,98,0
44,246.875000000001,0.2890625,57,,98,0
49,246.875000000001,0.307291666666686,71,,98,0
37,247.187500000001,0.290364583333343,64,,98,0
54,247.187500000001,0.141927083333343,64,,98,0
56,247.343750000001,0.1484375,64,,98,0
-4,247.500000000001,2.50000000000003,-1,0,99,0
-1,247.500000000001,0.615,-1,5,99,0
35,247.500000000001,0.640625,61,,99,0
42,247.500000000001,0.640625,61,,99,0
47,247.500000000001,0.640625,70,,99,0
58,247.500000000001,0.930989583333343,69,,99,0
-1,248.125000000001,0.615,-1,5,99,0
37,248.125000000001,0.618489583333343,57,,99,0
44,248.125000000001,0.618489583333343,57,,99,0
49,248.125000000001,0.618489583333343,66,,99,0
56,248.437500000001,0.141927083333343,64,,99,0
54,248.593750000001,0.15625,64,,99,0
-1,248.750000000001,1.24000000000003,-1,5,99,0
39,248.750000000001,0.619791666666657,67,,99,0
54,248.750000000001,0.00260416666665719,67,,99,0
46,249.375000000001,0.2890625,57,,99,0
51,249.375000000001,0.307291666666657,71,,99,0
39,249.687500000001,0.290364583333343,64,,99,0
-4,250.000000000001,2.50000000000003,-1,0,100,0
-1,250.000000000001,1.24,-1,5,100,0
35,250.000000000001,0.3125,69,,100,0
51,250.000000000001,0.94921875,69,,100,0
35,250.312500000001,0.0182291666666572,64,,100,0
42,250.625000000001,0.2890625,57,,100,0
47,250.625000000001,0.307291666666657,71,,100,0
35,250.937500000001,0.29296875,64,,100,0
54,250.937500000001,0.29296875,64,,100,0
-1,251.250000000001,1.24000000000003,-1,5,100,0
37,251.250000000001,0.311197916666657,67,,100,0
56,251.250000000001,0.619791666666686,67,,100,0
37,251.562500000001,0.290364583333343,64,,100,0
44,251.875000000001,0.2890625,57,,100,0
49,251.875000000001,0.307291666666657,71,,100,0
58,251.875000000001,0.6171875,65,,100,0
37,252.187500000001,0.290364583333343,64,,100,0
-4,252.500000000001,2.50000000000003,-1,0,101,0
-1,252.500000000001,1.24,-1,5,101,0
39,252.500000000001,0.3125,69,,101,0
54,252.500000000001,0.640625,69,,101,0
39,252.812500000001,0.0182291666666572,64,,101,0
46,253.125000000001,0.2890625,57,,101,0
51,253.125000000001,0.307291666666657,71,,101,0
58,253.125000000001,0.1484375,65,,101,0
56,253.281250000001,0.140625,64,,101,0
39,253.437500000001,0.29296875,64,,101,0
54,253.437500000001,0.29296875,64,,101,0
-1,253.750000000001,1.24000000000003,-1,5,101,0
37,253.750000000001,0.311197916666657,67,,101,0
56,253.750000000001,0.619791666666686,67,,101,0
37,254.062500000001,0.290364583333343,64,,101,0
44,254.375000000001,0.2890625,57,,101,0
49,254.375000000001,0.307291666666657,71,,101,0
61,254.375000000001,0.6171875,65,,101,0
37,254.687500000001,0.290364583333343,64,,101,0
-4,255.000000000001,2.49999999999994,-1,0,102,0
-1,255.000000000001,1.24,-1,5,102,0
35,255.000000000001,0.3125,69,,102,0
58,255.000000000001,0.640625,69,,102,0
35,255.312500000001,0.0182291666666572,64,,102,0
42,255.625000000001,0.2890625,57,,102,0
47,255.625000000001,0.307291666666657,68,,102,0
54,255.625000000001,0.2890625,65,,102,0
35,255.937500000001,0.29296875,64,,102,0
49,255.937500000001,0.29296875,64,,102,0
-1,256.250000000001,1.23999999999994,-1,5,102,0
37,256.250000000001,0.311197916666686,67,,102,0
51,256.250000000001,0.619791666666629,67,,102,0
37,256.562500000001,0.290364583333314,64,,102,0
44,256.875000000001,0.2890625,57,,102,0
49,256.875000000001,0.2890625,65,,102,0
37,257.187500000001,0.290364583333314,64,,102,0
47,257.187500000001,0.290364583333314,64,,102,0
-4,257.500000000001,2.49999999999983,-1,0,103,0
-1,257.500000000001,2.48999999999983,-1,5,103,0
39,257.500000000001,0.3125,69,,103,0
46,257.500000000001,0.169270833333314,69,,103,0
54,257.656250000001,0.141927083333314,64,,103,0
39,257.812500000001,0.0182291666666856,64,,103,0
56,257.812500000001,0.291666666666686,64,,103,0
46,258.125000000001,0.2890625,57,,103,0
51,258.125000000001,0.307291666666686,71,,103,0
58,258.125000000001,0.2890625,65,,103,0
39,258.437500000001,0.311197916666629,64,,103,0
56,258.437500000001,0.141927083333314,64,,103,0
58,258.593750000001,0.149739583333314,64,,103,0
39,258.750000000001,0.311197916666686,67,,103,0
59,258.750000000001,0.151041666666686,67,,103,0
56,258.906250000001,0.140625,64,,103,0
39,259.062500000001,0.290364583333314,64,,103,0
58,259.062500000001,0.141927083333314,64,,103,0
59,259.218750000001,0.147135416666629,64,,103,0
46,259.375000000001,0.2890625,57,,103,0
51,259.375000000001,0.307291666666629,71,,103,0
61,259.375000000001,0.147135416666686,65,,103,0
63,259.531250000001,0.141927083333314,64,,103,0
39,259.6875,0.290364583333314,64,,103,0
58,259.6875,0.141927083333314,64,,103,0
56,259.84375,0.1484375,64,,103,0
-4,260,2.49999999999994,-1,0,104,0
-1,260,1.24,-1,5,104,0
35,260,0.3125,69,,104,0
51,260,0.94921875,69,,104,0
35,260.3125,0.0182291666666856,64,,104,0
42,260.625,0.2890625,57,,104,0
47,260.625,0.307291666666686,71,,104,0
35,260.9375,0.29296875,64,,104,0
54,260.9375,0.29296875,64,,104,0
-1,261.25,1.23999999999994,-1,5,104,0
37,261.25,0.311197916666686,67,,104,0
56,261.25,0.619791666666629,67,,104,0
37,261.5625,0.290364583333314,64,,104,0
44,261.875,0.2890625,57,,104,0
49,261.875,0.307291666666686,71,,104,0
58,261.875,0.6171875,65,,104,0
37,262.1875,0.290364583333314,64,,104,0
-4,262.5,2.49999999999994,-1,0,105,0
-1,262.5,1.24,-1,5,105,0
39,262.5,0.3125,69,,105,0
54,262.5,0.640625,69,,105,0
39,262.8125,0.0182291666666856,64,,105,0
46,263.125,0.2890625,57,,105,0
51,263.125,0.307291666666686,71,,105,0
58,263.125,0.1484375,65,,105,0
56,263.28125,0.140625,64,,105,0
39,263.4375,0.29296875,64,,105,0
54,263.4375,0.29296875,64,,105,0
-1,263.75,1.23999999999994,-1,5,105,0
37,263.75,0.311197916666686,67,,105,0
56,263.75,0.619791666666629,67,,105,0
37,264.0625,0.290364583333314,64,,105,0
44,264.375,0.2890625,57,,105,0
49,264.375,0.307291666666686,71,,105,0
61,264.375,0.6171875,65,,105,0
37,264.6875,0.290364583333314,64,,105,0
-4,265,2.49999999999994,-1,0,106,0
-1,265,1.24,-1,5,106,0
35,265,0.3125,69,,106,0
63,265,0.94921875,69,,106,0
35,265.3125,0.0182291666666856,64,,106,0
42,265.625,0.2890625,57,,106,0
47,265.625,0.307291666666686,71,,106,0
35,265.9375,0.29296875,64,,106,0
58,265.9375,0.29296875,64,,106,0
-1,266.25,1.23999999999994,-1,5,106,0
37,266.25,0.311197916666686,67,,106,0
56,266.25,0.927083333333314,67,,106,0
37,266.5625,0.290364583333314,64,,106,0
44,266.875,0.2890625,57,,106,0
49,266.875,0.307291666666629,71,,106,0
37,267.1875,0.290364583333314,64,,106,0
54,267.1875,0.141927083333314,64,,106,0
56,267.34375,0.1484375,64,,106,0
-4,267.5,2.49999999999994,-1,0,107,0
-1,267.5,0.615,-1,5,107,0
35,267.5,0.640625,61,,107,0
42,267.5,0.640625,61,,107,0
47,267.5,0.640625,75,,107,0
58,267.5,0.930989583333314,69,,107,0
-1,268.125,0.615,-1,5,107,0
37,268.125,0.618489583333314,57,,107,0
44,268.125,0.618489583333314,57,,107,0
49,268.125,0.618489583333314,71,,107,0
56,268.4375,0.141927083333314,64,,107,0
54,268.59375,0.15625,64,,107,0
-1,268.75,1.23999999999994,-1,5,107,0
39,268.75,0.619791666666686,67,,107,0
54,268.75,0.00260416666668561,67,,107,0
46,269.375,0.2890625,57,,107,0
51,269.375,0.307291666666686,71,,107,0
39,269.6875,0.290364583333314,64,,107,0
-4,270,2.5,-1,0,108,0
-1,270,1.24,-1,5,108,0
47,270,1.55338541666669,61,,108,0
54,270,1.55338541666669,61,,108,0
59,270,1.57161458333331,67,,108,0
68,270,0.3125,69,,108,0
70,270.3125,0.291666666666686,64,,108,0
73,270.625,0.2890625,65,,108,0
66,270.9375,0.29296875,64,,108,0
-1,271.25,1.24,-1,5,108,0
68,271.25,0.29296875,67,,108,0
49,271.5625,0.92578125,56,,108,0
56,271.5625,0.92578125,56,,108,0
61,271.5625,0.92578125,65,,108,0
70,271.5625,0.290364583333314,64,,108,0
73,271.875,0.2890625,65,,108,0
66,272.1875,0.290364583333314,64,,108,0
-4,272.5,2.5,-1,0,109,0
-1,272.5,2.49,-1,5,109,0
51,272.5,1.55338541666669,61,,109,0
58,272.5,1.55338541666669,61,,109,0
63,272.5,1.57161458333331,70,,109,0
68,272.5,0.3125,69,,109,0
70,272.8125,0.291666666666686,64,,109,0
73,273.125,0.2890625,65,,109,0
66,273.4375,0.29296875,64,,109,0
68,273.75,0.29296875,67,,109,0
54,274.0625,0.92578125,56,,109,0
61,274.0625,0.92578125,65,,109,0
70,274.0625,0.290364583333314,64,,109,0
73,274.375,0.2890625,65,,109,0
70,274.6875,0.290364583333314,64,,109,0
-4,275,2.5,-1,0,110,0
-1,275,1.24,-1,5,110,0
47,275,1.55338541666669,61,,110,0
54,275,1.55338541666669,61,,110,0
59,275,1.57161458333331,70,,110,0
68,275,0.3125,69,,110,0
70,275.3125,0.291666666666686,64,,110,0
73,275.625,0.2890625,65,,110,0
66,275.9375,0.29296875,64,,110,0
-1,276.25,1.24,-1,5,110,0
68,276.25,0.29296875,67,,110,0
49,276.5625,0.92578125,56,,110,0
56,276.5625,0.92578125,56,,110,0
61,276.5625,0.92578125,65,,110,0
70,276.5625,0.290364583333314,64,,110,0
73,276.875,0.2890625,65,,110,0
66,277.1875,0.290364583333314,64,,110,0
-4,277.5,2.49999999999994,-1,0,111,0
-1,277.5,-276.5,-1,5,111,0
51,277.5,2.49739583333326,56,,111,0
58,277.5,2.49739583333326,56,,111,0
63,277.5,2.49739583333326,65,,111,0
68,277.5,0.3125,69,,111,0
70,277.8125,0.291666666666686,64,,111,0
73,278.125,0.2890625,65,,111,0
66,278.489583333334,0.29296875,64,,111,0
68,278.854166666667,0.29296875,67,,111,0
70,279.270833333334,0.290364583333314,64,,111,0
73,279.6875,0.2890625,65,,111,0
-4,280,-279,-1,0,112,0
66,280.11328125,0.290364583333314,64,,112,0
68,280.625,0.33203125,69,,112,0
70,281.041666666667,0.36328125,69,,112,0
66,281.484375,0.30859375,65,,112,0
68,282.03125,1.71875,64,,112,0
