23,0,0.681818,45,,0,0
23,0.681818,0,45,,0,0
23,1.363636,0,45,,0,0
23,2.045454,0,45,,0,0
59,2.386363,0.154829504166667,64,,0,0
61,2.5568175,0.161931775,64,,0,0
-4,2.727272,2.727272,-1,0,1,0
-1,2.727272,1.353636,-1,5,1,0
44,2.727272,1.37499963333333,61,,1,0
51,2.727272,1.37499963333333,75,,1,0
63,2.727272,0.340909,69,,1,0
59,3.068181,0.156249958333333,64,,1,0
56,3.2386355,0.488636233333333,64,,1,0
61,3.749999,0.3196021875,64,,1,0
-1,4.090908,1.353636,-1,5,1,0
42,4.090908,1.34943145833333,59,,1,0
49,4.090908,1.34943145833333,73,,1,0
58,4.090908,0.3196021875,67,,1,0
54,4.431817,0.154829504166667,64,,1,0
51,4.6022715,0.487215779166667,64,,1,0
58,5.113635,0.316761279166666,64,,1,0
-4,5.454544,2.727272,-1,0,2,0
-1,5.454544,1.353636,-1,5,2,0
40,5.454544,1.37499963333333,61,,2,0
47,5.454544,0.5113635,75,,2,0
56,5.454544,0.340909,69,,2,0
54,5.795453,0.156249958333333,64,,2,0
47,5.9659075,0.504261229166667,64,,2,0
54,6.477271,0.3196021875,64,,2,0
-1,6.81818,1.353636,-1,5,2,0
35,6.81818,1.34943145833333,59,,2,0
42,6.81818,1.34943145833333,73,,2,0
51,6.81818,1.01136336666667,67,,2,0
49,7.840907,0.154829504166667,64,,2,0
51,8.0113615,0.161931774999999,64,,2,0
-4,8.181816,2.727272,-1,0,3,0
-1,8.181816,1.353636,-1,5,3,0
40,8.181816,1.37499963333333,61,,3,0
47,8.181816,1.37499963333333,75,,3,0
52,8.181816,0.698863449999999,69,,3,0
59,8.863634,0.315340825,65,,3,0
58,9.204543,0.154829504166667,64,,3,0
59,9.3749975,0.163352229166668,64,,3,0
-1,9.545452,1.353636,-1,5,3,0
35,9.545452,1.34943145833333,59,,3,0
42,9.545452,1.34943145833333,73,,3,0
54,9.545452,0.676136183333334,67,,3,0
52,10.22727,0.315340825,65,,3,0
51,10.568179,0.154829504166667,64,,3,0
52,10.7386335,0.161931774999999,64,,3,0
-4,10.909088,2.727272,-1,0,4,0
-1,10.909088,1.353636,-1,5,4,0
37,10.909088,1.37499963333333,61,,4,0
44,10.909088,1.37499963333333,75,,4,0
53,10.909088,0.698863449999999,69,,4,0
59,11.590906,0.315340825,65,,4,0
58,11.931815,0.154829504166667,64,,4,0
56,12.1022695,0.163352229166666,64,,4,0
-1,12.272724,1.353636,-1,5,4,0
39,12.272724,0.319602187500001,59,,4,0
46,12.272724,0.339488545833335,73,,4,0
55,12.272724,1.01136336666667,67,,4,0
27,12.613633,1.0099429125,63,,4,0
59,13.295451,0.154829504166667,64,,4,0
61,13.4659055,0.161931774999999,64,,4,0
-4,13.63636,2.727272,-1,0,5,0
-1,13.63636,1.353636,-1,5,5,0
32,13.63636,0.340909,69,,5,0
63,13.63636,0.340909,69,,5,0
39,13.977269,0.318181733333333,64,,5,0
59,13.977269,0.156249958333333,64,,5,0
56,14.1477235,0.488636233333333,64,,5,0
44,14.318178,0.674715729166666,65,,5,0
61,14.659087,0.319602187499999,64,,5,0
-1,14.999996,1.353636,-1,5,5,0
30,14.999996,0.319602187499999,67,,5,0
58,14.999996,0.319602187499999,67,,5,0
37,15.340905,0.316761279166666,64,,5,0
54,15.340905,0.154829504166667,64,,5,0
51,15.5113595,0.487215779166666,64,,5,0
42,15.681814,0.673295275000001,65,,5,0
58,16.022723,0.316761279166666,64,,5,0
-4,16.363632,2.727272,-1,0,6,0
-1,16.363632,1.353636,-1,5,6,0
28,16.363632,0.340909,68,,6,0
56,16.363632,0.340909,69,,6,0
35,16.704541,0.318181733333336,64,,6,0
54,16.704541,0.156249958333333,64,,6,0
47,16.8749955,0.488636233333335,64,,6,0
40,17.04545,0.674715729166667,65,,6,0
54,17.386359,0.319602187499999,64,,6,0
-1,17.727268,1.353636,-1,5,6,0
35,17.727268,0.319602187499999,67,,6,0
51,17.727268,1.01136336666667,67,,6,0
42,18.068177,0.316761279166666,64,,6,0
47,18.409086,0.673295275000001,65,,6,0
49,18.749995,0.154829504166667,64,,6,0
51,18.9204495,0.161931774999999,64,,6,0
-4,19.090904,2.727272,-1,0,7,0
-1,19.090904,1.353636,-1,5,7,0
37,19.090904,0.340909,69,,7,0
52,19.090904,0.698863450000001,69,,7,0
44,19.431813,0.318181733333333,64,,7,0
49,19.772722,0.674715729166667,65,,7,0
54,19.772722,0.315340825,65,,7,0
52,20.113631,0.154829504166667,64,,7,0
54,20.2840855,0.163352229166666,64,,7,0
-1,20.45454,1.353636,-1,5,7,0
32,20.45454,0.319602187499999,67,,7,0
51,20.45454,0.319602187499999,67,,7,0
39,20.795449,0.316761279166666,64,,7,0
54,20.795449,0.316761279166666,64,,7,0
44,21.136358,0.673295275000001,65,,7,0
59,21.136358,0.315340825,65,,7,0
63,21.477267,0.316761279166666,64,,7,0
-4,21.818176,2.727272,-1,0,8,0
-1,21.818176,1.353636,-1,5,8,0
28,21.818176,0.340909,68,,8,0
61,21.818176,0.511363500000002,69,,8,0
35,22.159085,0.318181733333336,64,,8,0
61,22.3295395,0.0156249958333348,64,,8,0
40,22.499994,0.674715729166667,65,,8,0
61,22.499994,0.00142045416666647,65,,8,0
59,22.840903,0.339488545833333,64,,8,0
-1,23.181812,4.080908,-1,5,8,0
35,23.181812,0.319602187499999,67,,8,0
51,23.181812,0.676136183333334,59,,8,0
59,23.181812,0.676136183333334,73,,8,0
49,23.522721,0.316761279166666,64,,8,0
47,23.86363,0.315340825,65,,8,0
42,24.204539,0.316761279166666,64,,8,0
-4,24.545448,2.727272,-1,0,9,0
59,26.931811,0.154829504166667,64,,9,0
61,27.1022655,0.161931774999999,64,,9,0
-4,27.27272,2.72727200000001,-1,0,10,0
-1,27.27272,1.353636,-1,5,10,0
32,27.27272,0.340909,69,,10,0
63,27.27272,0.340909,69,,10,0
39,27.613629,0.318181733333336,64,,10,0
59,27.613629,0.156249958333333,64,,10,0
56,27.7840835,0.488636233333335,64,,10,0
44,27.954538,0.315340825,65,,10,0
39,28.295447,0.319602187499999,64,,10,0
61,28.295447,0.319602187499999,64,,10,0
-1,28.636356,1.353636,-1,5,10,0
30,28.636356,0.319602187499999,67,,10,0
58,28.636356,0.319602187499999,67,,10,0
37,28.977265,0.31676127916667,64,,10,0
54,28.977265,0.154829504166667,64,,10,0
51,29.1477195,0.485795325000002,64,,10,0
42,29.318174,0.315340825,65,,10,0
37,29.659083,0.316761279166666,64,,10,0
58,29.659083,0.316761279166666,64,,10,0
-4,29.999992,2.727272,-1,0,11,0
-1,29.999992,1.353636,-1,5,11,0
28,29.999992,0.340909,68,,11,0
56,29.999992,0.340909,69,,11,0
35,30.340901,0.318181733333336,64,,11,0
54,30.340901,0.156249958333333,64,,11,0
47,30.5113555,0.488636233333335,64,,11,0
40,30.68181,0.315340825,65,,11,0
35,31.022719,0.339488545833333,64,,11,0
54,31.022719,0.319602187499999,64,,11,0
-1,31.363628,1.353636,-1,5,11,0
35,31.363628,0.319602187499999,67,,11,0
51,31.363628,1.01136336666667,67,,11,0
42,31.704537,0.31676127916667,64,,11,0
47,32.045446,0.315340825,65,,11,0
42,32.386355,0.316761279166663,64,,11,0
49,32.386355,0.154829504166663,64,,11,0
51,32.5568095,0.161931774999999,64,,11,0
-4,32.727264,2.727272,-1,0,12,0
-1,32.727264,1.353636,-1,5,12,0
25,32.727264,0.340909000000003,68,,12,0
52,32.727264,0.698863449999998,69,,12,0
32,33.068173,0.318181733333333,64,,12,0
37,33.409082,0.315340825,65,,12,0
59,33.409082,0.315340825,65,,12,0
32,33.749991,0.339488545833333,64,,12,0
58,33.749991,0.154829504166663,64,,12,0
59,33.9204455,0.163352229166669,64,,12,0
-1,34.0909,1.353636,-1,5,12,0
32,34.0909,0.319602187500003,67,,12,0
54,34.0909,0.676136183333341,67,,12,0
39,34.431809,0.31676127916667,64,,12,0
44,34.772718,0.315340825,65,,12,0
52,34.772718,0.315340825,65,,12,0
39,35.113627,0.316761279166663,64,,12,0
51,35.113627,0.154829504166663,64,,12,0
52,35.2840815,0.161931774999999,64,,12,0
-4,35.454536,2.72727199999999,-1,0,13,0
-1,35.454536,1.35363599999999,-1,5,13,0
26,35.454536,0.340909000000003,68,,13,0
53,35.454536,0.698863449999998,69,,13,0
32,35.795445,0.318181733333333,64,,13,0
38,36.136354,0.315340825,65,,13,0
59,36.136354,0.315340825,65,,13,0
32,36.477263,0.319602187499996,64,,13,0
58,36.477263,0.154829504166663,64,,13,0
56,36.6477175,0.163352229166662,64,,13,0
-1,36.818172,1.353636,-1,5,13,0
27,36.818172,0.319602187500003,66,,13,0
55,36.818172,1.01136336666667,67,,13,0
34,37.159081,0.31676127916667,64,,13,0
39,37.49999,0.673295274999994,65,,13,0
59,37.840899,0.154829504166663,64,,13,0
61,38.0113535,0.161931774999999,64,,13,0
-4,38.181808,2.727272,-1,0,14,0
-1,38.181808,1.353636,-1,5,14,0
32,38.181808,0.340909000000003,69,,14,0
63,38.181808,0.340909000000003,69,,14,0
39,38.522717,0.318181733333333,64,,14,0
59,38.522717,0.156249958333333,64,,14,0
56,38.6931715,0.488636233333331,64,,14,0
44,38.863626,0.315340825,65,,14,0
39,39.204535,0.319602187500003,64,,14,0
61,39.204535,0.319602187500003,64,,14,0
-1,39.545444,1.353636,-1,5,14,0
30,39.545444,0.319602187500003,67,,14,0
58,39.545444,0.319602187500003,67,,14,0
37,39.886353,0.316761279166663,64,,14,0
54,39.886353,0.154829504166663,64,,14,0
51,40.0568075,0.485795324999998,64,,14,0
42,40.227262,0.315340825,65,,14,0
37,40.568171,0.31676127916667,64,,14,0
58,40.568171,0.31676127916667,64,,14,0
-4,40.90908,2.727272,-1,0,15,0
-1,40.90908,1.353636,-1,5,15,0
28,40.90908,0.340909000000003,68,,15,0
56,40.90908,0.340909000000003,69,,15,0
35,41.249989,0.318181733333333,64,,15,0
54,41.249989,0.156249958333333,64,,15,0
47,41.4204435,0.488636233333331,64,,15,0
40,41.590898,0.315340825,65,,15,0
35,41.931807,0.339488545833333,64,,15,0
54,41.931807,0.319602187500003,64,,15,0
-1,42.272716,1.353636,-1,5,15,0
35,42.272716,0.319602187500003,67,,15,0
51,42.272716,1.01136336666667,67,,15,0
42,42.613625,0.31676127916667,64,,15,0
47,42.954534,0.315340825,65,,15,0
42,43.295443,0.316761279166663,64,,15,0
49,43.295443,0.154829504166663,64,,15,0
51,43.4658975,0.161931774999999,64,,15,0
-4,43.636352,2.72727200000001,-1,0,16,0
-1,43.636352,1.353636,-1,5,16,0
28,43.636352,0.340909000000003,68,,16,0
52,43.636352,0.698863449999998,69,,16,0
35,43.977261,0.318181733333333,64,,16,0
40,44.31817,0.315340825,65,,16,0
54,44.31817,0.315340825,65,,16,0
35,44.659079,0.339488545833333,64,,16,0
52,44.659079,0.154829504166663,64,,16,0
54,44.8295335,0.163352229166669,64,,16,0
-1,44.999988,1.35363600000001,-1,5,16,0
35,44.999988,0.319602187500003,67,,16,0
51,44.999988,0.319602187500003,67,,16,0
42,45.340897,0.31676127916667,64,,16,0
54,45.340897,0.31676127916667,64,,16,0
47,45.681806,0.315340825,65,,16,0
59,45.681806,0.315340825,65,,16,0
42,46.022715,0.31676127916667,64,,16,0
63,46.022715,0.31676127916667,64,,16,0
-4,46.363624,2.72727200000001,-1,0,17,0
-1,46.363624,1.35363600000001,-1,5,17,0
27,46.363624,0.340908999999996,68,,17,0
61,46.363624,0.170454499999998,69,,17,0
61,46.5340785,0.0241477208333336,64,,17,0
34,46.704533,0.318181733333333,64,,17,0
39,47.045442,0.674715729166671,57,,17,0
43,47.045442,0.674715729166671,71,,17,0
61,47.045442,0.501420320833333,65,,17,0
59,47.5568055,0.170454500000005,64,,17,0
-1,47.72726,1.35363600000001,-1,5,17,0
32,47.72726,0.319602187500003,67,,17,0
59,47.72726,0.00284090833333295,67,,17,0
39,48.068169,0.31676127916667,64,,17,0
44,48.409078,0.673295275000001,65,,17,0
-4,49.090896,2.727272,-1,0,18,0
-1,49.090896,1.353636,-1,5,18,0
37,49.090896,1.37499963333333,72,,18,0
40,49.090896,1.37499963333333,72,,18,0
44,49.090896,1.363636,67,,18,0
56,49.090896,0.526988495833336,69,,18,0
58,49.6022595,0.161931774999999,64,,18,0
59,49.772714,0.315340825,65,,18,0
58,50.113623,0.154829504166663,64,,18,0
56,50.2840775,0.163352229166669,64,,18,0
-1,50.454532,1.353636,-1,5,18,0
32,50.454532,1.34943145833333,59,,18,0
39,50.454532,1.34943145833333,59,,18,0
44,50.454532,0.0113636333333318,73,,18,0
54,50.454532,0.319602187499996,67,,18,0
63,50.795441,0.3366476375,64,,18,0
63,51.13635,0.673295275000001,65,,18,0
-4,51.818168,2.727272,-1,0,19,0
-1,51.818168,1.353636,-1,5,19,0
30,51.818168,1.37499963333333,61,,19,0
37,51.818168,1.37499963333333,61,,19,0
42,51.818168,1.363636,75,,19,0
61,51.818168,0.526988495833336,69,,19,0
63,52.3295315,0.161931774999999,64,,19,0
64,52.499986,0.315340825,65,,19,0
63,52.840895,0.154829504166663,64,,19,0
61,53.0113495,0.163352229166669,64,,19,0
-1,53.181804,1.353636,-1,5,19,0
35,53.181804,1.34943145833333,59,,19,0
42,53.181804,0.0113636333333318,59,,19,0
47,53.181804,1.34943145833333,73,,19,0
59,53.181804,0.319602187499996,67,,19,0
61,53.522713,0.31676127916667,64,,19,0
54,53.863622,0.673295275000001,65,,19,0
-4,54.54544,2.727272,-1,0,20,0
-1,54.54544,1.353636,-1,5,20,0
37,54.54544,1.37499963333333,61,,20,0
40,54.54544,1.37499963333333,61,,20,0
44,54.54544,1.363636,75,,20,0
52,54.54544,0.526988495833336,69,,20,0
54,55.0568035,0.161931774999999,64,,20,0
56,55.227258,0.315340825,65,,20,0
54,55.568167,0.154829504166663,64,,20,0
52,55.7386215,0.163352229166669,64,,20,0
-1,55.909076,1.353636,-1,5,20,0
32,55.909076,1.34943145833333,70,,20,0
39,55.909076,1.34943145833333,70,,20,0
44,55.909076,0.0113636333333318,65,,20,0
51,55.909076,0.319602187499996,67,,20,0
59,56.249985,0.3366476375,64,,20,0
59,56.590894,0.33522718333333,65,,20,0
59,56.931803,0.31676127916667,64,,20,0
-4,57.272712,2.72727200000001,-1,0,21,0
-1,57.272712,1.353636,-1,5,21,0
37,57.272712,0.681818,61,,21,0
40,57.272712,0.698863449999998,61,,21,0
44,57.272712,0.698863449999998,75,,21,0
58,57.272712,0.698863449999998,69,,21,0
30,57.95453,0.674715729166664,57,,21,0
37,57.95453,0.0170454499999977,57,,21,0
42,57.95453,0.674715729166664,71,,21,0
56,57.95453,0.315340825,65,,21,0
58,58.295439,0.154829504166663,64,,21,0
59,58.4658935,0.849431591666679,64,,21,0
-1,58.636348,1.35363600000001,-1,5,21,0
35,58.636348,0.319602187500003,67,,21,0
42,58.977257,0.31676127916667,64,,21,0
47,59.318166,0.673295274999994,65,,21,0
61,59.318166,0.237215845833333,65,,21,0
63,59.57384775,0.0781249791666667,64,,21,0
61,59.659075,0.23295448333333,64,,21,0
59,59.91475675,0.0838067958333326,64,,21,0
-4,59.999984,2.72727200000001,-1,0,22,0
-1,59.999984,1.353636,-1,5,22,0
28,59.999984,0.340908999999996,60,,22,0
40,59.999984,0.340908999999996,75,,22,0
56,59.999984,0.184659041666663,69,,22,0
59,60.1704385,0.504261229166666,64,,22,0
40,60.340893,0.0198863583333306,64,,22,0
47,60.681802,0.315340825,57,,22,0
52,60.681802,0.33522718333333,71,,22,0
63,60.681802,0.161931774999999,65,,22,0
66,60.8522565,0.502840775000003,64,,22,0
40,61.022711,0.319602187500003,64,,22,0
-1,61.36362,1.35363600000001,-1,5,22,0
35,61.36362,0.339488545833333,67,,22,0
61,61.36362,0.164772683333332,67,,22,0
59,61.5340745,0.499999866666677,64,,22,0
35,61.704529,0.31676127916667,64,,22,0
42,62.045438,0.315340825,57,,22,0
47,62.045438,0.335227183333338,71,,22,0
61,62.045438,0.237215845833333,65,,22,0
63,62.30111975,0.0781249791666667,64,,22,0
35,62.386347,0.316761279166663,64,,22,0
61,62.386347,0.23295448333333,64,,22,0
59,62.64202875,0.0838067958333326,64,,22,0
-4,62.727256,2.72727199999996,-1,0,23,0
-1,62.727256,1.35363599999999,-1,5,23,0
30,62.727256,0.340908999999996,61,,23,0
42,62.727256,0.340908999999996,75,,23,0
56,62.727256,0.184659041666663,69,,23,0
59,62.8977105,0.504261229166666,64,,23,0
42,63.068165,0.0198863583333306,64,,23,0
49,63.409074,0.315340825,57,,23,0
54,63.409074,0.33522718333333,71,,23,0
63,63.409074,0.161931774999999,65,,23,0
66,63.5795285,0.502840774999989,64,,23,0
42,63.749983,0.319602187499996,64,,23,0
-1,64.090892,1.35363599999997,-1,5,23,0
32,64.090892,0.31960218750001,59,,23,0
44,64.090892,0.339488545833348,73,,23,0
61,64.090892,0.164772683333339,67,,23,0
59,64.2613465,0.49999986666667,64,,23,0
44,64.431801,0.31676127916667,64,,23,0
51,64.77271,0.315340824999993,57,,23,0
56,64.77271,0.335227183333316,71,,23,0
61,64.77271,0.237215845833333,65,,23,0
63,65.02839175,0.0781249791666596,64,,23,0
44,65.113619,0.316761279166656,64,,23,0
61,65.113619,0.23295448333333,64,,23,0
59,65.36930075,0.0838067958333255,64,,23,0
-4,65.454528,2.72727200000003,-1,0,24,0
-1,65.454528,1.35363600000001,-1,5,24,0
28,65.454528,0.340909000000011,60,,24,0
40,65.454528,0.340909000000011,75,,24,0
56,65.454528,0.184659041666677,69,,24,0
59,65.6249825,0.504261229166673,64,,24,0
40,65.795437,0.0198863583333377,64,,24,0
47,66.136346,0.315340825000007,57,,24,0
52,66.136346,0.335227183333345,71,,24,0
63,66.136346,0.161931774999999,65,,24,0
66,66.3068005,0.502840774999996,64,,24,0
40,66.477255,0.319602187499996,64,,24,0
-1,66.818164,1.35363600000001,-1,5,24,0
35,66.818164,0.339488545833333,67,,24,0
68,66.818164,0.164772683333339,67,,24,0
66,66.9886185,0.499999866666656,64,,24,0
35,67.159073,0.31676127916667,64,,24,0
42,67.499982,0.315340825000007,57,,24,0
47,67.499982,0.335227183333345,71,,24,0
66,67.499982,0.160511320833336,65,,24,0
71,67.6704365,0.50284077500001,64,,24,0
35,67.840891,0.31676127916667,64,,24,0
-4,68.1818,2.727272,-1,0,25,0
-1,68.1818,1.35363600000003,-1,5,25,0
30,68.1818,0.340909000000011,61,,25,0
42,68.1818,0.340909000000011,75,,25,0
70,68.1818,0.184659041666677,69,,25,0
66,68.3522545,0.504261229166673,64,,25,0
42,68.522709,0.0198863583333377,64,,25,0
49,68.863618,0.315340825000007,57,,25,0
54,68.863618,0.335227183333345,71,,25,0
63,68.863618,0.161931774999999,65,,25,0
66,69.0340725,0.309659008333341,64,,25,0
42,69.204527,0.31960218750001,64,,25,0
61,69.3749815,0.170454500000005,64,,25,0
-1,69.5454360000001,1.35363599999997,-1,5,25,0
27,69.5454360000001,0.31960218750001,58,,25,0
39,69.5454360000001,0.339488545833348,73,,25,0
61,69.5454360000001,0.00284090833334005,67,,25,0
39,69.8863450000001,0.31676127916667,64,,25,0
46,70.2272540000001,0.315340824999993,57,,25,0
51,70.2272540000001,0.335227183333316,71,,25,0
61,70.2272540000001,0.237215845833333,65,,25,0
63,70.4829357500001,0.0781249791666596,64,,25,0
39,70.568163,0.316761279166656,64,,25,0
61,70.568163,0.23295448333333,64,,25,0
59,70.82384475,0.0838067958333255,64,,25,0
-4,70.909072,2.72727199999999,-1,0,26,0
-1,70.909072,1.35363600000001,-1,5,26,0
28,70.909072,0.340909000000011,60,,26,0
40,70.909072,0.340909000000011,75,,26,0
56,70.909072,0.184659041666677,69,,26,0
59,71.0795265,0.504261229166673,64,,26,0
40,71.249981,0.0198863583333377,64,,26,0
47,71.59089,0.315340825000007,57,,26,0
52,71.59089,0.335227183333345,71,,26,0
63,71.59089,0.161931774999999,65,,26,0
66,71.7613445,0.502840774999996,64,,26,0
40,71.931799,0.319602187499996,64,,26,0
-1,72.272708,1.35363599999997,-1,5,26,0
35,72.272708,0.339488545833333,67,,26,0
61,72.272708,0.164772683333339,67,,26,0
59,72.4431625,0.499999866666656,64,,26,0
35,72.613617,0.31676127916667,64,,26,0
42,72.954526,0.315340825000007,57,,26,0
47,72.954526,0.33522718333333,71,,26,0
59,72.954526,0.252840841666668,65,,26,0
59,73.21020775,0.0781249791666596,64,,26,0
35,73.295435,0.316761279166656,64,,26,0
61,73.295435,0.23295448333333,64,,26,0
63,73.55111675,0.0838067958333255,64,,26,0
-4,73.636344,2.72727199999997,-1,0,27,0
-1,73.636344,1.353636,-1,5,27,0
34,73.636344,0.698863450000005,61,,27,0
46,73.636344,0.698863450000005,75,,27,0
64,73.636344,0.184659041666677,69,,27,0
63,73.8067985,0.504261229166673,64,,27,0
27,74.318162,0.674715729166664,56,,27,0
39,74.318162,0.674715729166664,71,,27,0
61,74.318162,0.161931774999999,65,,27,0
58,74.4886165,0.502840774999996,64,,27,0
-1,74.99998,1.35363599999997,-1,5,27,0
32,74.99998,0.319602187499996,67,,27,0
59,74.99998,1.01136336666666,67,,27,0
39,75.340889,0.31676127916667,64,,27,0
44,75.681798,0.673295274999987,57,,27,0
47,75.681798,0.673295274999987,71,,27,0
59,76.022707,0.23295448333333,64,,27,0
58,76.27838875,0.0838067958333255,64,,27,0
-4,76.363616,2.727272,-1,0,28,0
-1,76.363616,1.353636,-1,5,28,0
25,76.363616,0.340908999999996,60,,28,0
37,76.363616,0.360795358333334,75,,28,0
56,76.363616,0.340908999999996,69,,28,0
32,76.704525,0.318181733333333,64,,28,0
58,76.704525,0.318181733333333,64,,28,0
37,77.045434,0.674715729166678,57,,28,0
40,77.045434,0.674715729166678,71,,28,0
59,77.045434,0.315340825000007,65,,28,0
61,77.386343,0.319602187499996,64,,28,0
-1,77.727252,1.353636,-1,5,28,0
32,77.727252,0.319602187499996,59,,28,0
44,77.727252,0.339488545833333,73,,28,0
59,77.727252,0.319602187499996,67,,28,0
39,78.068161,0.31676127916667,64,,28,0
54,78.068161,0.31676127916667,64,,28,0
44,78.40907,0.673295275000001,57,,28,0
47,78.40907,0.673295275000001,71,,28,0
51,78.40907,0.160511320833336,65,,28,0
54,78.5795245,0.502840774999996,64,,28,0
-4,79.090888,2.72727199999999,-1,0,29,0
-1,79.090888,0.671817999999993,-1,5,29,0
28,79.090888,0.69886344999999,60,,29,0
40,79.090888,0.69886344999999,75,,29,0
56,79.090888,0.340908999999996,69,,29,0
61,79.431797,0.318181733333333,64,,29,0
-1,79.772706,0.671817999999993,-1,5,29,0
30,79.772706,0.674715729166664,57,,29,0
42,79.772706,0.674715729166664,71,,29,0
58,79.772706,0.161931774999999,65,,29,0
59,79.9431605,0.502840774999996,64,,29,0
-1,80.454524,1.353636,-1,5,29,0
29,80.454524,0.319602187499996,59,,29,0
41,80.454524,0.339488545833333,73,,29,0
59,80.454524,0.676136183333327,67,,29,0
47,80.795433,0.31676127916667,64,,29,0
53,81.136342,0.673295275000001,65,,29,0
59,81.477251,0.154829504166671,64,,29,0
58,81.6477055,0.161931774999999,64,,29,0
-4,81.81816,2.727272,-1,0,30,0
-1,81.81816,1.353636,-1,5,30,0
25,81.81816,0.340908999999996,60,,30,0
37,81.81816,0.360795358333334,75,,30,0
56,81.81816,0.340908999999996,69,,30,0
32,82.159069,0.318181733333333,64,,30,0
58,82.159069,0.318181733333333,64,,30,0
37,82.499978,0.674715729166678,57,,30,0
40,82.499978,0.674715729166678,71,,30,0
59,82.499978,0.315340825000007,65,,30,0
61,82.840887,0.319602187499996,64,,30,0
-1,83.181796,1.353636,-1,5,30,0
32,83.181796,0.319602187499996,59,,30,0
44,83.181796,0.339488545833333,73,,30,0
59,83.181796,0.319602187499996,67,,30,0
39,83.522705,0.31676127916667,64,,30,0
54,83.522705,0.31676127916667,64,,30,0
44,83.863614,0.673295275000001,57,,30,0
47,83.863614,0.673295275000001,71,,30,0
59,83.863614,0.160511320833336,65,,30,0
61,84.0340685,0.502840774999996,64,,30,0
-4,84.545432,2.727272,-1,0,31,0
-1,84.545432,0.671818000000007,-1,5,31,0
28,84.545432,0.698863450000005,60,,31,0
40,84.545432,0.698863450000005,75,,31,0
63,84.545432,0.184659041666677,69,,31,0
64,84.7158865,0.504261229166673,64,,31,0
-1,85.22725,0.671817999999993,-1,5,31,0
30,85.22725,0.674715729166664,57,,31,0
42,85.22725,0.674715729166664,71,,31,0
61,85.22725,0.161931774999999,65,,31,0
59,85.3977045,0.502840774999996,64,,31,0
-1,85.909068,1.353636,-1,5,31,0
35,85.909068,0.319602187499996,67,,31,0
59,85.909068,0.676136183333327,67,,31,0
42,86.249977,0.31676127916667,64,,31,0
47,86.590886,0.673295275000001,65,,31,0
-4,87.272704,2.727272,-1,0,32,0
-1,87.272704,1.353636,-1,5,32,0
32,87.272704,1.37499963333333,61,,32,0
39,87.272704,1.37499963333333,75,,32,0
63,87.272704,0.698863450000005,69,,32,0
66,87.954522,0.674715729166664,65,,32,0
-1,88.63634,1.353636,-1,5,32,0
30,88.63634,1.34943145833333,59,,32,0
37,88.63634,1.34943145833333,73,,32,0
61,88.63634,0.676136183333327,67,,32,0
59,89.318158,0.673295275000001,65,,32,0
-4,89.999976,2.727272,-1,0,33,0
-1,89.999976,1.353636,-1,5,33,0
28,89.999976,1.37499963333333,60,,33,0
35,89.999976,1.363636,75,,33,0
64,89.999976,0.698863450000005,69,,33,0
61,90.681794,0.674715729166664,65,,33,0
-1,91.363612,1.353636,-1,5,33,0
35,91.363612,0.0113636333333318,59,,33,0
42,91.363612,1.34943145833333,73,,33,0
63,91.363612,0.676136183333327,67,,33,0
59,92.04543,0.673295275000001,65,,33,0
-4,92.727248,2.727272,-1,0,34,0
-1,92.727248,1.353636,-1,5,34,0
28,92.727248,1.37499963333333,60,,34,0
35,92.727248,1.363636,75,,34,0
64,92.727248,0.698863450000005,69,,34,0
61,93.409066,0.674715729166664,65,,34,0
-1,94.090884,1.353636,-1,5,34,0
35,94.090884,0.0113636333333318,59,,34,0
42,94.090884,1.34943145833333,73,,34,0
63,94.090884,0.676136183333327,67,,34,0
59,94.772702,0.673295275000001,65,,34,0
-4,95.45452,2.72727200000001,-1,0,35,0
-1,95.45452,1.353636,-1,5,35,0
38,95.45452,1.37499963333333,61,,35,0
41,95.45452,1.37499963333333,61,,35,0
44,95.45452,1.37499963333333,75,,35,0
59,95.45452,0.698863450000005,69,,35,0
56,96.136338,0.674715729166664,65,,35,0
-1,96.818156,1.35363600000001,-1,5,35,0
39,96.818156,0.339488545833333,59,,35,0
43,96.818156,0.319602187499996,59,,35,0
46,96.818156,0.339488545833333,73,,35,0
58,96.818156,0.676136183333327,67,,35,0
39,97.159065,0.31676127916667,64,,35,0
27,97.499974,0.673295275000015,64,,35,0
51,97.499974,0.315340825000007,57,,35,0
55,97.499974,0.335227183333345,71,,35,0
59,97.840883,0.154829504166671,64,,35,0
61,98.0113375,0.161931774999999,64,,35,0
-4,98.181792,2.727272,-1,0,36,0
-1,98.181792,1.353636,-1,5,36,0
32,98.181792,0.340908999999996,69,,36,0
63,98.181792,0.340908999999996,69,,36,0
39,98.522701,0.318181733333333,64,,36,0
59,98.522701,0.156249958333333,64,,36,0
56,98.6931555,0.488636233333338,64,,36,0
44,98.86361,0.315340825000007,65,,36,0
39,99.204519,0.319602187499996,64,,36,0
61,99.204519,0.319602187499996,64,,36,0
-1,99.545428,1.353636,-1,5,36,0
30,99.545428,0.319602187499996,67,,36,0
58,99.545428,0.319602187499996,67,,36,0
37,99.886337,0.31676127916667,64,,36,0
54,99.886337,0.154829504166671,64,,36,0
51,100.0567915,0.485795324999998,64,,36,0
42,100.227246,0.315340825000007,65,,36,0
37,100.568155,0.31676127916667,64,,36,0
58,100.568155,0.31676127916667,64,,36,0
-4,100.909064,2.72727200000001,-1,0,37,0
-1,100.909064,1.353636,-1,5,37,0
28,100.909064,0.340908999999996,68,,37,0
56,100.909064,0.340908999999996,69,,37,0
35,101.249973,0.318181733333333,64,,37,0
54,101.249973,0.156249958333333,64,,37,0
47,101.4204275,0.488636233333338,64,,37,0
40,101.590882,0.315340825000007,65,,37,0
35,101.931791,0.339488545833333,64,,37,0
54,101.931791,0.319602187499996,64,,37,0
-1,102.2727,1.35363600000001,-1,5,37,0
35,102.2727,0.319602187499996,67,,37,0
51,102.2727,1.01136336666667,67,,37,0
42,102.613609,0.31676127916667,64,,37,0
47,102.954518,0.315340825000007,65,,37,0
42,103.295427,0.31676127916667,64,,37,0
49,103.295427,0.154829504166671,64,,37,0
51,103.4658815,0.161931774999999,64,,37,0
-4,103.636336,2.727272,-1,0,38,0
-1,103.636336,1.35363599999999,-1,5,38,0
25,103.636336,0.340908999999996,68,,38,0
52,103.636336,0.69886344999999,69,,38,0
32,103.977245,0.318181733333333,64,,38,0
37,104.318154,0.315340824999993,65,,38,0
59,104.318154,0.315340824999993,65,,38,0
32,104.659063,0.339488545833333,64,,38,0
58,104.659063,0.154829504166671,64,,38,0
59,104.8295175,0.163352229166662,64,,38,0
-1,104.999972,1.35363600000001,-1,5,38,0
32,104.999972,0.319602187499996,67,,38,0
54,104.999972,0.676136183333327,67,,38,0
39,105.340881,0.31676127916667,64,,38,0
44,105.68179,0.315340825000007,65,,38,0
52,105.68179,0.315340825000007,65,,38,0
39,106.022699,0.31676127916667,64,,38,0
51,106.022699,0.154829504166671,64,,38,0
52,106.1931535,0.161931774999999,64,,38,0
-4,106.363608,2.727272,-1,0,39,0
-1,106.363608,1.353636,-1,5,39,0
26,106.363608,0.340908999999996,68,,39,0
53,106.363608,0.69886344999999,69,,39,0
32,106.704517,0.318181733333333,64,,39,0
38,107.045426,0.315340824999993,65,,39,0
59,107.045426,0.315340824999993,65,,39,0
32,107.386335,0.31960218750001,64,,39,0
58,107.386335,0.154829504166671,64,,39,0
56,107.5567895,0.163352229166676,64,,39,0
-1,107.727244,1.353636,-1,5,39,0
27,107.727244,0.319602187499996,66,,39,0
55,107.727244,1.01136336666666,67,,39,0
34,108.068153,0.31676127916667,64,,39,0
39,108.409062,0.673295275000001,65,,39,0
59,108.749971,0.154829504166671,64,,39,0
61,108.9204255,0.161931774999999,64,,39,0
-4,109.09088,2.727272,-1,0,40,0
-1,109.09088,1.353636,-1,5,40,0
32,109.09088,0.340908999999996,69,,40,0
63,109.09088,0.340908999999996,69,,40,0
39,109.431789,0.318181733333333,64,,40,0
59,109.431789,0.156249958333333,64,,40,0
56,109.6022435,0.488636233333338,64,,40,0
44,109.772698,0.315340825000007,65,,40,0
39,110.113607,0.319602187499996,64,,40,0
61,110.113607,0.319602187499996,64,,40,0
-1,110.454516,1.353636,-1,5,40,0
30,110.454516,0.319602187499996,67,,40,0
58,110.454516,0.319602187499996,67,,40,0
37,110.795425,0.31676127916667,64,,40,0
54,110.795425,0.154829504166671,64,,40,0
51,110.9658795,0.485795324999998,64,,40,0
42,111.136334,0.315340825000007,65,,40,0
37,111.477243,0.31676127916667,64,,40,0
58,111.477243,0.31676127916667,64,,40,0
-4,111.818152,2.72727200000001,-1,0,41,0
-1,111.818152,1.353636,-1,5,41,0
28,111.818152,0.340908999999996,68,,41,0
56,111.818152,0.340908999999996,69,,41,0
35,112.159061,0.318181733333333,64,,41,0
54,112.159061,0.156249958333333,64,,41,0
47,112.3295155,0.488636233333338,64,,41,0
40,112.49997,0.315340825000007,65,,41,0
35,112.840879,0.339488545833333,64,,41,0
54,112.840879,0.319602187499996,64,,41,0
-1,113.181788,1.35363600000001,-1,5,41,0
35,113.181788,0.319602187499996,67,,41,0
51,113.181788,1.01136336666667,67,,41,0
42,113.522697,0.31676127916667,64,,41,0
47,113.863606,0.315340825000007,65,,41,0
42,114.204515,0.31676127916667,64,,41,0
49,114.204515,0.154829504166671,64,,41,0
51,114.3749695,0.161931774999999,64,,41,0
-4,114.545424,2.72727199999999,-1,0,42,0
-1,114.545424,1.35363599999999,-1,5,42,0
28,114.545424,0.340908999999996,68,,42,0
52,114.545424,0.69886344999999,69,,42,0
35,114.886333,0.318181733333333,64,,42,0
40,115.227242,0.315340824999993,65,,42,0
54,115.227242,0.315340824999993,65,,42,0
35,115.568151,0.339488545833333,64,,42,0
52,115.568151,0.154829504166671,64,,42,0
54,115.7386055,0.163352229166662,64,,42,0
-1,115.90906,1.353636,-1,5,42,0
35,115.90906,0.319602187499996,67,,42,0
51,115.90906,0.319602187499996,67,,42,0
42,116.249969,0.31676127916667,64,,42,0
54,116.249969,0.31676127916667,64,,42,0
47,116.590878,0.315340825000007,65,,42,0
59,116.590878,0.315340825000007,65,,42,0
42,116.931787,0.31676127916667,64,,42,0
63,116.931787,0.31676127916667,64,,42,0
-4,117.272696,2.727272,-1,0,43,0
-1,117.272696,1.353636,-1,5,43,0
27,117.272696,0.340909000000011,68,,43,0
61,117.272696,0.184659041666677,69,,43,0
63,117.4431505,0.504261229166673,64,,43,0
34,117.613605,0.318181733333333,64,,43,0
39,117.954514,0.674715729166664,57,,43,0
43,117.954514,0.674715729166664,71,,43,0
61,117.954514,0.161931774999999,65,,43,0
59,118.1249685,0.502840774999996,64,,43,0
-1,118.636332,1.353636,-1,5,43,0
32,118.636332,0.319602187499996,67,,43,0
59,118.636332,1.34943145833333,67,,43,0
39,118.977241,0.31676127916667,64,,43,0
44,119.31815,0.673295275000001,65,,43,0
-4,119.999968,2.72727200000001,-1,0,44,0
-1,119.999968,1.35363600000001,-1,5,44,0
37,119.999968,1.37499963333335,72,,44,0
40,119.999968,1.37499963333335,72,,44,0
44,119.999968,1.36363600000001,67,,44,0
56,119.999968,0.526988495833336,69,,44,0
58,120.5113315,0.161931774999999,64,,44,0
59,120.681786,0.315340825000007,65,,44,0
58,121.022695,0.154829504166671,64,,44,0
56,121.1931495,0.163352229166662,64,,44,0
-1,121.363604,1.353636,-1,5,44,0
32,121.363604,1.34943145833333,59,,44,0
39,121.363604,1.34943145833333,59,,44,0
44,121.363604,0.0113636333333318,73,,44,0
54,121.363604,0.319602187499996,67,,44,0
63,121.704513,0.336647637499993,64,,44,0
63,122.045422,0.673295275000001,65,,44,0
-4,122.72724,2.72727200000001,-1,0,45,0
-1,122.72724,1.35363600000001,-1,5,45,0
30,122.72724,1.37499963333335,61,,45,0
37,122.72724,1.37499963333335,61,,45,0
42,122.72724,1.36363600000001,75,,45,0
61,122.72724,0.526988495833336,69,,45,0
63,123.2386035,0.161931774999999,64,,45,0
64,123.409058,0.315340825000007,65,,45,0
63,123.749967,0.154829504166671,64,,45,0
61,123.9204215,0.163352229166662,64,,45,0
-1,124.090876,1.353636,-1,5,45,0
35,124.090876,0.676136183333327,70,,45,0
42,124.090876,0.0113636333333318,65,,45,0
59,124.090876,0.319602187499996,67,,45,0
61,124.431785,0.31676127916667,64,,45,0
47,124.772694,0.673295275000001,65,,45,0
54,124.772694,0.673295275000001,65,,45,0
-4,125.454512,2.72727199999999,-1,0,46,0
-1,125.454512,1.35363600000001,-1,5,46,0
37,125.454512,1.37499963333335,72,,46,0
40,125.454512,1.37499963333335,72,,46,0
44,125.454512,1.36363600000001,67,,46,0
52,125.454512,0.526988495833336,69,,46,0
54,125.9658755,0.161931774999999,64,,46,0
56,126.13633,0.315340825000007,65,,46,0
54,126.477239,0.154829504166671,64,,46,0
52,126.6476935,0.163352229166662,64,,46,0
-1,126.818148,1.35363599999997,-1,5,46,0
32,126.818148,1.34943145833331,70,,46,0
39,126.818148,1.34943145833331,70,,46,0
44,126.818148,0.0113636333333318,65,,46,0
51,126.818148,0.319602187499996,67,,46,0
59,127.159057,0.336647637499993,64,,46,0
59,127.499966,0.33522718333333,65,,46,0
59,127.840875,0.316761279166656,64,,46,0
-4,128.181784,2.72727200000006,-1,0,47,0
-1,128.181784,0.671817999999993,-1,5,47,0
37,128.181784,0.681817999999993,61,,47,0
40,128.181784,0.698863450000005,61,,47,0
44,128.181784,0.698863450000005,75,,47,0
58,128.181784,0.698863450000005,69,,47,0
-1,128.863602,0.671818000000021,-1,5,47,0
30,128.863602,0.674715729166678,57,,47,0
37,128.863602,0.0170454500000119,57,,47,0
42,128.863602,0.674715729166678,71,,47,0
56,128.863602,0.315340825000021,65,,47,0
58,129.204511,0.31960218750001,64,,47,0
-1,129.54542,1.35363600000004,-1,5,47,0
35,129.54542,0.31960218750001,67,,47,0
59,129.54542,0.676136183333341,67,,47,0
42,129.886329,0.316761279166656,64,,47,0
47,130.227238,0.673295275000015,65,,47,0
61,130.227238,0.237215845833333,65,,47,0
63,130.48291975,0.0781249791666596,64,,47,0
61,130.568147,0.232954483333344,64,,47,0
59,130.82382875,0.0838067958333397,64,,47,0
-4,130.909056,2.72727200000006,-1,0,48,0
-1,130.909056,1.35363600000001,-1,5,48,0
28,130.909056,0.340908999999982,60,,48,0
40,130.909056,0.340908999999982,75,,48,0
56,130.909056,0.184659041666663,69,,48,0
59,131.0795105,0.504261229166644,64,,48,0
40,131.249965,0.0198863583333377,64,,48,0
47,131.590874,0.315340824999993,57,,48,0
52,131.590874,0.33522718333333,71,,48,0
63,131.590874,0.161931774999999,65,,48,0
66,131.7613285,0.50284077500001,64,,48,0
40,131.931783,0.31960218750001,64,,48,0
-1,132.272692,1.35363600000004,-1,5,48,0
35,132.272692,0.339488545833348,67,,48,0
61,132.272692,0.164772683333325,67,,48,0
59,132.4431465,0.499999866666656,64,,48,0
35,132.613601,0.316761279166656,64,,48,0
42,132.95451,0.315340825000021,57,,48,0
47,132.95451,0.335227183333359,71,,48,0
61,132.95451,0.237215845833333,65,,48,0
63,133.21019175,0.078124979166688,64,,48,0
35,133.295419,0.316761279166684,64,,48,0
61,133.295419,0.232954483333344,64,,48,0
59,133.55110075,0.0838067958333397,64,,48,0
-4,133.636328,2.72727200000006,-1,0,49,0
-1,133.636328,1.35363600000001,-1,5,49,0
30,133.636328,0.340908999999982,61,,49,0
42,133.636328,0.340908999999982,75,,49,0
56,133.636328,0.184659041666663,69,,49,0
59,133.8067825,0.504261229166644,64,,49,0
42,133.977237,0.0198863583333377,64,,49,0
49,134.318146,0.315340824999993,57,,49,0
54,134.318146,0.33522718333333,71,,49,0
63,134.318146,0.161931774999999,65,,49,0
66,134.4886005,0.50284077500001,64,,49,0
42,134.659055,0.31960218750001,64,,49,0
-1,134.999964,1.35363600000004,-1,5,49,0
32,134.999964,0.31960218750001,59,,49,0
44,134.999964,0.339488545833348,73,,49,0
61,134.999964,0.164772683333325,67,,49,0
59,135.1704185,0.499999866666656,64,,49,0
44,135.340873,0.316761279166656,64,,49,0
51,135.681782,0.315340825000021,57,,49,0
56,135.681782,0.335227183333359,71,,49,0
61,135.681782,0.237215845833333,65,,49,0
63,135.93746375,0.078124979166688,64,,49,0
44,136.022691,0.316761279166684,64,,49,0
61,136.022691,0.232954483333344,64,,49,0
59,136.27837275,0.0838067958333397,64,,49,0
-4,136.3636,2.727272,-1,0,50,0
-1,136.3636,1.35363600000001,-1,5,50,0
28,136.3636,0.340908999999982,60,,50,0
40,136.3636,0.340908999999982,75,,50,0
56,136.3636,0.184659041666663,69,,50,0
59,136.5340545,0.504261229166644,64,,50,0
40,136.704509,0.0198863583333377,64,,50,0
47,137.045418,0.315340824999993,57,,50,0
52,137.045418,0.33522718333333,71,,50,0
63,137.045418,0.161931774999999,65,,50,0
66,137.2158725,0.50284077500001,64,,50,0
40,137.386327,0.31960218750001,64,,50,0
-1,137.727236,1.35363599999999,-1,5,50,0
35,137.727236,0.339488545833348,67,,50,0
68,137.727236,0.164772683333325,67,,50,0
66,137.8976905,0.499999866666656,64,,50,0
35,138.068145,0.316761279166656,64,,50,0
42,138.409054,0.315340824999993,57,,50,0
47,138.409054,0.33522718333333,71,,50,0
66,138.409054,0.160511320833336,65,,50,0
71,138.5795085,0.502840774999981,64,,50,0
35,138.749963,0.316761279166656,64,,50,0
-4,139.090872,2.72727200000006,-1,0,51,0
-1,139.090872,1.35363600000001,-1,5,51,0
30,139.090872,0.340908999999982,61,,51,0
42,139.090872,0.340908999999982,75,,51,0
70,139.090872,0.184659041666663,69,,51,0
66,139.2613265,0.504261229166644,64,,51,0
42,139.431781,0.0198863583333377,64,,51,0
49,139.77269,0.315340824999993,57,,51,0
54,139.77269,0.33522718333333,71,,51,0
63,139.77269,0.161931774999999,65,,51,0
66,139.9431445,0.309659008333341,64,,51,0
42,140.113599,0.31960218750001,64,,51,0
61,140.2840535,0.170454500000005,64,,51,0
-1,140.454508,1.35363600000004,-1,5,51,0
27,140.454508,0.319602187499981,58,,51,0
39,140.454508,0.339488545833319,73,,51,0
61,140.454508,0.00284090833332584,67,,51,0
39,140.795417,0.316761279166656,64,,51,0
46,141.136326,0.315340825000021,57,,51,0
51,141.136326,0.335227183333359,71,,51,0
61,141.136326,0.237215845833333,65,,51,0
63,141.39200775,0.078124979166688,64,,51,0
39,141.477235,0.316761279166684,64,,51,0
61,141.477235,0.232954483333344,64,,51,0
59,141.73291675,0.0838067958333397,64,,51,0
-4,141.818144,2.72727200000003,-1,0,52,0
-1,141.818144,1.35363600000001,-1,5,52,0
28,141.818144,0.340908999999982,60,,52,0
40,141.818144,0.340908999999982,75,,52,0
56,141.818144,0.184659041666663,69,,52,0
59,141.9885985,0.504261229166644,64,,52,0
40,142.159053,0.0198863583333377,64,,52,0
47,142.499962,0.315340824999993,57,,52,0
52,142.499962,0.33522718333333,71,,52,0
63,142.499962,0.161931774999999,65,,52,0
66,142.6704165,0.50284077500001,64,,52,0
40,142.840871,0.31960218750001,64,,52,0
-1,143.18178,1.35363600000001,-1,5,52,0
35,143.18178,0.339488545833348,67,,52,0
61,143.18178,0.164772683333325,67,,52,0
59,143.3522345,0.499999866666656,64,,52,0
35,143.522689,0.316761279166656,64,,52,0
42,143.863598,0.315340824999993,57,,52,0
47,143.863598,0.33522718333333,71,,52,0
59,143.863598,0.252840841666654,65,,52,0
59,144.11927975,0.078124979166688,64,,52,0
35,144.204507,0.316761279166684,64,,52,0
61,144.204507,0.232954483333344,64,,52,0
63,144.46018875,0.0838067958333397,64,,52,0
-4,144.545416,2.72727200000003,-1,0,53,0
-1,144.545416,0.671817999999993,-1,5,53,0
34,144.545416,0.698863450000005,61,,53,0
46,144.545416,0.698863450000005,75,,53,0
64,144.545416,0.184659041666663,69,,53,0
63,144.7158705,0.504261229166644,64,,53,0
-1,145.227234,0.671818000000021,-1,5,53,0
27,145.227234,0.674715729166678,56,,53,0
39,145.227234,0.674715729166678,71,,53,0
61,145.227234,0.161931774999999,65,,53,0
58,145.3976885,0.50284077500001,64,,53,0
-1,145.909052,1.35363600000001,-1,5,53,0
32,145.909052,0.31960218750001,67,,53,0
59,145.909052,1.01136336666667,67,,53,0
39,146.249961,0.316761279166656,64,,53,0
44,146.59087,0.673295275000015,57,,53,0
47,146.59087,0.673295275000015,71,,53,0
59,146.931779,0.232954483333344,64,,53,0
58,147.18746075,0.0838067958333397,64,,53,0
-4,147.272688,2.72727200000003,-1,0,54,0
-1,147.272688,1.35363600000001,-1,5,54,0
25,147.272688,0.340909000000011,60,,54,0
37,147.272688,0.360795358333348,75,,54,0
56,147.272688,0.340909000000011,69,,54,0
32,147.613597,0.318181733333347,64,,54,0
58,147.613597,0.318181733333347,64,,54,0
37,147.954506,0.67471572916665,57,,54,0
40,147.954506,0.67471572916665,71,,54,0
59,147.954506,0.315340824999993,65,,54,0
61,148.295415,0.31960218750001,64,,54,0
-1,148.636324,1.35363600000001,-1,5,54,0
32,148.636324,0.31960218750001,59,,54,0
44,148.636324,0.339488545833348,73,,54,0
59,148.636324,0.31960218750001,67,,54,0
39,148.977233,0.316761279166656,64,,54,0
54,148.977233,0.316761279166656,64,,54,0
44,149.318142,0.673295275000015,57,,54,0
47,149.318142,0.673295275000015,71,,54,0
51,149.318142,0.160511320833336,65,,54,0
54,149.4885965,0.50284077500001,64,,54,0
-4,149.99996,2.72727200000003,-1,0,55,0
-1,149.99996,0.671817999999993,-1,5,55,0
28,149.99996,0.698863450000005,60,,55,0
40,149.99996,0.698863450000005,75,,55,0
56,149.99996,0.184659041666663,69,,55,0
61,150.1704145,0.504261229166644,64,,55,0
-1,150.681778,0.671818000000021,-1,5,55,0
30,150.681778,0.674715729166678,57,,55,0
42,150.681778,0.674715729166678,71,,55,0
58,150.681778,0.161931774999999,65,,55,0
59,150.8522325,0.50284077500001,64,,55,0
-1,151.363596,1.35363600000001,-1,5,55,0
29,151.363596,0.31960218750001,59,,55,0
41,151.363596,0.339488545833348,73,,55,0
59,151.363596,0.676136183333341,67,,55,0
47,151.704505,0.316761279166656,64,,55,0
53,152.045414,0.673295274999987,65,,55,0
59,152.386323,0.154829504166656,64,,55,0
58,152.5567775,0.161931774999999,64,,55,0
-4,152.727232,2.72727200000003,-1,0,56,0
-1,152.727232,1.35363600000001,-1,5,56,0
25,152.727232,0.340909000000011,60,,56,0
37,152.727232,0.360795358333348,75,,56,0
56,152.727232,0.340909000000011,69,,56,0
32,153.068141,0.318181733333347,64,,56,0
58,153.068141,0.318181733333347,64,,56,0
37,153.40905,0.67471572916665,57,,56,0
40,153.40905,0.67471572916665,71,,56,0
59,153.40905,0.315340824999993,65,,56,0
61,153.749959,0.31960218750001,64,,56,0
-1,154.090868,1.35363600000001,-1,5,56,0
32,154.090868,0.31960218750001,59,,56,0
44,154.090868,0.339488545833348,73,,56,0
59,154.090868,0.31960218750001,67,,56,0
39,154.431777,0.316761279166656,64,,56,0
54,154.431777,0.316761279166656,64,,56,0
44,154.772686,0.673295275000015,57,,56,0
47,154.772686,0.673295275000015,71,,56,0
59,154.772686,0.160511320833336,65,,56,0
61,154.9431405,0.50284077500001,64,,56,0
-4,155.454504,2.72727200000003,-1,0,57,0
-1,155.454504,0.671817999999993,-1,5,57,0
28,155.454504,0.698863450000005,60,,57,0
40,155.454504,0.698863450000005,75,,57,0
63,155.454504,0.184659041666663,69,,57,0
64,155.6249585,0.504261229166644,64,,57,0
-1,156.136322,0.671818000000021,-1,5,57,0
30,156.136322,0.674715729166678,57,,57,0
42,156.136322,0.674715729166678,71,,57,0
61,156.136322,0.161931774999999,65,,57,0
59,156.3067765,0.50284077500001,64,,57,0
-1,156.81814,1.35363600000001,-1,5,57,0
35,156.81814,0.31960218750001,67,,57,0
59,156.81814,0.676136183333341,67,,57,0
42,157.159049,0.316761279166656,64,,57,0
47,157.499958,0.673295274999987,65,,57,0
-4,158.181776,2.72727200000003,-1,0,58,0
-1,158.181776,0.671817999999993,-1,5,58,0
35,158.181776,0.681817999999993,69,,58,0
51,158.181776,0.681817999999993,61,,58,0
54,158.181776,0.681817999999993,61,,58,0
59,158.181776,0.681817999999993,71,,58,0
-1,158.863594,0.671818000000021,-1,5,58,0
35,158.863594,0.0170454500000119,65,,58,0
51,158.863594,0.0170454500000119,57,,58,0
54,158.863594,0.0170454500000119,57,,58,0
59,158.863594,0.0170454500000119,67,,58,0
-1,159.545412,0.671818000000021,-1,5,58,0
35,159.545412,0.676136183333341,67,,58,0
51,159.545412,0.676136183333341,59,,58,0
54,159.545412,0.676136183333341,59,,58,0
59,159.545412,0.676136183333341,73,,58,0
-1,160.22723,0.671817999999993,-1,5,58,0
27,160.22723,0.673295274999987,56,,58,0
39,160.22723,0.673295274999987,71,,58,0
49,160.22723,0.315340824999993,57,,58,0
51,160.22723,0.315340824999993,57,,58,0
55,160.22723,0.315340824999993,57,,58,0
58,160.22723,0.33522718333333,71,,58,0
-4,160.909048,2.72727200000006,-1,0,59,0
-1,160.909048,1.35363600000004,-1,5,59,0
29,160.909048,0.340909000000011,69,,59,0
56,160.909048,0.698863450000033,69,,59,0
36,161.249957,0.318181733333347,64,,59,0
41,161.590866,0.674715729166678,65,,59,0
63,161.590866,0.674715729166678,65,,59,0
-1,162.272684,1.35363600000001,-1,5,59,0
25,162.272684,0.31960218750001,66,,59,0
65,162.272684,0.676136183333341,67,,59,0
32,162.613593,0.316761279166656,64,,59,0
37,162.954502,0.673295274999987,65,,59,0
63,162.954502,0.673295274999987,65,,59,0
-4,163.63632,2.72727200000006,-1,0,60,0
-1,163.63632,1.35363600000004,-1,5,60,0
27,163.63632,0.340909000000011,68,,60,0
58,163.63632,0.698863450000033,69,,60,0
34,163.977229,0.318181733333347,64,,60,0
39,164.318138,0.674715729166678,65,,60,0
61,164.318138,0.674715729166678,65,,60,0
-1,164.999956000001,1.35363600000001,-1,5,60,0
32,164.999956000001,0.31960218750001,67,,60,0
60,164.999956000001,1.34943145833333,67,,60,0
39,165.340865000001,0.316761279166656,64,,60,0
44,165.681774000001,0.673295275000015,65,,60,0
-4,166.363592000001,2.72727200000006,-1,0,61,0
-1,166.363592000001,1.35363600000004,-1,5,61,0
25,166.363592000001,0.340909000000011,68,,61,0
56,166.363592000001,0.698863450000033,69,,61,0
32,166.704501000001,0.318181733333347,64,,61,0
37,167.045410000001,0.674715729166678,65,,61,0
60,167.045410000001,0.674715729166678,65,,61,0
-1,167.727228000001,1.35363600000001,-1,5,61,0
32,167.727228000001,0.31960218750001,67,,61,0
61,167.727228000001,0.676136183333341,67,,61,0
39,168.068137000001,0.316761279166656,64,,61,0
44,168.409046000001,0.673295274999987,65,,61,0
60,168.409046000001,0.673295274999987,65,,61,0
-4,169.090864000001,2.72727200000006,-1,0,62,0
-1,169.090864000001,1.35363600000004,-1,5,62,0
27,169.090864000001,0.340909000000011,68,,62,0
58,169.090864000001,0.698863450000033,69,,62,0
34,169.431773000001,0.318181733333347,64,,62,0
39,169.772682000001,0.674715729166678,65,,62,0
55,169.772682000001,0.674715729166678,65,,62,0
-1,170.454500000001,1.35363600000001,-1,5,62,0
32,170.454500000001,0.31960218750001,67,,62,0
56,170.454500000001,1.34943145833333,67,,62,0
39,170.795409000001,0.316761279166656,64,,62,0
44,171.136318000001,0.673295275000015,65,,62,0
-4,171.818136000001,2.72727200000006,-1,0,63,0
-1,171.818136000001,1.35363600000004,-1,5,63,0
29,171.818136000001,0.340909000000011,69,,63,0
56,171.818136000001,0.698863450000033,69,,63,0
36,172.159045000001,0.318181733333347,64,,63,0
41,172.499954000001,0.674715729166678,65,,63,0
63,172.499954000001,0.674715729166678,65,,63,0
-1,173.181772000001,1.35363600000001,-1,5,63,0
25,173.181772000001,0.31960218750001,66,,63,0
65,173.181772000001,0.676136183333341,67,,63,0
32,173.522681000001,0.316761279166656,64,,63,0
37,173.863590000001,0.673295274999987,65,,63,0
63,173.863590000001,0.673295274999987,65,,63,0
-4,174.545408000001,2.72727200000006,-1,0,64,0
-1,174.545408000001,1.35363600000004,-1,5,64,0
27,174.545408000001,0.340909000000011,68,,64,0
58,174.545408000001,0.698863450000033,69,,64,0
34,174.886317000001,0.318181733333347,64,,64,0
39,175.227226000001,0.674715729166678,65,,64,0
61,175.227226000001,0.315340825000021,65,,64,0
60,175.568135000001,0.339488545833348,64,,64,0
-1,175.909044000001,1.35363600000001,-1,5,64,0
32,175.909044000001,0.31960218750001,67,,64,0
60,175.909044000001,1.34943145833333,67,,64,0
39,176.249953000001,0.316761279166656,64,,64,0
44,176.590862000001,0.673295275000015,65,,64,0
-4,177.272680000001,2.72727200000006,-1,0,65,0
-1,177.272680000001,1.35363600000004,-1,5,65,0
25,177.272680000001,0.340909000000011,68,,65,0
56,177.272680000001,0.698863450000033,69,,65,0
32,177.613589000001,0.318181733333347,64,,65,0
37,177.954498000001,0.674715729166678,65,,65,0
60,177.954498000001,0.674715729166678,65,,65,0
-1,178.636316000001,1.35363600000001,-1,5,65,0
32,178.636316000001,0.31960218750001,67,,65,0
61,178.636316000001,0.676136183333341,67,,65,0
39,178.977225000001,0.316761279166656,64,,65,0
44,179.318134000001,0.673295274999987,65,,65,0
60,179.318134000001,0.673295274999987,65,,65,0
-4,179.999952000001,2.727272,-1,0,66,0
-1,179.999952000001,1.35363600000004,-1,5,66,0
27,179.999952000001,0.340909000000011,68,,66,0
58,179.999952000001,0.698863450000033,69,,66,0
34,180.340861000001,0.318181733333347,64,,66,0
39,180.681770000001,0.674715729166678,65,,66,0
55,180.681770000001,0.674715729166678,65,,66,0
-1,181.363588000001,1.35363599999996,-1,5,66,0
32,181.363588000001,0.31960218750001,67,,66,0
56,181.363588000001,0.836647504166649,67,,66,0
39,181.704497000001,0.316761279166656,64,,66,0
44,182.045406000001,0.673295274999958,65,,66,0
53,182.215860500001,0.164772683333325,64,,66,0
53,182.386315000001,0.154829504166656,64,,66,0
55,182.556769500001,0.161931774999999,64,,66,0
-4,182.727224000001,2.72727200000006,-1,0,67,0
-1,182.727224000001,1.35363600000004,-1,5,67,0
29,182.727224000001,0.340909000000011,69,,67,0
56,182.727224000001,0.698863450000033,69,,67,0
36,183.068133000001,0.318181733333347,64,,67,0
41,183.409042000001,0.674715729166678,65,,67,0
63,183.409042000001,0.674715729166678,65,,67,0
-1,184.090860000001,1.35363600000001,-1,5,67,0
25,184.090860000001,0.31960218750001,66,,67,0
65,184.090860000001,0.676136183333341,67,,67,0
32,184.431769000001,0.316761279166656,64,,67,0
37,184.772678000001,0.673295274999987,65,,67,0
63,184.772678000001,0.673295274999987,65,,67,0
-4,185.454496000001,2.72727200000006,-1,0,68,0
-1,185.454496000001,1.35363600000004,-1,5,68,0
27,185.454496000001,0.340909000000011,68,,68,0
58,185.454496000001,0.698863450000033,69,,68,0
34,185.795405000001,0.318181733333347,64,,68,0
39,186.136314000001,0.674715729166678,65,,68,0
61,186.136314000001,0.674715729166678,65,,68,0
-1,186.818132000001,1.35363600000001,-1,5,68,0
32,186.818132000001,0.31960218750001,67,,68,0
60,186.818132000001,1.34943145833333,67,,68,0
39,187.159041000001,0.316761279166656,64,,68,0
44,187.499950000001,0.673295275000015,65,,68,0
-4,188.181768000001,2.72727200000006,-1,0,69,0
-1,188.181768000001,1.35363600000004,-1,5,69,0
25,188.181768000001,0.340909000000011,68,,69,0
56,188.181768000001,0.698863450000033,69,,69,0
32,188.522677000001,0.318181733333347,64,,69,0
37,188.863586000001,0.674715729166678,65,,69,0
60,188.863586000001,0.674715729166678,65,,69,0
-1,189.545404000001,1.35363600000001,-1,5,69,0
32,189.545404000001,0.31960218750001,67,,69,0
61,189.545404000001,0.676136183333341,67,,69,0
39,189.886313000001,0.316761279166656,64,,69,0
44,190.227222000001,0.673295274999987,65,,69,0
60,190.227222000001,0.673295274999987,65,,69,0
-4,190.909040000001,2.72727200000003,-1,0,70,0
-1,190.909040000001,1.35363600000004,-1,5,70,0
27,190.909040000001,0.340909000000011,68,,70,0
58,190.909040000001,0.698863450000033,69,,70,0
34,191.249949000001,0.318181733333347,64,,70,0
39,191.590858000001,0.674715729166678,65,,70,0
55,191.590858000001,0.674715729166678,65,,70,0
-1,192.272676000001,1.35363599999999,-1,5,70,0
32,192.272676000001,0.31960218750001,67,,70,0
56,192.272676000001,0.991477008333334,67,,70,0
39,192.613585000001,0.316761279166656,64,,70,0
44,192.954494000001,0.673295274999987,65,,70,0
53,193.295403000001,0.154829504166656,64,,70,0
55,193.465857500001,0.161931774999999,64,,70,0
-4,193.636312000001,2.72727200000006,-1,0,71,0
-1,193.636312000001,1.35363600000004,-1,5,71,0
29,193.636312000001,0.340909000000011,69,,71,0
56,193.636312000001,0.698863450000033,69,,71,0
36,193.977221000001,0.318181733333347,64,,71,0
41,194.318130000001,0.674715729166678,65,,71,0
63,194.318130000001,0.674715729166678,65,,71,0
-1,194.999948000001,1.35363600000001,-1,5,71,0
25,194.999948000001,0.31960218750001,66,,71,0
65,194.999948000001,0.676136183333341,67,,71,0
32,195.340857000001,0.316761279166656,64,,71,0
37,195.681766000001,0.673295274999987,65,,71,0
63,195.681766000001,0.673295274999987,65,,71,0
-4,196.363584000001,2.72727200000006,-1,0,72,0
-1,196.363584000001,1.35363600000004,-1,5,72,0
27,196.363584000001,0.340909000000011,68,,72,0
67,196.363584000001,0.681818000000021,69,,72,0
34,196.704493000001,0.318181733333347,64,,72,0
39,197.045402000001,0.674715729166678,65,,72,0
67,197.045402000001,0.0170454500000119,65,,72,0
68,197.386311000001,0.339488545833348,64,,72,0
-1,197.727220000001,1.35363600000001,-1,5,72,0
32,197.727220000001,0.31960218750001,67,,72,0
68,197.727220000001,1.34943145833333,67,,72,0
39,198.068129000001,0.316761279166656,64,,72,0
44,198.409038000001,0.673295275000015,65,,72,0
-4,199.090856000001,2.72727200000006,-1,0,73,0
-1,199.090856000001,1.35363600000004,-1,5,73,0
25,199.090856000001,0.340909000000011,68,,73,0
68,199.090856000001,0.698863450000033,69,,73,0
32,199.431765000001,0.318181733333347,64,,73,0
37,199.772674000001,0.674715729166678,65,,73,0
63,199.772674000001,0.674715729166678,65,,73,0
-1,200.454492000001,1.35363600000001,-1,5,73,0
32,200.454492000001,0.31960218750001,67,,73,0
61,200.454492000001,0.676136183333341,67,,73,0
39,200.795401000001,0.316761279166656,64,,73,0
44,201.136310000001,0.673295274999987,65,,73,0
60,201.136310000001,0.673295274999987,65,,73,0
-4,201.818128000001,2.727272,-1,0,74,0
-1,201.818128000001,2.717272,-1,5,74,0
30,201.818128000001,2.72443109166667,56,,74,0
37,201.818128000001,2.72443109166667,56,,74,0
42,201.818128000001,2.72443109166667,70,,74,0
58,201.818128000001,0.698863450000005,69,,74,0
59,202.499946000001,0.674715729166678,65,,74,0
58,203.181764000001,0.31960218750001,67,,74,0
56,203.522673000001,0.336647637499993,64,,74,0
56,203.863582000001,0.673295274999987,65,,74,0
-4,204.545400000001,2.727272,-1,0,75,0
-1,204.545400000001,2.717272,-1,5,75,0
25,204.545400000001,1.37499963333335,68,,75,0
41,204.545400000001,0.340909000000011,69,,75,0
39,204.886309000001,0.318181733333347,64,,75,0
41,205.227218000001,0.315340824999993,65,,75,0
43,205.568127000001,0.31960218750001,64,,75,0
44,205.909036000001,0.31960218750001,67,,75,0
36,206.249945000001,0.316761279166656,63,,75,0
55,206.249945000001,0.316761279166656,56,,75,0
63,206.249945000001,0.336647637499993,70,,75,0
37,206.590854000001,0.315340824999993,65,,75,0
56,206.590854000001,0.315340824999993,57,,75,0
64,206.590854000001,0.33522718333333,71,,75,0
39,206.931763000001,0.316761279166656,64,,75,0
58,206.931763000001,0.316761279166656,56,,75,0
66,206.931763000001,0.338068091666656,70,,75,0
-4,207.272672000001,2.72727200000003,-1,0,76,0
-1,207.272672000001,2.71727200000003,-1,5,76,0
52,207.272672000001,0.860795225000004,61,,76,0
56,207.272672000001,0.870738404166673,71,,76,0
68,207.272672000001,1.37499963333335,69,,76,0
58,208.124944500001,0.153409050000022,64,,76,0
59,208.295399000001,0.154829504166656,64,,76,0
61,208.465853500001,0.163352229166662,64,,76,0
64,208.636308000001,1.34943145833336,67,,76,0
61,209.318126000001,0.237215845833333,65,,76,0
63,209.573807750001,0.0781249791666596,64,,76,0
61,209.659035000001,0.232954483333344,64,,76,0
59,209.914716750001,0.0838067958333397,64,,76,0
-4,209.999944000001,2.72727200000003,-1,0,77,0
-1,209.999944000001,1.35363599999999,-1,5,77,0
56,209.999944000001,0.184659041666634,69,,77,0
59,210.170398500001,0.504261229166644,64,,77,0
28,210.681762000001,0.33522718333333,56,,77,0
40,210.681762000001,0.33522718333333,71,,77,0
63,210.681762000001,0.161931774999999,65,,77,0
66,210.852216500001,0.50284077500001,64,,77,0
28,211.022671000001,0.31960218750001,63,,77,0
-1,211.363580000001,1.35363600000004,-1,5,77,0
35,211.363580000001,0.339488545833348,67,,77,0
61,211.363580000001,0.164772683333325,67,,77,0
59,211.534034500001,0.499999866666656,64,,77,0
35,211.704489000001,0.316761279166656,64,,77,0
42,212.045398000001,0.315340825000021,57,,77,0
47,212.045398000001,0.335227183333359,71,,77,0
61,212.045398000001,0.237215845833333,65,,77,0
63,212.301079750001,0.078124979166688,64,,77,0
35,212.386307000001,0.316761279166684,64,,77,0
61,212.386307000001,0.232954483333344,64,,77,0
59,212.641988750001,0.0838067958333397,64,,77,0
-4,212.727216000001,2.72727200000006,-1,0,78,0
-1,212.727216000001,1.35363600000001,-1,5,78,0
30,212.727216000001,0.340908999999982,61,,78,0
42,212.727216000001,0.340908999999982,75,,78,0
56,212.727216000001,0.184659041666663,69,,78,0
59,212.897670500001,0.504261229166644,64,,78,0
42,213.068125000001,0.0198863583333377,64,,78,0
49,213.409034000001,0.315340824999993,57,,78,0
54,213.409034000001,0.33522718333333,71,,78,0
63,213.409034000001,0.161931774999999,65,,78,0
66,213.579488500001,0.50284077500001,64,,78,0
42,213.749943000001,0.31960218750001,64,,78,0
-1,214.090852000001,1.35363600000004,-1,5,78,0
32,214.090852000001,0.31960218750001,59,,78,0
44,214.090852000001,0.339488545833348,73,,78,0
61,214.090852000001,0.164772683333325,67,,78,0
59,214.261306500001,0.499999866666656,64,,78,0
44,214.431761000001,0.316761279166656,64,,78,0
51,214.772670000001,0.315340825000021,57,,78,0
56,214.772670000001,0.335227183333359,71,,78,0
61,214.772670000001,0.237215845833333,65,,78,0
63,215.028351750001,0.078124979166688,64,,78,0
44,215.113579000001,0.316761279166684,64,,78,0
61,215.113579000001,0.232954483333344,64,,78,0
59,215.369260750001,0.0838067958333397,64,,78,0
-4,215.454488000001,2.727272,-1,0,79,0
-1,215.454488000001,1.35363600000001,-1,5,79,0
28,215.454488000001,0.340908999999982,60,,79,0
40,215.454488000001,0.340908999999982,75,,79,0
56,215.454488000001,0.184659041666663,69,,79,0
59,215.624942500001,0.504261229166644,64,,79,0
40,215.795397000001,0.0198863583333377,64,,79,0
47,216.136306000001,0.315340824999993,57,,79,0
52,216.136306000001,0.33522718333333,71,,79,0
63,216.136306000001,0.161931774999999,65,,79,0
66,216.306760500001,0.50284077500001,64,,79,0
40,216.477215000001,0.31960218750001,64,,79,0
-1,216.818124000001,1.35363599999999,-1,5,79,0
35,216.818124000001,0.339488545833348,67,,79,0
68,216.818124000001,0.164772683333325,67,,79,0
66,216.988578500001,0.499999866666656,64,,79,0
35,217.159033000001,0.316761279166656,64,,79,0
42,217.499942000001,0.315340824999993,57,,79,0
47,217.499942000001,0.33522718333333,71,,79,0
66,217.499942000001,0.160511320833336,65,,79,0
71,217.670396500001,0.502840774999981,64,,79,0
35,217.840851000001,0.316761279166656,64,,79,0
-4,218.181760000001,2.72727200000006,-1,0,80,0
-1,218.181760000001,1.35363600000001,-1,5,80,0
30,218.181760000001,0.340908999999982,61,,80,0
42,218.181760000001,0.340908999999982,75,,80,0
70,218.181760000001,0.184659041666663,69,,80,0
66,218.352214500001,0.504261229166644,64,,80,0
42,218.522669000001,0.0198863583333377,64,,80,0
49,218.863578000001,0.315340824999993,57,,80,0
54,218.863578000001,0.33522718333333,71,,80,0
63,218.863578000001,0.161931774999999,65,,80,0
66,219.034032500001,0.309659008333341,64,,80,0
42,219.204487000001,0.31960218750001,64,,80,0
61,219.374941500001,0.170454500000005,64,,80,0
-1,219.545396000001,1.35363600000004,-1,5,80,0
27,219.545396000001,0.319602187499981,58,,80,0
39,219.545396000001,0.339488545833319,73,,80,0
61,219.545396000001,0.00284090833332584,67,,80,0
39,219.886305000001,0.316761279166656,64,,80,0
46,220.227214000001,0.315340825000021,57,,80,0
51,220.227214000001,0.335227183333359,71,,80,0
61,220.227214000001,0.237215845833333,65,,80,0
63,220.482895750001,0.078124979166688,64,,80,0
39,220.568123000001,0.316761279166684,64,,80,0
61,220.568123000001,0.232954483333344,64,,80,0
59,220.823804750001,0.0838067958333397,64,,80,0
-4,220.909032000001,2.72727200000003,-1,0,81,0
-1,220.909032000001,1.35363600000001,-1,5,81,0
28,220.909032000001,0.340908999999982,60,,81,0
40,220.909032000001,0.340908999999982,75,,81,0
56,220.909032000001,0.184659041666663,69,,81,0
59,221.079486500001,0.504261229166644,64,,81,0
40,221.249941000001,0.0198863583333377,64,,81,0
47,221.590850000001,0.315340824999993,57,,81,0
52,221.590850000001,0.33522718333333,71,,81,0
63,221.590850000001,0.161931774999999,65,,81,0
66,221.761304500001,0.50284077500001,64,,81,0
40,221.931759000001,0.31960218750001,64,,81,0
-1,222.272668000001,1.35363600000001,-1,5,81,0
35,222.272668000001,0.339488545833348,67,,81,0
61,222.272668000001,0.164772683333325,67,,81,0
59,222.443122500001,0.499999866666656,64,,81,0
35,222.613577000001,0.316761279166656,64,,81,0
42,222.954486000001,0.315340824999993,57,,81,0
47,222.954486000001,0.33522718333333,71,,81,0
59,222.954486000001,0.252840841666654,65,,81,0
59,223.210167750001,0.078124979166688,64,,81,0
35,223.295395000001,0.316761279166684,64,,81,0
61,223.295395000001,0.232954483333344,64,,81,0
63,223.551076750001,0.0838067958333397,64,,81,0
-4,223.636304000001,2.72727200000003,-1,0,82,0
-1,223.636304000001,0.671817999999993,-1,5,82,0
34,223.636304000001,0.698863450000005,61,,82,0
46,223.636304000001,0.698863450000005,75,,82,0
68,223.636304000001,0.184659041666663,69,,82,0
63,223.806758500001,0.504261229166644,64,,82,0
-1,224.318122000001,0.671818000000021,-1,5,82,0
27,224.318122000001,0.674715729166678,56,,82,0
39,224.318122000001,0.674715729166678,71,,82,0
61,224.318122000001,0.161931774999999,65,,82,0
58,224.488576500001,0.50284077500001,64,,82,0
-1,224.999940000001,1.35363600000001,-1,5,82,0
32,224.999940000001,0.31960218750001,67,,82,0
59,224.999940000001,1.01136336666667,67,,82,0
39,225.340849000001,0.316761279166656,64,,82,0
44,225.681758000001,0.673295275000015,57,,82,0
47,225.681758000001,0.673295275000015,71,,82,0
59,226.022667000001,0.232954483333344,64,,82,0
58,226.278348750001,0.0838067958333397,64,,82,0
-4,226.363576000001,2.72727200000003,-1,0,83,0
-1,226.363576000001,1.35363600000001,-1,5,83,0
25,226.363576000001,0.340909000000011,60,,83,0
37,226.363576000001,0.360795358333348,75,,83,0
56,226.363576000001,0.340909000000011,69,,83,0
32,226.704485000001,0.318181733333347,64,,83,0
58,226.704485000001,0.318181733333347,64,,83,0
37,227.045394000001,0.67471572916665,57,,83,0
40,227.045394000001,0.67471572916665,71,,83,0
59,227.045394000001,0.315340824999993,65,,83,0
61,227.386303000001,0.31960218750001,64,,83,0
-1,227.727212000001,1.35363600000001,-1,5,83,0
32,227.727212000001,0.31960218750001,59,,83,0
44,227.727212000001,0.339488545833348,73,,83,0
59,227.727212000001,0.31960218750001,67,,83,0
39,228.068121000001,0.316761279166656,64,,83,0
54,228.068121000001,0.316761279166656,64,,83,0
44,228.409030000001,0.673295275000015,57,,83,0
47,228.409030000001,0.673295275000015,71,,83,0
51,228.409030000001,0.160511320833336,65,,83,0
54,228.579484500001,0.50284077500001,64,,83,0
-4,229.090848000001,2.72727200000006,-1,0,84,0
-1,229.090848000001,0.671818000000021,-1,5,84,0
28,229.090848000001,0.698863450000033,60,,84,0
40,229.090848000001,0.698863450000033,75,,84,0
56,229.090848000001,0.340909000000011,69,,84,0
61,229.431757000001,0.318181733333347,64,,84,0
-1,229.772666000001,0.671818000000021,-1,5,84,0
30,229.772666000001,0.674715729166678,57,,84,0
42,229.772666000001,0.674715729166678,71,,84,0
58,229.772666000001,0.161931774999999,65,,84,0
59,229.943120500001,0.50284077500001,64,,84,0
-1,230.454484000001,1.35363600000001,-1,5,84,0
29,230.454484000001,0.31960218750001,59,,84,0
41,230.454484000001,0.339488545833348,73,,84,0
59,230.454484000001,0.676136183333341,67,,84,0
47,230.795393000001,0.316761279166656,64,,84,0
53,231.136302000001,0.673295274999987,65,,84,0
59,231.477211000001,0.154829504166656,64,,84,0
58,231.647665500001,0.161931774999999,64,,84,0
-4,231.818120000001,2.72727200000003,-1,0,85,0
-1,231.818120000001,1.35363600000001,-1,5,85,0
25,231.818120000001,0.340909000000011,60,,85,0
37,231.818120000001,0.360795358333348,75,,85,0
56,231.818120000001,0.340909000000011,69,,85,0
32,232.159029000001,0.318181733333347,64,,85,0
58,232.159029000001,0.318181733333347,64,,85,0
37,232.499938000001,0.67471572916665,57,,85,0
40,232.499938000001,0.67471572916665,71,,85,0
59,232.499938000001,0.315340824999993,65,,85,0
61,232.840847000001,0.31960218750001,64,,85,0
-1,233.181756000001,1.35363600000001,-1,5,85,0
32,233.181756000001,0.31960218750001,59,,85,0
44,233.181756000001,0.339488545833348,73,,85,0
59,233.181756000001,0.31960218750001,67,,85,0
39,233.522665000001,0.316761279166656,64,,85,0
54,233.522665000001,0.316761279166656,64,,85,0
44,233.863574000001,0.673295275000015,57,,85,0
47,233.863574000001,0.673295275000015,71,,85,0
52,233.863574000001,0.160511320833336,65,,85,0
51,234.034028500001,0.50284077500001,64,,85,0
-4,234.545392000001,2.727272,-1,0,86,0
-1,234.545392000001,0.671817999999993,-1,5,86,0
28,234.545392000001,0.698863450000005,60,,86,0
40,234.545392000001,0.698863450000005,75,,86,0
52,234.545392000001,0.184659041666663,69,,86,0
59,234.715846500002,0.504261229166644,64,,86,0
-1,235.227210000001,0.671818000000021,-1,5,86,0
30,235.227210000001,0.674715729166678,57,,86,0
42,235.227210000001,0.674715729166678,71,,86,0
59,235.227210000001,0.161931774999999,65,,86,0
66,235.397664500001,0.50284077500001,64,,86,0
-1,235.909028000002,1.35363599999999,-1,5,86,0
35,235.909028000002,0.31960218750001,67,,86,0
63,235.909028000002,1.01136336666667,67,,86,0
42,236.249937000002,0.316761279166656,64,,86,0
47,236.590846000002,0.673295274999987,65,,86,0
63,236.931755000002,0.154829504166656,64,,86,0
61,237.102209500001,0.161931774999999,64,,86,0
-4,237.272664000001,2.72727200000003,-1,0,87,0
-1,237.272664000001,1.35363600000001,-1,5,87,0
25,237.272664000001,0.340909000000011,60,,87,0
37,237.272664000001,0.360795358333348,75,,87,0
59,237.272664000001,0.340909000000011,69,,87,0
32,237.613573000002,0.318181733333347,64,,87,0
61,237.613573000002,0.318181733333347,64,,87,0
37,237.954482000002,0.67471572916665,57,,87,0
40,237.954482000002,0.67471572916665,71,,87,0
63,237.954482000002,0.315340824999993,65,,87,0
64,238.295391000002,0.31960218750001,64,,87,0
-1,238.636300000002,1.35363600000001,-1,5,87,0
32,238.636300000002,0.31960218750001,59,,87,0
44,238.636300000002,0.339488545833348,73,,87,0
63,238.636300000002,0.31960218750001,67,,87,0
39,238.977209000002,0.316761279166656,64,,87,0
59,238.977209000002,0.316761279166656,64,,87,0
44,239.318118000002,0.673295275000015,57,,87,0
47,239.318118000002,0.673295275000015,71,,87,0
54,239.318118000002,0.160511320833336,65,,87,0
59,239.488572500002,0.50284077500001,64,,87,0
-4,239.999936000002,-238.999936,-1,0,88,0
-1,239.999936000002,0.671817999999993,-1,5,88,0
28,239.999936000002,0.698863450000005,60,,88,0
40,239.999936000002,0.698863450000005,75,,88,0
61,239.999936000002,0.184659041666663,69,,88,0
63,240.170390500002,0.504261229166644,64,,88,0
-1,240.681754000002,0.671818000000021,-1,5,88,0
30,240.681754000002,0.674715729166678,57,,88,0
42,240.681754000002,0.674715729166678,71,,88,0
61,240.681754000002,0.161931774999999,65,,88,0
59,240.852208500002,0.50284077500001,64,,88,0
-1,241.363572000002,-240.363572,-1,5,88,0
28,241.363572000002,4.07670345833336,58,,88,0
40,241.363572000002,4.07670345833336,73,,88,0
47,241.363572000002,0.164772683333325,67,,88,0
59,241.363572000002,1.34943145833333,67,,88,0
49,241.534026500002,0.499999866666656,64,,88,0
47,242.045390000002,0.160511320833336,65,,88,0
49,242.215844500002,0.50284077500001,64,,88,0
47,242.727208000002,0.184659041666663,69,,88,0
49,242.897662500002,0.504261229166644,64,,88,0
47,243.409026000002,0.161931774999999,65,,88,0
49,243.579480500002,0.50284077500001,64,,88,0
59,244.090844000002,0.164772683333325,56,,88,0
61,244.261298500002,0.499999866666656,45,,88,0
66,244.261298500002,0.499999866666656,53,,88,0
59,244.772662000002,0.160511320833336,54,,88,0
61,244.943116500002,0.50284077500001,45,,88,0
66,244.943116500002,0.50284077500001,53,,88,0
59,245.454480000002,0.184659041666663,58,,88,0
61,245.624934500002,0.504261229166644,45,,88,0
66,245.624934500002,0.504261229166644,53,,88,0
59,246.136298000002,0.161931774999999,54,,88,0
61,246.306752500002,0.50284077500001,45,,88,0
66,246.306752500002,0.50284077500001,53,,88,0
